episode,step,agent_0,agent_1,agent_2,agent_3
0,0,0.4743063151836395,0.5007942318916321,0.47219783067703247,0.5351021885871887
0,1,0.4762004017829895,0.503235399723053,0.47018224000930786,0.5347108244895935
0,2,0.4777497947216034,0.4974055886268616,0.4686868190765381,0.5348864793777466
0,3,0.4787210524082184,0.5027972459793091,0.46768254041671753,0.540228545665741
0,4,0.4792490005493164,0.5047231912612915,0.46704864501953125,0.53850919008255
0,5,0.47950708866119385,0.5057064890861511,0.4666566252708435,0.5371519327163696
0,6,0.4796186685562134,0.5061817169189453,0.4664147198200226,0.536631166934967
0,7,0.47965744137763977,0.5064013004302979,0.4662647247314453,0.5364657044410706
0,8,0.4796631634235382,0.5064966082572937,0.4661710858345032,0.536447286605835
0,9,0.4796559810638428,0.5065338015556335,0.4661124050617218,0.5364825129508972
0,10,0.47964534163475037,0.5065452456474304,0.4660755395889282,0.5365298390388489
0,11,0.4796350598335266,0.5065459609031677,0.46605241298675537,0.5365726947784424
0,12,0.4796265959739685,0.5065430402755737,0.46603792905807495,0.5414990186691284
0,13,0.479620099067688,0.5065392255783081,0.46602892875671387,0.5395969748497009
0,14,0.47961530089378357,0.5065357089042664,0.46602335572242737,0.5379850268363953
0,15,0.479611873626709,0.5065329670906067,0.4660198986530304,0.5372537970542908
0,16,0.47960948944091797,0.5065308213233948,0.46601778268814087,0.5417010188102722
0,17,0.47960782051086426,0.5065292716026306,0.4660165011882782,0.5397249460220337
0,18,0.47960665822029114,0.5065282583236694,0.4660157263278961,0.5380459427833557
0,19,0.47960588335990906,0.5065274834632874,0.4660152792930603,0.5372836589813232
0,20,0.47960537672042847,0.5065270662307739,0.46601492166519165,0.536935567855835
0,21,0.4796049892902374,0.5065267086029053,0.4660147726535797,0.5367803573608398
0,22,0.47960472106933594,0.506526529788971,0.46601465344429016,0.5367146730422974
0,23,0.479604572057724,0.5065264701843262,0.4660145938396454,0.5366889834403992
0,24,0.47960445284843445,0.5065264105796814,0.4660145342350006,0.5366799235343933
0,25,0.4796043932437897,0.5065263509750366,0.4660145342350006,0.5366770029067993
0,26,0.4796043336391449,0.5065263509750366,0.4660145342350006,0.5366758704185486
0,27,0.4796043038368225,0.5065263509750366,0.46601447463035583,0.5366749167442322
0,28,0.4796042740345001,0.5065263509750366,0.46601447463035583,0.5366738438606262
0,29,0.4796042740345001,0.5065263509750366,0.46601447463035583,0.5366725325584412
0,30,0.4796042740345001,0.5065263509750366,0.46601444482803345,0.5366711616516113
0,31,0.4796042740345001,0.5065263509750366,0.46601444482803345,0.5366699695587158
0,32,0.4796042740345001,0.5065263509750366,0.46601444482803345,0.5366688966751099
0,33,0.47960424423217773,0.5065263509750366,0.46601444482803345,0.5366679430007935
0,34,0.47960424423217773,0.5065263509750366,0.46601444482803345,0.5366672277450562
0,35,0.47960424423217773,0.5065263509750366,0.46601444482803345,0.5366666913032532
0,36,0.47960424423217773,0.5065263509750366,0.46601444482803345,0.541554868221283
0,37,0.47960424423217773,0.5065263509750366,0.46601444482803345,0.5396291017532349
0,38,0.47960424423217773,0.5065263509750366,0.46601444482803345,0.5380035638809204
0,39,0.47960424423217773,0.5065263509750366,0.46601444482803345,0.5372633337974548
0,40,0.47960424423217773,0.5065263509750366,0.46601444482803345,0.536923348903656
0,41,0.47960424423217773,0.5065263509750366,0.46601444482803345,0.5416027903556824
0,42,0.47960424423217773,0.5065263509750366,0.46601444482803345,0.5396673679351807
0,43,0.47960424423217773,0.5065263509750366,0.46601444482803345,0.53802090883255
0,44,0.47960424423217773,0.5065263509750366,0.46601444482803345,0.5372731685638428
0,45,0.47960424423217773,0.5065263509750366,0.46601444482803345,0.5369309782981873
0,46,0.47960424423217773,0.5065263509750366,0.46601444482803345,0.5367779731750488
0,47,0.47960424423217773,0.5065263509750366,0.46601444482803345,0.5367128849029541
0,48,0.47960424423217773,0.5065263509750366,0.46601444482803345,0.5366873145103455
0,49,0.47960424423217773,0.5065263509750366,0.46601444482803345,0.5366783142089844
0,50,0.47960424423217773,0.5065263509750366,0.46601444482803345,0.5366755723953247
0,51,0.47960424423217773,0.5065263509750366,0.46601444482803345,0.5366745591163635
0,52,0.47960424423217773,0.5065263509750366,0.46601444482803345,0.5366738438606262
0,53,0.47960424423217773,0.5065263509750366,0.46601444482803345,0.5366729497909546
0,54,0.47960424423217773,0.5065263509750366,0.46601444482803345,0.5366718173027039
0,55,0.47960424423217773,0.5065263509750366,0.46601444482803345,0.5366706848144531
0,56,0.47960424423217773,0.5065263509750366,0.46601444482803345,0.5366695523262024
0,57,0.47960424423217773,0.5065263509750366,0.46601444482803345,0.5415577292442322
0,58,0.47960424423217773,0.5065263509750366,0.46601444482803345,0.5396311283111572
0,59,0.47960424423217773,0.5065263509750366,0.46601444482803345,0.5380050539970398
0,60,0.47960424423217773,0.5065263509750366,0.46601444482803345,0.537264347076416
0,61,0.47960424423217773,0.5065263509750366,0.46601444482803345,0.5369241237640381
0,62,0.47960424423217773,0.5065263509750366,0.46601444482803345,0.5367714166641235
0,63,0.47960424423217773,0.5065263509750366,0.46601444482803345,0.5367065072059631
0,64,0.47960424423217773,0.5065263509750366,0.46601444482803345,0.5366814136505127
0,65,0.47960424423217773,0.5065263509750366,0.46601444482803345,0.5366731286048889
0,66,0.47960424423217773,0.5065263509750366,0.46601444482803345,0.5366711616516113
0,67,0.47960424423217773,0.5065263509750366,0.46601444482803345,0.5366710424423218
0,68,0.47960424423217773,0.5065263509750366,0.46601444482803345,0.5415616631507874
0,69,0.47960424423217773,0.5065263509750366,0.46601444482803345,0.5396353006362915
0,70,0.47960424423217773,0.5065263509750366,0.46601444482803345,0.5380086898803711
0,71,0.47960424423217773,0.5065263509750366,0.46601444482803345,0.5372675061225891
0,72,0.47960424423217773,0.5065263509750366,0.46601444482803345,0.5369267463684082
0,73,0.47960424423217773,0.5065263509750366,0.46601444482803345,0.5367735624313354
0,74,0.47960424423217773,0.5065263509750366,0.46601444482803345,0.5367082357406616
0,75,0.47960424423217773,0.5065263509750366,0.46601444482803345,0.5366827249526978
0,76,0.47960424423217773,0.5065263509750366,0.46601444482803345,0.5366740822792053
0,77,0.47960424423217773,0.5065263509750366,0.46601444482803345,0.5366718769073486
0,78,0.47960424423217773,0.5065263509750366,0.46601444482803345,0.5366715788841248
0,79,0.47960424423217773,0.5065263509750366,0.46601444482803345,0.5366714000701904
0,80,0.47960424423217773,0.5065263509750366,0.46601444482803345,0.5366711020469666
0,81,0.47960424423217773,0.5065263509750366,0.46601444482803345,0.5366703867912292
0,82,0.47960424423217773,0.5065263509750366,0.46601444482803345,0.5366696119308472
0,83,0.47960424423217773,0.5065263509750366,0.46601444482803345,0.5366687178611755
0,84,0.47960424423217773,0.5065263509750366,0.46601444482803345,0.5366680026054382
0,85,0.47960424423217773,0.5065263509750366,0.46601444482803345,0.5366673469543457
0,86,0.47960424423217773,0.5065263509750366,0.46601444482803345,0.5366668105125427
0,87,0.47960424423217773,0.5065263509750366,0.46601444482803345,0.5366663932800293
0,88,0.47960424423217773,0.5065263509750366,0.46601444482803345,0.5366660952568054
0,89,0.47960424423217773,0.5065263509750366,0.46601444482803345,0.5366657972335815
0,90,0.47960424423217773,0.5065263509750366,0.46601444482803345,0.5366656184196472
0,91,0.47960424423217773,0.5065263509750366,0.46601444482803345,0.5366654992103577
0,92,0.47960424423217773,0.5065263509750366,0.46601444482803345,0.5366653800010681
0,93,0.47960424423217773,0.5065263509750366,0.46601444482803345,0.5366653203964233
0,94,0.47960424423217773,0.5065263509750366,0.46601444482803345,0.5366652607917786
0,95,0.47960424423217773,0.5065263509750366,0.46601444482803345,0.5366652607917786
0,96,0.47960424423217773,0.5065263509750366,0.46601444482803345,0.5366652011871338
0,97,0.47960424423217773,0.5065263509750366,0.46601444482803345,0.5366652011871338
0,98,0.47960424423217773,0.5065263509750366,0.46601444482803345,0.5366652011871338
0,99,0.47960424423217773,0.5065263509750366,0.46601444482803345,0.5415536165237427
0,100,0.47960424423217773,0.5065263509750366,0.46601444482803345,0.539628267288208
0,101,0.47960424423217773,0.5065263509750366,0.46601444482803345,0.5380029678344727
0,102,0.47960424423217773,0.5065263509750366,0.46601444482803345,0.5372629165649414
0,103,0.47960424423217773,0.5065263509750366,0.46601444482803345,0.5369230508804321
0,104,0.47960424423217773,0.5065263509750366,0.46601444482803345,0.5367706418037415
0,105,0.47960424423217773,0.5065263509750366,0.46601444482803345,0.5367060303688049
0,106,0.47960424423217773,0.5065263509750366,0.46601444482803345,0.536681056022644
0,107,0.47960424423217773,0.5065263509750366,0.46601444482803345,0.5366728901863098
0,108,0.47960424423217773,0.5065263509750366,0.46601444482803345,0.536670982837677
0,109,0.47960424423217773,0.5065263509750366,0.46601444482803345,0.5366709232330322
0,110,0.47960424423217773,0.5065263509750366,0.46601444482803345,0.5366709232330322
0,111,0.47960424423217773,0.5065263509750366,0.46601444482803345,0.5366707444190979
0,112,0.47960424423217773,0.4988512396812439,0.46601444482803345,0.5366702079772949
0,113,0.47960424423217773,0.5037477016448975,0.46601444482803345,0.5415590405464172
0,114,0.47960424423217773,0.5052496194839478,0.46601444482803345,0.5396323204040527
0,115,0.47960424423217773,0.5059954524040222,0.46601444482803345,0.5380059480667114
0,116,0.47960424423217773,0.5063392519950867,0.46601444482803345,0.5372651815414429
0,117,0.47960424423217773,0.5064864754676819,0.46601444482803345,0.5369247198104858
0,118,0.47960424423217773,0.5065422058105469,0.46601444482803345,0.5367718935012817
0,119,0.47960424423217773,0.5065577626228333,0.46601444482803345,0.5367068648338318
0,120,0.47960424423217773,0.5065574645996094,0.46601444482803345,0.5366817116737366
0,121,0.47960424423217773,0.5065519213676453,0.46601444482803345,0.536673367023468
0,122,0.47960424423217773,0.5065457224845886,0.46601444482803345,0.5366712808609009
0,123,0.47960424423217773,0.5065402984619141,0.46601444482803345,0.5366711616516113
0,124,0.47960424423217773,0.506536066532135,0.46601444482803345,0.5366711616516113
0,125,0.47960424423217773,0.5065329670906067,0.46601444482803345,0.5366708636283875
0,126,0.47960424423217773,0.50653076171875,0.46601444482803345,0.5366702675819397
0,127,0.47960424423217773,0.5065292119979858,0.46601444482803345,0.5366694927215576
0,128,0.47960424423217773,0.5065281987190247,0.46601444482803345,0.5366686582565308
0,129,0.47960424423217773,0.5065274834632874,0.46601444482803345,0.5366679430007935
0,130,0.47960424423217773,0.5065270662307739,0.46601444482803345,0.5366672873497009
0,131,0.47960424423217773,0.50652676820755,0.46601444482803345,0.5366668105125427
0,132,0.47960424423217773,0.5065265893936157,0.46601444482803345,0.5366663336753845
0,133,0.47960424423217773,0.5065264701843262,0.46601444482803345,0.5366660356521606
0,134,0.47960424423217773,0.5065264105796814,0.46601444482803345,0.5366657972335815
0,135,0.47960424423217773,0.5065263509750366,0.46601444482803345,0.5366655588150024
0,136,0.47960424423217773,0.5065263509750366,0.46601444482803345,0.5366654992103577
0,137,0.47960424423217773,0.5065263509750366,0.46601444482803345,0.5366653800010681
0,138,0.47960424423217773,0.5065263509750366,0.46601444482803345,0.5366653203964233
0,139,0.47960424423217773,0.5065263509750366,0.46601444482803345,0.5366652607917786
0,140,0.47960424423217773,0.5065263509750366,0.46601444482803345,0.5366652607917786
0,141,0.47960424423217773,0.5065263509750366,0.46601444482803345,0.5366652011871338
0,142,0.47960424423217773,0.5065263509750366,0.46601444482803345,0.5366652011871338
0,143,0.47960424423217773,0.5065263509750366,0.46601444482803345,0.5366652011871338
0,144,0.47960424423217773,0.5065263509750366,0.46601444482803345,0.5366652011871338
0,145,0.47960424423217773,0.5065263509750366,0.46601444482803345,0.5366652011871338
0,146,0.47960424423217773,0.5065263509750366,0.46601444482803345,0.536665141582489
0,147,0.47960424423217773,0.5065263509750366,0.46601444482803345,0.536665141582489
0,148,0.47960424423217773,0.5065263509750366,0.46601444482803345,0.536665141582489
0,149,0.47960424423217773,0.5065263509750366,0.46601444482803345,0.536665141582489
0,150,0.47960424423217773,0.5065263509750366,0.46601444482803345,0.536665141582489
0,151,0.47960424423217773,0.5065263509750366,0.46601444482803345,0.536665141582489
0,152,0.47960424423217773,0.5065263509750366,0.46601444482803345,0.5415536165237427
0,153,0.47960424423217773,0.5065263509750366,0.46601444482803345,0.539628267288208
0,154,0.47960424423217773,0.5065263509750366,0.46601444482803345,0.5380029678344727
0,155,0.47960424423217773,0.5065263509750366,0.46601444482803345,0.5419557094573975
0,156,0.47960424423217773,0.5065263509750366,0.46601444482803345,0.5398629903793335
0,157,0.47960424423217773,0.5065263509750366,0.46601444482803345,0.5381069183349609
0,158,0.47960424423217773,0.5065263509750366,0.46601444482803345,0.5373082756996155
0,159,0.47960424423217773,0.5065263509750366,0.46601444482803345,0.5369439721107483
0,160,0.47960424423217773,0.5065263509750366,0.46601444482803345,0.5367823839187622
0,161,0.47960424423217773,0.5065263509750366,0.46601444482803345,0.5367146730422974
0,162,0.47960424423217773,0.5065263509750366,0.46601444482803345,0.5366887450218201
0,163,0.47960424423217773,0.5065263509750366,0.46601444482803345,0.5366798639297485
0,164,0.47960424423217773,0.5065263509750366,0.46601444482803345,0.5366773009300232
0,165,0.47960424423217773,0.5065263509750366,0.46601444482803345,0.536676287651062
0,166,0.47960424423217773,0.5065263509750366,0.46601444482803345,0.5366754531860352
0,167,0.47960424423217773,0.5065263509750366,0.46601444482803345,0.5366743206977844
0,168,0.47960424423217773,0.5065263509750366,0.46601444482803345,0.5366730093955994
0,169,0.47960424423217773,0.5065263509750366,0.46601444482803345,0.5366715788841248
0,170,0.47960424423217773,0.5065263509750366,0.46601444482803345,0.5366702675819397
0,171,0.47960424423217773,0.5065263509750366,0.46601444482803345,0.5366690754890442
0,172,0.47960424423217773,0.5065263509750366,0.46601444482803345,0.5366681218147278
0,173,0.47960424423217773,0.5065263509750366,0.46601444482803345,0.5366673469543457
0,174,0.47960424423217773,0.5065263509750366,0.46601444482803345,0.5366668105125427
0,175,0.47960424423217773,0.5065263509750366,0.46601444482803345,0.5366663336753845
0,176,0.47960424423217773,0.4988512396812439,0.46601444482803345,0.5366659760475159
0,177,0.47960424423217773,0.5037477016448975,0.46601444482803345,0.5415542721748352
0,178,0.47960424423217773,0.5052496194839478,0.46601444482803345,0.5396286845207214
0,179,0.47960424423217773,0.5059954524040222,0.46601444482803345,0.5380032658576965
0,180,0.47960424423217773,0.5063392519950867,0.46601444482803345,0.5372630953788757
0,181,0.47960424423217773,0.5064864754676819,0.46601444482803345,0.5369231700897217
0,182,0.47960424423217773,0.5065422058105469,0.46601444482803345,0.536770761013031
0,183,0.47960424423217773,0.5065577626228333,0.46601444482803345,0.5367060899734497
0,184,0.47960424423217773,0.5065574645996094,0.46601444482803345,0.5366811156272888
0,185,0.47960424423217773,0.50655198097229,0.46601444482803345,0.5366728901863098
0,186,0.47960424423217773,0.5065457224845886,0.46601444482803345,0.5366710424423218
0,187,0.47960424423217773,0.5065402984619141,0.46601444482803345,0.5366709232330322
0,188,0.47960424423217773,0.506536066532135,0.46601444482803345,0.536670982837677
0,189,0.47960424423217773,0.5065329670906067,0.46601444482803345,0.5366707444190979
0,190,0.47960424423217773,0.50653076171875,0.46601444482803345,0.541560173034668
0,191,0.47960424423217773,0.5065292119979858,0.46601444482803345,0.5396332740783691
0,192,0.47960424423217773,0.5065281987190247,0.46601444482803345,0.5380068421363831
0,193,0.47960424423217773,0.5065274834632874,0.46601444482803345,0.5372658371925354
0,194,0.47960424423217773,0.5065270662307739,0.46601444482803345,0.5369252562522888
0,195,0.47960424423217773,0.50652676820755,0.46601444482803345,0.5367723107337952
0,196,0.47960424423217773,0.5065265893936157,0.46601444482803345,0.5367072224617004
0,197,0.47960424423217773,0.5065264701843262,0.46601444482803345,0.5366819500923157
0,198,0.47960424423217773,0.49885132908821106,0.46601444482803345,0.5366734862327576
0,199,0.47960424423217773,0.5037477612495422,0.46601444482803345,0.5415605902671814
0,200,0.47960424423217773,0.5052496194839478,0.46601444482803345,0.5396367311477661
0,201,0.47960424423217773,0.5059954524040222,0.46601444482803345,0.53801029920578
0,202,0.47960424423217773,0.5063392519950867,0.46601444482803345,0.5372692942619324
0,203,0.47960424423217773,0.5064864754676819,0.46601444482803345,0.5369285941123962
0,204,0.47960424423217773,0.5065422058105469,0.46601444482803345,0.5367752909660339
0,205,0.47960424423217773,0.5065577626228333,0.46601444482803345,0.536709725856781
0,206,0.47960424423217773,0.5065574645996094,0.46601444482803345,0.5366839170455933
0,207,0.47960424423217773,0.50655198097229,0.46601444482803345,0.5366750955581665
0,208,0.47960424423217773,0.49886780977249146,0.46601444482803345,0.5366726517677307
0,209,0.47960424423217773,0.5037599205970764,0.46601444482803345,0.5415627360343933
0,210,0.47960424423217773,0.5052585005760193,0.46601444482803345,0.5396369695663452
0,211,0.47960424423217773,0.5060015320777893,0.46601444482803345,0.5380101799964905
0,212,0.47960424423217773,0.5063433051109314,0.46601444482803345,0.537268877029419
0,213,0.47960424423217773,0.5064891576766968,0.46601444482803345,0.5369279384613037
0,214,0.47960424423217773,0.5065438747406006,0.46601444482803345,0.5367745757102966
0,215,0.47960424423217773,0.5065588355064392,0.46601444482803345,0.5367090702056885
0,216,0.47960424423217773,0.5065581202507019,0.46601444482803345,0.5366833806037903
0,217,0.47960424423217773,0.5065523982048035,0.46601444482803345,0.5366745591163635
0,218,0.47960424423217773,0.5065459609031677,0.46601444482803345,0.5366722345352173
0,219,0.47960424423217773,0.5065404176712036,0.46601444482803345,0.5366718173027039
0,220,0.47960424423217773,0.5065361261367798,0.46601444482803345,0.5366716384887695
0,221,0.47960424423217773,0.5065330266952515,0.46601444482803345,0.5366712212562561
0,222,0.47960424423217773,0.50653076171875,0.46601444482803345,0.5366705060005188
0,223,0.47960424423217773,0.5065292119979858,0.46601444482803345,0.5366696715354919
0,224,0.47960424423217773,0.5065281987190247,0.46601444482803345,0.5366688370704651
0,225,0.47960424423217773,0.5065274834632874,0.46601444482803345,0.536668062210083
0,226,0.47960424423217773,0.5065270662307739,0.46601444482803345,0.5366673469543457
0,227,0.47960424423217773,0.50652676820755,0.46601444482803345,0.5366668105125427
0,228,0.47960424423217773,0.5065265893936157,0.46601444482803345,0.5366663932800293
0,229,0.47960424423217773,0.5065264701843262,0.46601444482803345,0.5366660952568054
0,230,0.47960424423217773,0.5065264105796814,0.46601444482803345,0.5366657972335815
0,231,0.47960424423217773,0.5065263509750366,0.46601444482803345,0.5366656184196472
0,232,0.47960424423217773,0.5065263509750366,0.46601444482803345,0.5366654992103577
0,233,0.47960424423217773,0.5065263509750366,0.46601444482803345,0.541553795337677
0,234,0.47960424423217773,0.5065263509750366,0.46601444482803345,0.5396284461021423
0,235,0.47960424423217773,0.5065263509750366,0.46601444482803345,0.5380030870437622
0,236,0.47960424423217773,0.5065263509750366,0.46601444482803345,0.5372629761695862
0,237,0.47960424423217773,0.5065263509750366,0.46601444482803345,0.5369230508804321
0,238,0.47960424423217773,0.5065263509750366,0.46601444482803345,0.5367706418037415
0,239,0.47960424423217773,0.5065263509750366,0.46601444482803345,0.5367060303688049
0,240,0.47960424423217773,0.5065263509750366,0.46601444482803345,0.536681056022644
0,241,0.47960424423217773,0.5065263509750366,0.46601444482803345,0.5366728901863098
0,242,0.47960424423217773,0.5065263509750366,0.46601444482803345,0.536670982837677
0,243,0.47960424423217773,0.5065263509750366,0.46601444482803345,0.5366709232330322
0,244,0.47960424423217773,0.5065263509750366,0.46601444482803345,0.5366709232330322
0,245,0.47960424423217773,0.5065263509750366,0.46601444482803345,0.5366707444190979
0,246,0.47960424423217773,0.5065263509750366,0.46601444482803345,0.5366702079772949
0,247,0.47960424423217773,0.5065263509750366,0.46601444482803345,0.5366694331169128
0,248,0.47960424423217773,0.5065263509750366,0.46601444482803345,0.541558027267456
0,249,0.47960424423217773,0.5065263509750366,0.46601444482803345,0.5396314263343811
0,250,0.47960424423217773,0.5065263509750366,0.46601444482803345,0.5380052924156189
0,251,0.47960424423217773,0.5065263509750366,0.46601444482803345,0.5372645258903503
0,252,0.47960424423217773,0.5065263509750366,0.46601444482803345,0.5369243025779724
0,253,0.47960424423217773,0.5065263509750366,0.46601444482803345,0.5367715358734131
0,254,0.47960424423217773,0.5065263509750366,0.46601444482803345,0.5367066264152527
0,255,0.47960424423217773,0.5065263509750366,0.46601444482803345,0.5366815328598022
0,256,0.47960424423217773,0.5065263509750366,0.46601444482803345,0.5366731882095337
0,257,0.47960424423217773,0.5065263509750366,0.46601444482803345,0.5366711616516113
0,258,0.47960424423217773,0.5065263509750366,0.46601444482803345,0.5366711020469666
0,259,0.47960424423217773,0.5065263509750366,0.46601444482803345,0.5366711020469666
0,260,0.47960424423217773,0.5065263509750366,0.46601444482803345,0.5366708040237427
0,261,0.47960424423217773,0.5065263509750366,0.46601444482803345,0.5366702079772949
0,262,0.47960424423217773,0.5065263509750366,0.46601444482803345,0.5366694927215576
0,263,0.47960424423217773,0.5065263509750366,0.46601444482803345,0.5366686582565308
0,264,0.47960424423217773,0.5065263509750366,0.46601444482803345,0.5366679430007935
0,265,0.47960424423217773,0.5065263509750366,0.46601444482803345,0.5366672873497009
0,266,0.47960424423217773,0.5065263509750366,0.46601444482803345,0.5366668105125427
0,267,0.47960424423217773,0.5065263509750366,0.46601444482803345,0.5366663336753845
0,268,0.47960424423217773,0.5065263509750366,0.46601444482803345,0.5366660356521606
0,269,0.47960424423217773,0.5065263509750366,0.46601444482803345,0.5366657972335815
0,270,0.47960424423217773,0.4988512396812439,0.46601444482803345,0.5366655588150024
0,271,0.47960424423217773,0.5037477016448975,0.46601444482803345,0.5415539741516113
0,272,0.47960424423217773,0.5052496194839478,0.46601444482803345,0.5396285057067871
0,273,0.47960424423217773,0.5059954524040222,0.46601444482803345,0.5380030870437622
0,274,0.47960424423217773,0.5063392519950867,0.46601444482803345,0.5372629761695862
0,275,0.47960424423217773,0.49879804253578186,0.46601444482803345,0.5369231700897217
0,276,0.47960424423217773,0.5037569999694824,0.46601444482803345,0.541602611541748
0,277,0.47960424423217773,0.5052775144577026,0.46601444482803345,0.5396673083305359
0,278,0.47960424423217773,0.5060244202613831,0.46601444482803345,0.5380208492279053
0,279,0.47960424423217773,0.5063635110855103,0.46601444482803345,0.537273108959198
0,280,0.47960424423217773,0.5065051317214966,0.46601444482803345,0.5369309186935425
0,281,0.47960424423217773,0.5065556764602661,0.46601444482803345,0.5367779731750488
0,282,0.47960424423217773,0.5065672397613525,0.46601444482803345,0.5367128252983093
0,283,0.47960424423217773,0.5065639019012451,0.46601444482803345,0.5366873145103455
0,284,0.47960424423217773,0.5065563321113586,0.46601444482803345,0.5366783142089844
0,285,0.47960424423217773,0.5065485835075378,0.46601444482803345,0.5366755723953247
0,286,0.47960424423217773,0.5065421462059021,0.46601444482803345,0.5366745591163635
0,287,0.47960424423217773,0.5065371990203857,0.46601444482803345,0.5366738438606262
0,288,0.47960424423217773,0.506533682346344,0.46601444482803345,0.5366729497909546
0,289,0.47960424423217773,0.5065311789512634,0.46601444482803345,0.5366718173027039
0,290,0.47960424423217773,0.5065294504165649,0.46601444482803345,0.5366706848144531
0,291,0.47960424423217773,0.506528377532959,0.46601444482803345,0.5366695523262024
0,292,0.47960424423217773,0.5065275430679321,0.46601444482803345,0.536668598651886
0,293,0.47960424423217773,0.5065270662307739,0.46601444482803345,0.5366677641868591
0,294,0.47960424423217773,0.50652676820755,0.46601444482803345,0.5366671085357666
0,295,0.47960424423217773,0.5065265893936157,0.46601444482803345,0.5366665720939636
0,296,0.47960424423217773,0.5065264701843262,0.46601444482803345,0.5366661548614502
0,297,0.47960424423217773,0.5065264105796814,0.46601444482803345,0.5366659164428711
0,298,0.47960424423217773,0.5065263509750366,0.46601444482803345,0.536665678024292
0,299,0.47960424423217773,0.5065263509750366,0.46601444482803345,0.5366654992103577
1,0,0.48403283953666687,0.49337702989578247,0.4804386794567108,0.5253923535346985
1,1,0.492855429649353,0.4905352294445038,0.4845067858695984,0.5236107110977173
1,2,0.4990874230861664,0.4884983003139496,0.4872497022151947,0.521950900554657
1,3,0.5030831694602966,0.4871184527873993,0.4890924096107483,0.5205377340316772
1,4,0.5055124759674072,0.4862109124660492,0.4903241693973541,0.5195276141166687
1,5,0.5069441795349121,0.4856283366680145,0.49113234877586365,0.5146476030349731
1,6,0.5077706575393677,0.4852607548236847,0.49165135622024536,0.5112223029136658
1,7,0.508240282535553,0.4850315451622009,0.491978257894516,0.5095245242118835
1,8,0.5085035562515259,0.48488956689834595,0.49218079447746277,0.508695125579834
1,9,0.5086491107940674,0.4848019778728485,0.4923046827316284,0.5083077549934387
1,10,0.5087285041809082,0.4847480058670044,0.4923798143863678,0.5081394910812378
1,11,0.5087709426879883,0.48471471667289734,0.4924250841140747,0.5080747604370117
1,12,0.5087932348251343,0.48469409346580505,0.49245238304138184,0.5080552101135254
1,13,0.5088045001029968,0.4846813380718231,0.49246883392333984,0.5080531239509583
1,14,0.5088099241256714,0.4846734404563904,0.4924788177013397,0.5080562233924866
1,15,0.5088123679161072,0.48466846346855164,0.4924849569797516,0.5080596208572388
1,16,0.5088132619857788,0.4846653938293457,0.49248871207237244,0.5080618858337402
1,17,0.5088135004043579,0.4846634864807129,0.49249109625816345,0.5080629587173462
1,18,0.5088134407997131,0.4846622943878174,0.4924926459789276,0.5080630779266357
1,19,0.5088132619857788,0.4846615791320801,0.4924936294555664,0.5080627202987671
1,20,0.5088130831718445,0.48466113209724426,0.49249425530433655,0.5080620050430298
1,21,0.5088128447532654,0.4846608340740204,0.49249467253685,0.5080612897872925
1,22,0.5088127255439758,0.48466071486473083,0.49249497056007385,0.5080606341362
1,23,0.5088126063346863,0.4846605658531189,0.4924951493740082,0.5080600380897522
1,24,0.5088125467300415,0.4846605360507965,0.49249526858329773,0.5080595016479492
1,25,0.5088124871253967,0.4846605062484741,0.4924953877925873,0.5080591440200806
1,26,0.5088124871253967,0.4846605062484741,0.49249544739723206,0.513266921043396
1,27,0.508812427520752,0.48466047644615173,0.49249544739723206,0.5113332867622375
1,28,0.508812427520752,0.48466047644615173,0.4924955368041992,0.5096164345741272
1,29,0.508812427520752,0.48466047644615173,0.4924955368041992,0.5087873935699463
1,30,0.508812427520752,0.48466047644615173,0.4924955368041992,0.5083833336830139
1,31,0.5088123679161072,0.48466047644615173,0.4924955368041992,0.5081914067268372
1,32,0.5088123679161072,0.48466047644615173,0.4924955368041992,0.5081051588058472
1,33,0.5088123679161072,0.48466047644615173,0.492495596408844,0.5080698132514954
1,34,0.5088123679161072,0.48466047644615173,0.492495596408844,0.508057713508606
1,35,0.5088123679161072,0.48466047644615173,0.492495596408844,0.5080551505088806
1,36,0.5088123679161072,0.48466047644615173,0.492495596408844,0.5080558657646179
1,37,0.5088123679161072,0.48466047644615173,0.492495596408844,0.5080572366714478
1,38,0.5088123679161072,0.48466047644615173,0.492495596408844,0.5080583691596985
1,39,0.5088123679161072,0.48466047644615173,0.492495596408844,0.5080590844154358
1,40,0.5088123679161072,0.48466047644615173,0.492495596408844,0.5080593824386597
1,41,0.5088123679161072,0.48466047644615173,0.492495596408844,0.5080594420433044
1,42,0.5088123679161072,0.48466047644615173,0.492495596408844,0.5080592632293701
1,43,0.4994491636753082,0.48466047644615173,0.492495596408844,0.5080590844154358
1,44,0.5041360259056091,0.48466047644615173,0.492495596408844,0.5080589056015015
1,45,0.5060864090919495,0.48466047644615173,0.492495596408844,0.5080587267875671
1,46,0.5072447061538696,0.48466047644615173,0.492495596408844,0.5080585479736328
1,47,0.5079265832901001,0.48466047644615173,0.492495596408844,0.5080584287643433
1,48,0.5083123445510864,0.48466047644615173,0.492495596408844,0.5080583095550537
1,49,0.5085262060165405,0.48466047644615173,0.492495596408844,0.5080582499504089
1,50,0.5086444616317749,0.48466047644615173,0.492495596408844,0.5080581903457642
1,51,0.5087105631828308,0.48466047644615173,0.492495596408844,0.5080581307411194
1,52,0.5087485313415527,0.48466047644615173,0.492495596408844,0.5080581307411194
1,53,0.49941110610961914,0.48466047644615173,0.492495596408844,0.5080580711364746
1,54,0.5041115283966064,0.48466047644615173,0.492495596408844,0.5132660269737244
1,55,0.5060702562332153,0.48466047644615173,0.492495596408844,0.511332631111145
1,56,0.5072339177131653,0.48466047644615173,0.492495596408844,0.5096160173416138
1,57,0.5079193711280823,0.48466047644615173,0.492495596408844,0.5087870955467224
1,58,0.5083074569702148,0.48466047644615173,0.492495596408844,0.5083830952644348
1,59,0.5085229873657227,0.48466047644615173,0.492495596408844,0.5081912875175476
1,60,0.5086422562599182,0.48466047644615173,0.492495596408844,0.5081050395965576
1,61,0.5087091326713562,0.48466047644615173,0.492495596408844,0.5080697536468506
1,62,0.5087475180625916,0.48466047644615173,0.492495596408844,0.5080575942993164
1,63,0.5087705254554749,0.48466047644615173,0.492495596408844,0.5080550909042358
1,64,0.5087847113609314,0.48466047644615173,0.492495596408844,0.5080558657646179
1,65,0.4994330406188965,0.48466047644615173,0.492495596408844,0.5080572366714478
1,66,0.5041248798370361,0.48466047644615173,0.492495596408844,0.5132681131362915
1,67,0.5060789585113525,0.48466047644615173,0.492495596408844,0.5113345980644226
1,68,0.5072397589683533,0.48466047644615173,0.492495596408844,0.5096177458763123
1,69,0.5079233050346375,0.48466047644615173,0.492495596408844,0.5087887048721313
1,70,0.508310079574585,0.48466047644615173,0.492495596408844,0.5083844661712646
1,71,0.5085248351097107,0.48466047644615173,0.492495596408844,0.5081923604011536
1,72,0.5086435079574585,0.48466047644615173,0.492495596408844,0.5081059336662292
1,73,0.5087099075317383,0.48466047644615173,0.492495596408844,0.5080704689025879
1,74,0.5087481141090393,0.48466047644615173,0.492495596408844,0.5080581307411194
1,75,0.5087708830833435,0.48466047644615173,0.492495596408844,0.5080554485321045
1,76,0.5087849497795105,0.48466047644615173,0.492495596408844,0.508056104183197
1,77,0.5087940096855164,0.48466047644615173,0.492495596408844,0.5132673978805542
1,78,0.5088000297546387,0.48466047644615173,0.492495596408844,0.5113344788551331
1,79,0.5088040828704834,0.48466047644615173,0.492495596408844,0.5096177458763123
1,80,0.5088067650794983,0.48466047644615173,0.492495596408844,0.5087888240814209
1,81,0.5088086128234863,0.48466047644615173,0.492495596408844,0.5083847045898438
1,82,0.5088099241256714,0.48466047644615173,0.492495596408844,0.5081925988197327
1,83,0.5088107585906982,0.48466047644615173,0.492495596408844,0.5081061720848083
1,84,0.508811354637146,0.48466047644615173,0.492495596408844,0.5080706477165222
1,85,0.5088117122650146,0.48466047644615173,0.492495596408844,0.5080583095550537
1,86,0.5088119506835938,0.48466047644615173,0.492495596408844,0.508055567741394
1,87,0.5088120698928833,0.48466047644615173,0.492495596408844,0.5080562233924866
1,88,0.5088121891021729,0.48466047644615173,0.492495596408844,0.5080575346946716
1,89,0.5088122487068176,0.48466047644615173,0.492495596408844,0.5080585479736328
1,90,0.5088123083114624,0.48466047644615173,0.492495596408844,0.5080592632293701
1,91,0.5088123083114624,0.48466047644615173,0.492495596408844,0.5080595016479492
1,92,0.5088123679161072,0.48466047644615173,0.492495596408844,0.5080595016479492
1,93,0.5088123679161072,0.48466047644615173,0.492495596408844,0.5080593228340149
1,94,0.5088123679161072,0.48466047644615173,0.492495596408844,0.5080591440200806
1,95,0.5088123679161072,0.48466047644615173,0.492495596408844,0.5080589652061462
1,96,0.5088123679161072,0.48466047644615173,0.492495596408844,0.5080587863922119
1,97,0.5088123679161072,0.48466047644615173,0.492495596408844,0.5080585479736328
1,98,0.5088123679161072,0.48466047644615173,0.492495596408844,0.5080584287643433
1,99,0.4994491636753082,0.48466047644615173,0.492495596408844,0.5080583095550537
1,100,0.5041360259056091,0.48466047644615173,0.492495596408844,0.5132662057876587
1,101,0.5060864090919495,0.48466047644615173,0.492495596408844,0.5113327503204346
1,102,0.5072447061538696,0.48466047644615173,0.492495596408844,0.5096160769462585
1,103,0.4985286593437195,0.48466047644615173,0.492495596408844,0.5087871551513672
1,104,0.5036548972129822,0.48466047644615173,0.492495596408844,0.5134863257408142
1,105,0.5058192014694214,0.48466047644615173,0.492495596408844,0.5114560723304749
1,106,0.5070918798446655,0.48466047644615173,0.492495596408844,0.5096622109413147
1,107,0.5078355669975281,0.48466047644615173,0.492495596408844,0.5088005661964417
1,108,0.5082557201385498,0.48466047644615173,0.492495596408844,0.5083847045898438
1,109,0.508489727973938,0.48466047644615173,0.492495596408844,0.5081899166107178
1,110,0.5086202025413513,0.48466047644615173,0.492495596408844,0.5081040859222412
1,111,0.5086942315101624,0.48466047644615173,0.492495596408844,0.5080697536468506
1,112,0.5087374448776245,0.48466047644615173,0.492495596408844,0.508058488368988
1,113,0.5087636113166809,0.48466047644615173,0.492495596408844,0.5080564618110657
1,114,0.5087800621986389,0.48466047644615173,0.492495596408844,0.5080573558807373
1,115,0.49943050742149353,0.48466047644615173,0.492495596408844,0.5080587267875671
1,116,0.5041229724884033,0.48466047644615173,0.492495596408844,0.5132699608802795
1,117,0.5060777068138123,0.48466047644615173,0.492495596408844,0.5113359689712524
1,118,0.5072389841079712,0.48466047644615173,0.492495596408844,0.5096186995506287
1,119,0.5079227685928345,0.48466047644615173,0.492495596408844,0.5087893605232239
1,120,0.5083097815513611,0.48466047644615173,0.492495596408844,0.5083849430084229
1,121,0.5085245370864868,0.48466047644615173,0.492495596408844,0.5081927180290222
1,122,0.508643388748169,0.48466047644615173,0.492495596408844,0.5081061720848083
1,123,0.5087098479270935,0.48466047644615173,0.492495596408844,0.5132678747177124
1,124,0.5087480545043945,0.48466047644615173,0.492495596408844,0.511335015296936
1,125,0.5087708234786987,0.48466047644615173,0.492495596408844,0.5096150636672974
1,126,0.5087849497795105,0.48466047644615173,0.492495596408844,0.5138102173805237
1,127,0.5087940096855164,0.48466047644615173,0.492495596408844,0.5116368532180786
1,128,0.5088000297546387,0.48466047644615173,0.492495596408844,0.5097473859786987
1,129,0.5088040828704834,0.48466047644615173,0.492495596408844,0.5088381767272949
1,130,0.5088067650794983,0.48466047644615173,0.492495596408844,0.5083998441696167
1,131,0.5088086128234863,0.48466047644615173,0.492495596408844,0.5081952810287476
1,132,0.5088099241256714,0.48466047644615173,0.492495596408844,0.5081055760383606
1,133,0.5088107585906982,0.48466047644615173,0.492495596408844,0.5080701112747192
1,134,0.508811354637146,0.48466047644615173,0.492495596408844,0.5080586671829224
1,135,0.5088117122650146,0.48466047644615173,0.492495596408844,0.5080567002296448
1,136,0.5088119506835938,0.48466047644615173,0.492495596408844,0.508057713508606
1,137,0.5088120698928833,0.48466047644615173,0.492495596408844,0.5080591440200806
1,138,0.5088121891021729,0.48466047644615173,0.492495596408844,0.508060097694397
1,139,0.5088123083114624,0.48466047644615173,0.492495596408844,0.5080605745315552
1,140,0.5088123083114624,0.48466047644615173,0.492495596408844,0.5080605745315552
1,141,0.5088123083114624,0.48466047644615173,0.492495596408844,0.5080603361129761
1,142,0.49944913387298584,0.48466047644615173,0.492495596408844,0.5080599784851074
1,143,0.5041360259056091,0.48466047644615173,0.492495596408844,0.5132680535316467
1,144,0.5060864090919495,0.48466047644615173,0.492495596408844,0.5113340616226196
1,145,0.5072447061538696,0.48466047644615173,0.492495596408844,0.509617030620575
1,146,0.5079265832901001,0.48466047644615173,0.492495596408844,0.5087878704071045
1,147,0.5083123445510864,0.48466047644615173,0.492495596408844,0.508383572101593
1,148,0.5085262060165405,0.48466047644615173,0.492495596408844,0.5081916451454163
1,149,0.5086444616317749,0.48466047644615173,0.492495596408844,0.5081052780151367
1,150,0.5087105631828308,0.48466047644615173,0.492495596408844,0.5080699324607849
1,151,0.5087485313415527,0.48466047644615173,0.492495596408844,0.5080577731132507
1,152,0.5087711215019226,0.48466047644615173,0.492495596408844,0.5080552101135254
1,153,0.5087851285934448,0.48466047644615173,0.492495596408844,0.5080559253692627
1,154,0.5087941288948059,0.48466047644615173,0.492495596408844,0.5080572962760925
1,155,0.5088000893592834,0.48466047644615173,0.492495596408844,0.5080584287643433
1,156,0.5088040828704834,0.48466047644615173,0.492495596408844,0.5080591440200806
1,157,0.5088068246841431,0.48466047644615173,0.492495596408844,0.5080593824386597
1,158,0.5088087320327759,0.48466047644615173,0.492495596408844,0.5080594420433044
1,159,0.5088099241256714,0.48466047644615173,0.492495596408844,0.5080593228340149
1,160,0.5088107585906982,0.48466047644615173,0.492495596408844,0.5080590844154358
1,161,0.508811354637146,0.48466047644615173,0.492495596408844,0.5080589056015015
1,162,0.5088117122650146,0.48466047644615173,0.492495596408844,0.5080587267875671
1,163,0.5088119506835938,0.48466047644615173,0.492495596408844,0.5080585479736328
1,164,0.5088120698928833,0.48466047644615173,0.492495596408844,0.5080584287643433
1,165,0.5088122487068176,0.48466047644615173,0.492495596408844,0.5080583095550537
1,166,0.5088122487068176,0.48466047644615173,0.492495596408844,0.5080582499504089
1,167,0.5088123083114624,0.48466047644615173,0.492495596408844,0.5080581903457642
1,168,0.5088123083114624,0.48466047644615173,0.492495596408844,0.5080581307411194
1,169,0.5088123679161072,0.48466047644615173,0.492495596408844,0.5080581307411194
1,170,0.5088123679161072,0.48466047644615173,0.492495596408844,0.5080580711364746
1,171,0.5088123679161072,0.48466047644615173,0.492495596408844,0.5080580711364746
1,172,0.5088123679161072,0.48466047644615173,0.492495596408844,0.5080580711364746
1,173,0.5088123679161072,0.48466047644615173,0.492495596408844,0.5080580711364746
1,174,0.5088123679161072,0.48466047644615173,0.492495596408844,0.5080580711364746
1,175,0.5088123679161072,0.48466047644615173,0.492495596408844,0.5080580711364746
1,176,0.5088123679161072,0.48466047644615173,0.492495596408844,0.5080580711364746
1,177,0.5088123679161072,0.48466047644615173,0.492495596408844,0.5080580711364746
1,178,0.5088123679161072,0.48466047644615173,0.492495596408844,0.5080580711364746
1,179,0.5088123679161072,0.48466047644615173,0.492495596408844,0.5132659077644348
1,180,0.5088123679161072,0.48466047644615173,0.492495596408844,0.511332631111145
1,181,0.5088123679161072,0.48466047644615173,0.492495596408844,0.509615957736969
1,182,0.5088123679161072,0.48466047644615173,0.492495596408844,0.5087870955467224
1,183,0.5088123679161072,0.48466047644615173,0.492495596408844,0.5083830952644348
1,184,0.5088123679161072,0.48466047644615173,0.492495596408844,0.5081912279129028
1,185,0.5088123679161072,0.48466047644615173,0.492495596408844,0.5081050395965576
1,186,0.5088123679161072,0.48466047644615173,0.492495596408844,0.5080697536468506
1,187,0.5088123679161072,0.48466047644615173,0.492495596408844,0.5080575942993164
1,188,0.5088123679161072,0.48466047644615173,0.492495596408844,0.5080550909042358
1,189,0.5088123679161072,0.48466047644615173,0.492495596408844,0.5132654905319214
1,190,0.5088123679161072,0.48466047644615173,0.492495596408844,0.5113335847854614
1,191,0.5088123679161072,0.48466047644615173,0.492495596408844,0.5096172094345093
1,192,0.5088123679161072,0.48466047644615173,0.492495596408844,0.5087885856628418
1,193,0.5088123679161072,0.48466047644615173,0.492495596408844,0.5083847045898438
1,194,0.5088123679161072,0.48466047644615173,0.492495596408844,0.508192777633667
1,195,0.5088123679161072,0.48466047644615173,0.492495596408844,0.5081063508987427
1,196,0.5088123679161072,0.48466047644615173,0.492495596408844,0.5080708265304565
1,197,0.5088123679161072,0.48466047644615173,0.492495596408844,0.508058488368988
1,198,0.5088123679161072,0.48466047644615173,0.492495596408844,0.5080557465553284
1,199,0.5088123679161072,0.48466047644615173,0.492495596408844,0.5080563426017761
1,200,0.5088123679161072,0.48466047644615173,0.492495596408844,0.5080575942993164
1,201,0.5088123679161072,0.48466047644615173,0.492495596408844,0.5080587267875671
1,202,0.5088123679161072,0.48466047644615173,0.492495596408844,0.5080592632293701
1,203,0.5088123679161072,0.48466047644615173,0.492495596408844,0.5080595016479492
1,204,0.5088123679161072,0.48466047644615173,0.492495596408844,0.5080595016479492
1,205,0.5088123679161072,0.48466047644615173,0.492495596408844,0.5080593228340149
1,206,0.5088123679161072,0.48466047644615173,0.492495596408844,0.5080591440200806
1,207,0.5088123679161072,0.48466047644615173,0.492495596408844,0.5080589652061462
1,208,0.5088123679161072,0.48466047644615173,0.492495596408844,0.5080587863922119
1,209,0.5088123679161072,0.48466047644615173,0.492495596408844,0.5080585479736328
1,210,0.5088123679161072,0.48466047644615173,0.492495596408844,0.5080584287643433
1,211,0.5088123679161072,0.48466047644615173,0.492495596408844,0.5080583095550537
1,212,0.5088123679161072,0.48466047644615173,0.492495596408844,0.5080582499504089
1,213,0.5088123679161072,0.48466047644615173,0.492495596408844,0.5080581903457642
1,214,0.5088123679161072,0.48466047644615173,0.492495596408844,0.5080581307411194
1,215,0.5088123679161072,0.48466047644615173,0.492495596408844,0.5080581307411194
1,216,0.5088123679161072,0.48466047644615173,0.492495596408844,0.5080580711364746
1,217,0.5088123679161072,0.48466047644615173,0.492495596408844,0.5080580711364746
1,218,0.5088123679161072,0.48466047644615173,0.492495596408844,0.5080580711364746
1,219,0.5088123679161072,0.48466047644615173,0.492495596408844,0.5080580711364746
1,220,0.5088123679161072,0.48466047644615173,0.492495596408844,0.5080580711364746
1,221,0.5088123679161072,0.48466047644615173,0.492495596408844,0.5080580711364746
1,222,0.5088123679161072,0.48466047644615173,0.492495596408844,0.5080580711364746
1,223,0.5088123679161072,0.48466047644615173,0.492495596408844,0.5080580711364746
1,224,0.5088123679161072,0.48466047644615173,0.492495596408844,0.5080580711364746
1,225,0.5088123679161072,0.48466047644615173,0.492495596408844,0.5080580711364746
1,226,0.5088123679161072,0.48466047644615173,0.492495596408844,0.5080580711364746
1,227,0.5088123679161072,0.48466047644615173,0.492495596408844,0.5080580711364746
1,228,0.5088123679161072,0.48466047644615173,0.492495596408844,0.5080580711364746
1,229,0.5088123679161072,0.48466047644615173,0.492495596408844,0.5080580711364746
1,230,0.5088123679161072,0.48466047644615173,0.492495596408844,0.5132659077644348
1,231,0.5088123679161072,0.48466047644615173,0.492495596408844,0.511332631111145
1,232,0.5088123679161072,0.48466047644615173,0.492495596408844,0.509615957736969
1,233,0.5088123679161072,0.48466047644615173,0.492495596408844,0.5087870955467224
1,234,0.5088123679161072,0.48466047644615173,0.492495596408844,0.5083830952644348
1,235,0.5088123679161072,0.48466047644615173,0.492495596408844,0.5081912279129028
1,236,0.5088123679161072,0.48466047644615173,0.492495596408844,0.5081050395965576
1,237,0.5088123679161072,0.48466047644615173,0.492495596408844,0.5080697536468506
1,238,0.5088123679161072,0.48466047644615173,0.492495596408844,0.5080575942993164
1,239,0.5088123679161072,0.48466047644615173,0.492495596408844,0.5080550909042358
1,240,0.5088123679161072,0.48466047644615173,0.492495596408844,0.5080558061599731
1,241,0.5088123679161072,0.48466047644615173,0.492495596408844,0.5080572366714478
1,242,0.5088123679161072,0.48466047644615173,0.492495596408844,0.5080583691596985
1,243,0.5088123679161072,0.48466047644615173,0.492495596408844,0.5080590844154358
1,244,0.5088123679161072,0.48466047644615173,0.492495596408844,0.5080593824386597
1,245,0.5088123679161072,0.48466047644615173,0.492495596408844,0.5132681131362915
1,246,0.5088123679161072,0.48466047644615173,0.492495596408844,0.5113341808319092
1,247,0.5088123679161072,0.48466047644615173,0.492495596408844,0.5096172094345093
1,248,0.5088123679161072,0.48466047644615173,0.492495596408844,0.5087880492210388
1,249,0.5088123679161072,0.48466047644615173,0.492495596408844,0.5083838105201721
1,250,0.5088123679161072,0.48466047644615173,0.492495596408844,0.5081917643547058
1,251,0.5088123679161072,0.48466047644615173,0.492495596408844,0.5081053972244263
1,252,0.5088123679161072,0.48466047644615173,0.492495596408844,0.5080700516700745
1,253,0.5088123679161072,0.48466047644615173,0.492495596408844,0.5132626891136169
1,254,0.5088123679161072,0.48466047644615173,0.492495596408844,0.5160969495773315
1,255,0.5088123679161072,0.48466047644615173,0.492495596408844,0.5128238201141357
1,256,0.5088123679161072,0.48466047644615173,0.492495596408844,0.5103358626365662
1,257,0.5088123679161072,0.48466047644615173,0.492495596408844,0.5091220140457153
1,258,0.5088123679161072,0.48466047644615173,0.492495596408844,0.5085294246673584
1,259,0.5088123679161072,0.48466047644615173,0.492495596408844,0.5082497000694275
1,260,0.5088123679161072,0.48466047644615173,0.492495596408844,0.5081254839897156
1,261,0.5088123679161072,0.48466047644615173,0.492495596408844,0.5080755352973938
1,262,0.5088123679161072,0.48466047644615173,0.492495596408844,0.5080589056015015
1,263,0.5088123679161072,0.48466047644615173,0.492495596408844,0.5080556273460388
1,264,0.5088123679161072,0.48466047644615173,0.492495596408844,0.5080567598342896
1,265,0.5088123679161072,0.48466047644615173,0.492495596408844,0.5080586671829224
1,266,0.5088123679161072,0.48466047644615173,0.492495596408844,0.5080599784851074
1,267,0.5088123679161072,0.48466047644615173,0.492495596408844,0.5080607533454895
1,268,0.5088123679161072,0.48466047644615173,0.492495596408844,0.508060872554779
1,269,0.4994491636753082,0.48466047644615173,0.492495596408844,0.5080606937408447
1,270,0.5041360259056091,0.48466047644615173,0.492495596408844,0.5132692456245422
1,271,0.5060864090919495,0.48466047644615173,0.492495596408844,0.5113348364830017
1,272,0.5072447061538696,0.48466047644615173,0.492495596408844,0.5096176266670227
1,273,0.5079265832901001,0.48466047644615173,0.492495596408844,0.5087882876396179
1,274,0.5083123445510864,0.48466047644615173,0.492495596408844,0.5134873986244202
1,275,0.5085262060165405,0.48466047644615173,0.492495596408844,0.5114567279815674
1,276,0.5086444616317749,0.48466047644615173,0.492495596408844,0.5096627473831177
1,277,0.5087105631828308,0.48466047644615173,0.492495596408844,0.5088008642196655
1,278,0.5087485313415527,0.48466047644615173,0.492495596408844,0.5083848834037781
1,279,0.5087711215019226,0.48466047644615173,0.492495596408844,0.5081900954246521
1,280,0.5087851285934448,0.48466047644615173,0.492495596408844,0.508104145526886
1,281,0.5087941288948059,0.48466047644615173,0.492495596408844,0.5080698728561401
1,282,0.5088000893592834,0.48466047644615173,0.492495596408844,0.5080585479736328
1,283,0.5088040828704834,0.48466047644615173,0.492495596408844,0.5080564618110657
1,284,0.49944454431533813,0.48466047644615173,0.492495596408844,0.5080573558807373
1,285,0.5041326880455017,0.48466047644615173,0.492495596408844,0.5132694244384766
1,286,0.5060842037200928,0.48466047644615173,0.492495596408844,0.5113359689712524
1,287,0.507243275642395,0.48466047644615173,0.492495596408844,0.509618878364563
1,288,0.5079256892204285,0.48466047644615173,0.492495596408844,0.5087897181510925
1,289,0.5083116888999939,0.48466047644615173,0.492495596408844,0.5083853006362915
1,290,0.5085258483886719,0.48466047644615173,0.492495596408844,0.5081930756568909
1,291,0.508644163608551,0.48466047644615173,0.492495596408844,0.508106529712677
1,292,0.5087103843688965,0.48466047644615173,0.492495596408844,0.5080708861351013
1,293,0.5087484121322632,0.48466047644615173,0.492495596408844,0.5080584287643433
1,294,0.5087710618972778,0.48466047644615173,0.492495596408844,0.5080556869506836
1,295,0.5087850689888,0.48466047644615173,0.492495596408844,0.5080562829971313
1,296,0.5087941288948059,0.48466047644615173,0.492495596408844,0.5080575942993164
1,297,0.5088000893592834,0.48466047644615173,0.492495596408844,0.5080586671829224
1,298,0.5088040828704834,0.48466047644615173,0.492495596408844,0.5080592632293701
1,299,0.5088068246841431,0.48466047644615173,0.492495596408844,0.5080595016479492
