episode,step,action
0,0,[0 0 0 1 1 0 0 1]
0,1,[0 0 1 1 1 0 1 0]
0,2,[0 0 1 0 1 1 1 0]
0,3,[1 0 1 0 0 1 0 0]
0,4,[1 1 1 1 0 0 0 0]
0,5,[1 1 1 0 0 0 0 1]
0,6,[1 1 0 0 1 0 0 0]
0,7,[0 0 1 0 1 1 1 0]
0,8,[1 0 1 1 1 0 0 1]
0,9,[1 0 1 0 1 0 1 1]
0,10,[1 0 1 1 0 0 1 0]
0,11,[0 1 0 0 1 0 0 1]
0,12,[1 0 0 0 0 0 1 1]
0,13,[0 0 1 0 0 1 0 0]
0,14,[1 0 0 1 1 1 1 1]
0,15,[0 1 1 0 0 0 0 0]
0,16,[0 1 1 1 0 1 1 1]
0,17,[0 1 0 1 0 1 1 0]
0,18,[0 1 0 0 1 1 1 1]
0,19,[0 1 1 0 1 0 1 1]
0,20,[1 0 1 1 1 1 0 0]
0,21,[1 1 0 0 0 0 0 0]
0,22,[0 0 0 1 1 1 0 1]
0,23,[0 0 0 1 0 1 0 0]
0,24,[0 1 0 0 1 0 0 1]
0,25,[1 0 0 1 1 0 0 1]
0,26,[0 0 1 1 0 0 0 1]
0,27,[0 1 1 0 0 1 0 0]
0,28,[0 1 0 0 0 1 0 0]
0,29,[1 0 0 1 0 0 1 0]
0,30,[0 1 0 0 0 1 1 0]
0,31,[0 0 0 0 1 1 1 0]
0,32,[1 0 1 1 0 0 0 0]
0,33,[0 0 0 0 0 1 1 1]
0,34,[0 0 1 1 1 1 1 1]
0,35,[1 0 1 1 1 1 0 1]
0,36,[0 0 1 1 1 1 0 1]
0,37,[1 1 0 1 1 0 1 1]
0,38,[1 1 0 1 1 0 0 1]
0,39,[1 1 0 1 1 0 0 0]
0,40,[0 0 0 0 1 1 1 0]
0,41,[1 1 0 0 0 0 0 0]
0,42,[1 0 1 0 0 0 0 0]
0,43,[0 1 1 0 1 1 1 1]
0,44,[1 1 1 0 0 1 0 0]
0,45,[0 0 1 1 1 1 1 0]
0,46,[0 1 1 0 0 0 1 1]
0,47,[1 1 1 0 1 1 0 0]
0,48,[0 1 1 1 0 0 0 0]
0,49,[1 0 1 1 1 1 0 0]
0,50,[0 1 1 1 0 0 1 1]
0,51,[1 1 0 0 0 0 0 0]
0,52,[1 1 1 1 1 1 1 0]
0,53,[1 0 1 1 1 1 0 0]
0,54,[0 0 0 0 0 0 0 0]
0,55,[0 1 1 0 0 0 0 0]
0,56,[1 0 0 1 0 0 0 0]
0,57,[1 1 0 1 0 0 0 1]
0,58,[1 1 0 1 0 0 1 1]
0,59,[0 0 1 0 1 0 0 0]
0,60,[1 1 0 0 0 0 1 1]
0,61,[0 1 1 1 1 0 1 1]
0,62,[0 0 0 1 0 1 1 1]
0,63,[0 0 0 1 0 0 0 1]
0,64,[0 0 0 0 0 1 0 1]
0,65,[1 1 1 0 0 0 0 0]
0,66,[0 0 1 1 0 0 0 1]
0,67,[0 0 0 1 0 1 0 0]
0,68,[1 0 1 0 1 1 1 0]
0,69,[0 1 1 0 0 1 1 1]
0,70,[1 0 0 1 1 0 1 0]
0,71,[1 0 1 0 0 0 1 1]
0,72,[1 0 0 0 1 1 1 0]
0,73,[1 1 1 0 0 1 1 1]
0,74,[1 1 1 0 1 0 1 1]
0,75,[0 1 0 0 0 0 1 1]
0,76,[0 1 0 1 0 1 0 0]
0,77,[1 1 1 0 0 0 0 0]
0,78,[0 1 1 0 1 1 1 1]
0,79,[1 1 1 1 0 1 0 1]
0,80,[0 0 0 1 1 0 0 1]
0,81,[0 0 1 0 0 0 0 0]
0,82,[1 1 0 0 1 0 0 0]
0,83,[0 1 1 1 1 0 1 1]
0,84,[1 0 1 0 0 0 0 1]
0,85,[0 1 0 1 0 0 0 0]
0,86,[1 1 0 0 1 1 0 0]
0,87,[1 1 1 0 1 1 1 0]
0,88,[1 1 1 1 1 0 1 0]
0,89,[1 0 1 1 0 0 0 0]
0,90,[0 0 0 0 1 0 0 0]
0,91,[1 0 0 1 0 1 0 0]
0,92,[1 1 0 1 1 0 0 1]
0,93,[0 1 0 1 1 1 1 0]
0,94,[0 1 1 0 0 1 1 1]
0,95,[0 1 1 0 1 1 1 0]
0,96,[0 1 1 0 1 0 0 1]
0,97,[1 0 0 0 0 0 0 1]
0,98,[1 0 1 1 1 0 1 0]
0,99,[0 1 1 0 0 0 0 1]
0,100,[0 0 1 1 0 0 1 1]
0,101,[0 0 1 0 0 1 0 0]
0,102,[0 1 1 1 0 1 0 0]
0,103,[0 0 0 0 0 1 0 0]
0,104,[0 0 1 0 0 0 1 0]
0,105,[1 1 1 0 0 1 1 1]
0,106,[0 0 0 1 0 1 1 1]
0,107,[1 1 1 1 1 0 1 1]
0,108,[1 1 0 1 1 0 0 1]
0,109,[0 1 1 0 1 0 0 0]
0,110,[0 1 1 0 1 0 1 0]
0,111,[1 1 0 1 0 0 0 1]
0,112,[0 0 1 0 0 0 0 1]
0,113,[0 1 1 0 0 0 0 1]
0,114,[0 1 0 1 0 1 1 0]
0,115,[1 1 1 1 1 0 0 1]
0,116,[1 1 1 0 0 1 1 0]
0,117,[1 1 0 1 0 0 1 0]
0,118,[1 0 1 1 1 1 1 1]
0,119,[1 0 1 1 0 1 1 0]
0,120,[0 0 1 1 1 1 1 0]
0,121,[0 1 1 0 1 0 1 1]
0,122,[0 0 1 1 0 0 1 1]
0,123,[1 1 1 1 0 1 0 1]
0,124,[0 1 1 0 1 0 0 1]
0,125,[0 0 0 0 0 0 0 0]
0,126,[0 1 1 0 0 1 0 0]
0,127,[1 1 0 1 0 0 0 1]
0,128,[0 0 1 1 1 0 1 0]
0,129,[1 0 1 1 1 1 1 1]
0,130,[0 1 1 0 0 1 1 1]
0,131,[0 1 0 0 0 1 0 1]
0,132,[0 1 1 0 0 0 1 1]
0,133,[1 0 1 1 1 0 1 0]
0,134,[1 0 1 0 1 0 1 0]
0,135,[1 0 0 1 1 0 1 1]
0,136,[1 0 1 0 1 1 0 1]
0,137,[0 1 0 0 0 0 0 1]
0,138,[1 1 0 0 0 0 0 0]
0,139,[1 1 0 0 0 0 1 0]
0,140,[0 1 0 1 1 0 1 1]
0,141,[1 1 1 0 0 1 1 1]
0,142,[1 1 0 1 1 0 1 0]
0,143,[1 1 1 0 0 1 0 0]
0,144,[0 0 1 0 1 1 1 1]
0,145,[0 1 0 1 0 0 0 1]
0,146,[0 1 0 1 0 1 0 1]
0,147,[0 0 0 0 0 1 0 1]
0,148,[0 1 1 0 1 1 1 1]
0,149,[0 1 1 1 1 1 0 0]
0,150,[1 1 0 0 1 0 1 1]
0,151,[1 0 0 0 1 0 1 1]
0,152,[1 1 1 0 1 1 0 1]
0,153,[1 0 0 1 0 1 1 1]
0,154,[0 1 1 1 1 0 0 1]
0,155,[1 0 0 0 0 1 0 1]
0,156,[1 0 0 1 1 0 1 1]
0,157,[0 1 1 0 0 0 1 1]
0,158,[1 0 0 1 0 0 0 0]
0,159,[0 1 0 0 0 1 0 0]
0,160,[1 0 1 1 1 1 0 1]
0,161,[0 1 0 0 0 0 0 0]
0,162,[1 0 1 0 1 0 0 0]
0,163,[1 1 1 0 1 1 0 1]
0,164,[0 1 1 0 1 0 1 1]
0,165,[0 1 1 1 0 1 0 0]
0,166,[0 0 0 0 0 0 1 0]
0,167,[1 0 1 1 1 1 0 0]
0,168,[0 1 0 1 1 1 1 0]
0,169,[1 0 0 0 0 0 1 1]
0,170,[0 0 1 1 1 0 1 0]
0,171,[1 0 1 0 0 0 1 1]
0,172,[1 0 0 1 1 0 1 1]
0,173,[1 0 0 1 0 1 0 0]
0,174,[0 0 0 1 0 0 1 0]
0,175,[1 0 1 0 1 0 1 1]
0,176,[1 1 1 0 1 1 1 0]
0,177,[0 0 1 1 1 1 1 1]
0,178,[1 0 1 0 1 0 1 0]
0,179,[1 1 0 1 0 1 0 0]
0,180,[1 1 0 0 1 0 0 1]
0,181,[1 1 0 0 1 0 1 0]
0,182,[1 1 1 1 0 0 0 0]
0,183,[1 0 1 1 0 1 0 1]
0,184,[0 0 1 1 1 0 0 1]
0,185,[0 0 1 0 0 1 1 1]
0,186,[1 1 0 0 1 0 1 0]
0,187,[1 1 1 1 0 1 1 1]
0,188,[1 1 0 1 1 0 0 1]
0,189,[0 0 0 1 1 1 0 0]
0,190,[0 1 0 0 1 1 0 0]
0,191,[1 0 1 1 1 0 1 0]
0,192,[1 1 1 1 0 1 1 1]
0,193,[1 0 1 0 1 1 1 1]
0,194,[0 1 1 0 1 0 0 1]
0,195,[0 0 0 1 0 0 1 1]
0,196,[1 0 0 0 0 1 1 0]
0,197,[0 1 1 0 1 0 0 0]
0,198,[0 1 0 0 1 0 0 1]
0,199,[0 1 0 0 1 0 0 1]
0,200,[1 1 1 0 1 0 1 0]
0,201,[1 0 0 1 1 0 0 0]
0,202,[1 1 1 0 1 1 0 1]
0,203,[0 1 0 0 1 0 0 1]
0,204,[1 1 1 1 0 1 1 1]
0,205,[0 1 0 0 0 1 1 0]
0,206,[0 0 1 0 1 0 1 0]
0,207,[0 0 0 0 0 1 1 1]
0,208,[1 1 1 1 0 0 1 0]
0,209,[0 1 0 0 0 1 1 1]
0,210,[0 0 1 0 0 1 0 1]
0,211,[0 0 0 1 1 1 1 0]
0,212,[1 0 1 1 1 1 0 0]
0,213,[1 0 1 0 0 0 0 1]
0,214,[1 0 0 1 1 1 0 0]
0,215,[1 1 0 0 1 0 0 0]
0,216,[0 1 0 0 1 0 0 1]
0,217,[0 1 1 1 0 0 0 0]
0,218,[0 1 1 1 1 1 1 1]
0,219,[1 1 1 0 0 1 1 1]
0,220,[1 1 0 0 0 1 1 1]
0,221,[1 1 1 0 0 1 0 1]
0,222,[0 0 1 0 1 1 1 0]
0,223,[1 0 1 1 1 0 1 0]
0,224,[0 1 0 1 1 1 0 0]
0,225,[0 1 0 1 1 0 0 0]
0,226,[0 1 1 0 1 0 1 1]
0,227,[1 0 1 0 1 1 0 1]
0,228,[0 1 1 1 0 0 1 0]
0,229,[1 0 1 1 0 1 0 0]
0,230,[0 1 1 1 1 1 1 1]
0,231,[0 0 0 0 0 0 0 0]
0,232,[1 1 1 1 0 1 1 1]
0,233,[0 0 1 1 1 0 1 0]
0,234,[1 1 1 1 1 1 0 1]
0,235,[1 1 0 1 0 1 1 1]
0,236,[0 1 1 0 1 1 1 1]
0,237,[0 1 1 0 1 1 1 1]
0,238,[0 1 0 0 1 1 1 0]
0,239,[1 1 1 0 0 0 0 0]
0,240,[0 0 0 1 0 1 0 1]
0,241,[1 1 1 0 1 0 1 1]
0,242,[1 0 1 0 0 0 1 1]
0,243,[1 0 0 1 1 0 1 1]
0,244,[0 0 0 0 0 0 1 1]
0,245,[1 0 1 1 1 0 0 0]
0,246,[0 1 0 0 1 1 1 0]
0,247,[1 0 0 0 0 0 0 1]
0,248,[0 0 0 0 1 1 0 0]
0,249,[0 0 0 0 0 1 1 1]
0,250,[1 0 1 0 0 0 0 0]
0,251,[1 1 0 1 0 0 1 0]
0,252,[1 0 0 0 1 0 0 0]
0,253,[1 0 0 0 1 0 0 0]
0,254,[1 0 1 0 0 1 1 1]
0,255,[0 1 1 1 1 0 0 1]
0,256,[0 1 0 1 0 1 1 1]
0,257,[0 0 0 1 0 1 0 0]
0,258,[0 1 1 0 0 0 1 0]
0,259,[1 0 1 0 0 0 1 1]
0,260,[1 1 1 1 0 0 1 0]
0,261,[1 1 0 0 0 1 0 1]
0,262,[1 0 0 0 1 0 1 0]
0,263,[1 1 0 1 1 1 1 1]
0,264,[1 0 0 0 1 0 1 0]
0,265,[1 0 1 1 0 0 1 0]
0,266,[0 1 0 1 1 1 0 0]
0,267,[0 0 1 1 1 1 1 0]
0,268,[1 0 0 1 1 1 0 1]
0,269,[0 1 1 0 1 1 0 1]
0,270,[0 1 0 1 0 0 0 1]
0,271,[0 1 0 0 1 1 0 1]
0,272,[0 1 1 0 1 1 0 0]
0,273,[0 1 1 0 0 1 1 0]
0,274,[1 0 0 1 1 1 1 0]
0,275,[1 1 1 0 0 1 1 0]
0,276,[0 0 0 0 0 0 1 1]
0,277,[1 0 0 0 1 0 1 0]
0,278,[1 0 1 1 0 1 0 0]
0,279,[0 0 1 0 0 0 1 0]
0,280,[0 1 1 1 0 0 0 0]
0,281,[1 0 1 1 0 0 1 0]
0,282,[0 0 0 0 1 1 1 1]
0,283,[0 1 1 1 0 1 0 0]
0,284,[0 0 1 1 0 1 1 1]
0,285,[0 0 0 0 1 1 1 1]
0,286,[1 1 0 0 1 0 0 1]
0,287,[1 1 1 1 1 0 0 1]
0,288,[0 1 1 1 1 0 0 0]
0,289,[0 0 0 0 0 1 1 0]
0,290,[1 0 1 1 0 0 0 1]
0,291,[1 0 0 0 1 1 1 1]
0,292,[0 1 1 0 1 0 1 0]
0,293,[1 0 1 0 0 1 1 1]
0,294,[1 1 0 1 0 0 1 1]
0,295,[1 1 1 0 0 1 0 0]
0,296,[1 1 0 0 0 1 0 0]
0,297,[0 1 1 1 1 1 0 0]
0,298,[0 1 0 0 0 0 1 0]
0,299,[1 0 1 1 1 1 0 0]
1,0,[0 0 0 1 1 0 0 0]
1,1,[1 1 0 0 0 0 0 1]
1,2,[0 0 0 0 0 1 1 1]
1,3,[0 0 0 0 0 1 1 0]
1,4,[0 0 1 0 0 1 1 0]
1,5,[0 0 1 1 1 1 1 1]
1,6,[1 0 1 0 1 0 1 0]
1,7,[0 1 1 0 0 0 0 0]
1,8,[0 1 1 0 0 1 0 1]
1,9,[1 1 0 0 0 1 1 1]
1,10,[0 0 1 1 1 0 0 0]
1,11,[1 1 0 1 1 1 0 1]
1,12,[1 1 0 1 1 0 1 1]
1,13,[1 1 1 0 1 1 1 1]
1,14,[0 0 1 1 1 0 0 0]
1,15,[0 1 1 1 0 1 0 0]
1,16,[1 1 1 1 0 1 0 1]
1,17,[1 0 0 0 0 1 1 1]
1,18,[0 1 1 1 0 0 0 0]
1,19,[0 0 0 1 1 0 1 0]
1,20,[1 1 1 0 1 1 1 0]
1,21,[0 0 1 1 0 1 1 0]
1,22,[0 1 0 0 0 0 0 1]
1,23,[1 1 1 0 1 0 0 1]
1,24,[1 1 1 1 0 1 1 1]
1,25,[0 1 0 0 0 0 1 1]
1,26,[1 0 1 1 0 0 0 0]
1,27,[0 0 1 1 0 1 1 0]
1,28,[0 0 1 1 0 0 0 0]
1,29,[1 1 1 1 0 0 0 1]
1,30,[1 0 0 0 0 0 0 1]
1,31,[0 0 0 1 1 0 0 1]
1,32,[1 1 0 0 1 0 0 1]
1,33,[0 1 0 1 0 1 0 0]
1,34,[0 0 1 0 1 0 1 1]
1,35,[1 1 1 0 0 1 0 0]
1,36,[0 1 1 0 1 1 1 0]
1,37,[0 1 0 0 0 1 0 0]
1,38,[1 0 1 1 1 0 0 1]
1,39,[0 1 0 1 1 0 0 1]
1,40,[1 0 0 0 0 1 0 1]
1,41,[0 1 0 1 1 1 1 1]
1,42,[1 0 0 1 0 0 0 0]
1,43,[1 1 0 1 1 0 1 1]
1,44,[1 1 1 0 1 1 0 0]
1,45,[0 1 0 0 1 0 1 0]
1,46,[1 1 0 0 1 0 1 0]
1,47,[1 0 0 0 0 0 1 1]
1,48,[1 0 0 1 1 1 0 0]
1,49,[1 0 1 1 1 0 1 1]
1,50,[0 1 0 1 0 1 1 1]
1,51,[0 1 1 1 0 0 1 1]
1,52,[0 0 1 0 0 0 1 1]
1,53,[0 0 0 1 1 1 1 0]
1,54,[1 0 1 0 0 0 0 0]
1,55,[1 0 0 0 0 0 1 0]
1,56,[0 1 0 0 1 0 1 0]
1,57,[0 1 0 0 0 1 1 1]
1,58,[0 0 1 1 1 0 1 1]
1,59,[1 1 0 0 1 1 1 0]
1,60,[0 1 0 1 0 1 1 0]
1,61,[0 0 0 1 1 0 1 0]
1,62,[0 1 0 0 1 0 1 1]
1,63,[1 0 1 1 0 1 0 1]
1,64,[1 0 0 0 0 1 0 1]
1,65,[0 0 0 0 1 1 1 0]
1,66,[1 0 1 0 1 0 1 1]
1,67,[0 0 1 1 0 1 0 0]
1,68,[0 1 0 0 1 0 1 1]
1,69,[1 1 0 1 0 0 0 0]
1,70,[1 1 1 0 1 0 0 1]
1,71,[0 0 1 1 1 1 0 1]
1,72,[1 0 1 1 0 1 0 1]
1,73,[1 0 0 1 0 1 1 1]
1,74,[0 1 1 0 0 1 0 1]
1,75,[0 0 0 0 0 1 0 0]
1,76,[0 1 0 0 1 0 1 1]
1,77,[1 1 1 1 0 1 0 0]
1,78,[0 1 1 1 1 0 0 0]
1,79,[1 1 1 0 1 1 1 0]
1,80,[1 1 0 1 1 0 0 1]
1,81,[1 1 0 0 0 0 0 0]
1,82,[1 1 1 1 0 1 1 1]
1,83,[1 1 1 0 1 0 1 1]
1,84,[1 0 1 1 0 0 0 1]
1,85,[0 0 0 0 0 0 1 1]
1,86,[0 1 1 1 1 0 1 1]
1,87,[0 0 1 0 0 0 0 0]
1,88,[0 0 1 1 0 1 1 1]
1,89,[0 0 1 0 1 0 1 0]
1,90,[1 0 0 1 0 0 0 0]
1,91,[0 0 1 1 1 0 1 1]
1,92,[1 0 0 1 1 0 1 1]
1,93,[1 1 0 0 1 0 0 1]
1,94,[1 0 1 0 0 1 0 0]
1,95,[0 0 0 1 1 1 0 1]
1,96,[1 0 0 0 0 0 0 0]
1,97,[1 0 0 1 1 0 1 1]
1,98,[0 1 0 0 1 0 0 0]
1,99,[0 0 1 1 0 0 1 0]
1,100,[1 1 1 1 1 1 0 0]
1,101,[0 0 0 1 1 1 0 1]
1,102,[0 0 0 0 0 0 0 0]
1,103,[1 1 0 1 1 0 1 1]
1,104,[0 0 0 1 0 0 1 0]
1,105,[0 1 1 0 0 0 0 0]
1,106,[0 0 1 0 0 0 0 0]
1,107,[0 0 0 0 1 0 1 0]
1,108,[0 0 0 0 1 1 1 1]
1,109,[0 0 1 1 1 0 1 0]
1,110,[0 1 1 0 1 1 1 1]
1,111,[1 0 0 1 1 0 1 1]
1,112,[0 1 0 1 0 1 1 1]
1,113,[0 1 1 1 0 1 1 1]
1,114,[0 0 1 0 0 0 0 1]
1,115,[0 0 0 1 1 0 0 1]
1,116,[1 0 1 1 0 1 0 0]
1,117,[1 0 0 1 1 1 0 1]
1,118,[0 1 1 1 1 0 0 0]
1,119,[0 0 1 0 1 1 1 0]
1,120,[1 0 0 1 0 1 1 1]
1,121,[0 0 1 0 0 1 0 1]
1,122,[0 1 1 1 1 0 0 1]
1,123,[1 0 1 1 1 0 0 1]
1,124,[0 1 1 0 1 1 1 1]
1,125,[0 1 0 0 0 1 1 0]
1,126,[0 1 1 0 0 0 1 0]
1,127,[0 1 0 0 1 0 0 1]
1,128,[0 0 1 1 1 1 0 1]
1,129,[0 1 1 0 0 0 1 1]
1,130,[0 1 0 1 1 0 0 1]
1,131,[1 1 0 1 1 1 0 0]
1,132,[1 0 1 1 1 0 0 1]
1,133,[1 0 0 0 0 1 1 0]
1,134,[1 0 0 1 1 1 0 0]
1,135,[0 1 0 0 1 1 0 0]
1,136,[0 1 1 0 0 1 0 1]
1,137,[1 0 0 1 0 0 0 0]
1,138,[1 1 0 0 1 1 1 0]
1,139,[0 0 0 1 1 1 0 0]
1,140,[1 1 0 0 0 0 1 1]
1,141,[1 0 1 0 0 0 0 0]
1,142,[0 0 0 1 0 1 0 0]
1,143,[0 1 0 1 0 1 0 1]
1,144,[1 1 0 1 1 0 1 1]
1,145,[0 1 1 0 1 0 0 1]
1,146,[1 1 0 0 0 0 1 1]
1,147,[1 0 0 1 0 1 1 0]
1,148,[1 1 1 0 1 0 1 0]
1,149,[0 1 1 0 0 0 0 0]
1,150,[1 1 0 1 0 0 1 0]
1,151,[1 1 1 0 0 1 0 0]
1,152,[1 1 0 0 1 0 1 0]
1,153,[1 1 0 1 0 1 1 1]
1,154,[1 1 1 0 1 1 1 1]
1,155,[1 1 1 0 0 0 0 0]
1,156,[1 0 0 1 1 1 0 1]
1,157,[1 0 0 1 0 1 1 1]
1,158,[1 1 0 0 0 1 0 1]
1,159,[1 1 0 1 0 0 1 0]
1,160,[0 0 1 1 1 0 1 0]
1,161,[1 0 1 1 0 1 1 0]
1,162,[0 0 1 0 0 1 1 0]
1,163,[1 0 1 1 0 0 1 1]
1,164,[1 0 0 0 0 0 1 0]
1,165,[0 1 1 1 0 0 1 1]
1,166,[0 1 0 0 0 1 1 0]
1,167,[0 1 1 0 0 0 0 1]
1,168,[1 0 1 1 1 1 0 0]
1,169,[0 1 1 1 1 1 0 0]
1,170,[0 0 1 1 0 1 1 0]
1,171,[0 0 1 0 0 0 1 0]
1,172,[1 0 0 0 1 1 1 1]
1,173,[1 1 0 0 1 0 0 1]
1,174,[1 0 1 0 1 0 0 1]
1,175,[1 0 0 1 1 0 1 1]
1,176,[0 1 1 0 0 1 1 0]
1,177,[1 0 1 0 1 1 0 0]
1,178,[1 1 1 1 0 0 0 0]
1,179,[0 1 1 1 0 0 1 0]
1,180,[0 0 0 0 1 1 1 1]
1,181,[0 0 1 1 1 1 0 1]
1,182,[0 1 0 1 1 1 1 0]
1,183,[0 1 1 0 1 0 0 1]
1,184,[0 0 0 1 1 0 1 0]
1,185,[0 1 1 1 0 1 0 0]
1,186,[1 0 1 1 0 1 0 1]
1,187,[0 1 1 0 1 0 1 0]
1,188,[0 0 0 1 1 0 1 1]
1,189,[0 0 0 0 0 1 1 0]
1,190,[1 0 1 1 1 1 0 0]
1,191,[0 1 1 1 1 0 0 0]
1,192,[0 1 1 0 0 0 1 0]
1,193,[1 0 0 1 0 1 1 1]
1,194,[1 1 1 1 0 1 1 0]
1,195,[0 1 1 1 1 1 1 0]
1,196,[1 0 0 1 0 0 1 0]
1,197,[1 0 1 1 1 0 1 0]
1,198,[0 1 0 1 0 1 1 0]
1,199,[0 0 0 1 0 1 1 0]
1,200,[0 1 0 1 1 1 1 0]
1,201,[1 0 0 1 1 1 0 1]
1,202,[1 1 0 0 1 0 1 1]
1,203,[0 1 1 1 0 1 0 0]
1,204,[1 0 0 0 0 0 1 1]
1,205,[1 0 1 0 0 1 0 0]
1,206,[0 1 0 0 0 1 1 0]
1,207,[1 0 0 0 0 0 0 0]
1,208,[0 0 0 0 1 1 0 0]
1,209,[1 0 0 0 0 0 1 0]
1,210,[0 1 0 0 1 0 1 0]
1,211,[1 0 1 1 1 1 0 1]
1,212,[0 1 1 0 0 1 0 0]
1,213,[0 1 0 0 1 1 1 0]
1,214,[1 0 1 0 1 1 0 0]
1,215,[0 0 0 0 0 1 0 0]
1,216,[1 1 1 0 0 0 0 1]
1,217,[1 1 1 1 0 1 1 1]
1,218,[0 0 0 0 1 0 1 0]
1,219,[0 1 1 1 0 1 0 0]
1,220,[0 1 0 1 0 1 0 0]
1,221,[1 1 1 0 0 1 0 0]
1,222,[1 0 0 0 0 1 1 1]
1,223,[0 1 0 0 1 1 1 1]
1,224,[1 0 0 1 1 1 0 0]
1,225,[0 1 1 0 0 0 0 1]
1,226,[1 1 1 1 1 1 0 1]
1,227,[1 1 0 1 1 1 1 0]
1,228,[1 1 1 1 0 1 0 1]
1,229,[1 0 1 1 1 1 0 0]
1,230,[0 1 1 1 0 1 0 0]
1,231,[0 0 0 0 1 0 1 1]
1,232,[0 1 0 0 0 0 1 0]
1,233,[0 1 1 1 0 1 0 0]
1,234,[1 1 1 1 0 0 0 0]
1,235,[0 0 1 0 1 1 1 1]
1,236,[1 0 1 0 0 0 1 1]
1,237,[0 1 1 1 1 0 0 1]
1,238,[0 0 0 1 0 1 0 0]
1,239,[0 1 1 1 1 1 0 0]
1,240,[1 0 1 0 0 1 1 0]
1,241,[1 0 1 1 0 0 1 0]
1,242,[0 0 0 0 0 0 0 1]
1,243,[1 0 0 0 0 0 0 0]
1,244,[0 1 0 0 0 1 1 0]
1,245,[0 1 0 0 0 0 1 0]
1,246,[0 1 1 0 0 1 0 1]
1,247,[0 1 0 0 1 0 0 1]
1,248,[0 1 1 1 0 1 0 1]
1,249,[1 0 1 1 0 0 1 1]
1,250,[1 0 0 1 0 1 0 0]
1,251,[0 0 0 0 1 1 0 0]
1,252,[0 0 1 1 1 0 1 0]
1,253,[0 0 1 1 1 0 0 0]
1,254,[0 0 1 1 1 1 1 1]
1,255,[1 0 0 0 0 0 1 1]
1,256,[0 1 1 0 1 0 0 1]
1,257,[0 0 1 1 1 0 0 1]
1,258,[1 1 1 0 1 1 1 0]
1,259,[1 0 0 1 1 1 1 1]
1,260,[1 0 0 1 1 1 1 0]
1,261,[0 1 1 0 1 1 1 0]
1,262,[0 0 1 1 0 0 0 1]
1,263,[1 1 0 1 1 1 0 1]
1,264,[0 0 0 0 1 0 1 0]
1,265,[0 0 1 0 1 0 1 0]
1,266,[0 1 0 1 0 0 0 0]
1,267,[0 0 0 0 1 1 1 1]
1,268,[0 1 1 0 0 1 1 0]
1,269,[1 0 0 0 1 1 1 0]
1,270,[0 0 1 1 1 1 0 0]
1,271,[1 1 0 0 0 1 1 1]
1,272,[0 0 1 1 1 1 1 0]
1,273,[1 0 1 1 1 1 1 1]
1,274,[1 1 1 1 0 1 0 1]
1,275,[1 1 1 1 1 1 0 1]
1,276,[1 1 1 1 0 0 1 0]
1,277,[0 1 0 1 0 0 1 1]
1,278,[1 0 1 1 1 1 0 0]
1,279,[1 0 1 0 1 1 0 0]
1,280,[1 0 0 1 0 0 0 0]
1,281,[0 0 1 1 1 0 0 1]
1,282,[0 0 1 0 0 1 1 1]
1,283,[0 1 1 0 1 0 1 1]
1,284,[0 1 1 1 0 1 0 0]
1,285,[0 0 1 0 1 0 1 0]
1,286,[1 0 0 0 0 0 0 1]
1,287,[0 0 1 1 1 0 1 0]
1,288,[0 0 1 0 1 0 1 0]
1,289,[0 1 1 1 1 0 0 1]
1,290,[1 1 0 1 0 1 1 1]
1,291,[1 0 0 0 1 1 1 0]
1,292,[1 0 1 0 1 0 1 0]
1,293,[0 1 1 1 1 0 1 0]
1,294,[1 1 0 0 0 0 0 0]
1,295,[1 1 1 1 0 1 0 1]
1,296,[1 1 0 1 1 0 0 1]
1,297,[0 1 0 1 0 1 1 0]
1,298,[0 0 0 1 0 1 0 0]
1,299,[0 1 0 0 0 1 0 0]
2,0,[0 1 0 1 1 1 0 0]
2,1,[1 0 1 1 1 0 0 1]
2,2,[1 1 1 0 1 1 1 1]
2,3,[1 0 0 1 1 1 0 1]
2,4,[0 1 1 1 1 0 0 0]
2,5,[1 1 0 0 0 0 1 1]
2,6,[1 0 1 0 0 1 1 1]
2,7,[0 0 1 0 1 0 0 1]
2,8,[0 1 0 0 0 0 0 1]
2,9,[1 0 1 1 1 1 0 0]
2,10,[1 1 0 0 1 0 1 1]
2,11,[0 1 1 1 1 1 1 0]
2,12,[0 0 0 0 0 0 0 0]
2,13,[0 0 1 1 1 0 0 0]
2,14,[0 1 1 0 1 0 0 1]
2,15,[0 1 1 1 1 0 0 1]
2,16,[0 1 0 1 0 1 0 0]
2,17,[1 0 1 1 0 0 0 1]
2,18,[1 1 0 1 1 0 0 1]
2,19,[1 0 1 0 1 0 0 1]
2,20,[0 1 1 0 1 1 1 1]
2,21,[1 0 1 0 0 1 1 1]
2,22,[1 1 1 1 1 0 1 1]
2,23,[1 1 0 0 0 0 0 0]
2,24,[1 0 0 0 1 0 0 0]
2,25,[0 1 0 1 0 0 0 0]
2,26,[0 0 0 0 1 0 1 1]
2,27,[1 1 0 1 1 1 0 1]
2,28,[1 1 0 1 1 1 0 0]
2,29,[1 1 0 0 0 0 1 1]
2,30,[0 0 0 0 1 0 0 0]
2,31,[1 0 1 1 0 1 1 0]
2,32,[0 0 0 0 0 0 0 0]
2,33,[0 0 0 0 1 0 0 1]
2,34,[0 0 1 0 1 0 0 0]
2,35,[1 0 1 1 1 1 1 0]
2,36,[1 1 0 1 0 1 0 1]
2,37,[0 0 1 1 1 1 0 1]
2,38,[0 0 0 0 0 0 1 0]
2,39,[1 1 1 1 1 1 1 0]
2,40,[1 0 0 0 0 1 1 0]
2,41,[1 1 0 1 0 1 0 0]
2,42,[0 1 0 1 0 1 1 1]
2,43,[0 1 0 0 0 0 1 1]
2,44,[1 0 1 0 1 0 1 1]
2,45,[0 1 0 1 0 0 1 0]
2,46,[1 0 0 0 0 0 1 0]
2,47,[0 1 0 1 1 1 0 0]
2,48,[1 1 1 1 1 0 0 1]
2,49,[1 1 0 1 0 1 0 0]
2,50,[0 0 1 1 0 1 1 0]
2,51,[1 1 0 1 0 0 0 1]
2,52,[0 0 0 0 0 0 1 1]
2,53,[0 1 1 1 1 1 0 1]
2,54,[1 0 1 1 0 1 1 1]
2,55,[1 0 1 1 1 0 1 0]
2,56,[0 0 1 1 1 0 0 1]
2,57,[0 1 0 0 1 0 0 1]
2,58,[0 1 0 1 1 1 0 1]
2,59,[1 1 1 1 1 1 1 0]
2,60,[1 0 0 0 1 1 0 1]
2,61,[0 0 0 0 0 0 1 0]
2,62,[1 1 1 0 1 1 0 1]
2,63,[0 1 1 1 0 0 1 0]
2,64,[0 1 0 0 1 1 1 1]
2,65,[0 0 0 0 0 0 0 0]
2,66,[1 0 0 1 1 0 1 1]
2,67,[1 1 0 0 1 0 0 0]
2,68,[0 1 1 0 0 0 0 0]
2,69,[1 0 0 1 1 0 0 0]
2,70,[0 1 0 1 0 1 0 1]
2,71,[1 1 0 0 0 0 0 0]
2,72,[0 1 0 0 0 1 1 1]
2,73,[0 1 0 0 0 1 1 0]
2,74,[1 0 1 0 1 1 0 1]
2,75,[1 0 0 1 0 1 0 1]
2,76,[0 1 0 0 1 0 0 0]
2,77,[1 1 0 1 0 1 0 0]
2,78,[0 0 0 1 0 0 1 0]
2,79,[0 1 1 1 1 0 0 0]
2,80,[1 0 1 1 0 1 0 0]
2,81,[1 0 0 0 0 1 0 0]
2,82,[1 1 1 1 0 0 1 0]
2,83,[0 1 0 0 0 1 0 1]
2,84,[0 0 0 0 0 0 1 1]
2,85,[1 0 0 1 0 1 0 0]
2,86,[0 0 1 1 1 1 0 1]
2,87,[0 0 1 0 1 1 1 0]
2,88,[1 0 0 0 0 0 1 0]
2,89,[1 0 1 0 1 0 1 1]
2,90,[1 0 0 0 1 1 0 1]
2,91,[0 1 1 0 0 1 1 0]
2,92,[0 0 0 1 1 1 0 1]
2,93,[1 1 0 0 1 1 0 0]
2,94,[0 0 1 1 1 0 1 0]
2,95,[1 1 0 0 1 1 0 1]
2,96,[0 0 0 1 0 1 0 0]
2,97,[1 1 1 0 0 0 1 0]
2,98,[0 1 0 0 1 0 0 0]
2,99,[1 0 1 1 1 0 1 0]
2,100,[0 0 0 0 1 1 0 1]
2,101,[0 1 0 0 1 1 1 0]
2,102,[1 1 1 1 0 1 0 0]
2,103,[1 1 0 0 0 0 0 0]
2,104,[0 1 0 1 1 1 0 1]
2,105,[1 0 0 1 1 0 1 1]
2,106,[1 1 1 0 0 1 1 0]
2,107,[0 1 1 1 0 1 1 0]
2,108,[1 0 1 1 1 1 0 0]
2,109,[1 0 1 1 1 0 1 0]
2,110,[0 0 1 0 0 0 0 1]
2,111,[1 1 1 1 0 0 0 1]
2,112,[1 0 1 1 0 0 1 0]
2,113,[1 1 0 1 0 1 0 0]
2,114,[1 1 0 0 0 0 0 1]
2,115,[1 0 1 0 0 0 1 0]
2,116,[1 0 0 1 0 1 0 1]
2,117,[1 0 0 0 1 1 1 1]
2,118,[0 0 1 0 1 0 1 0]
2,119,[0 0 1 1 0 1 1 0]
2,120,[0 0 0 0 0 0 1 0]
2,121,[1 1 0 0 1 0 0 0]
2,122,[0 0 1 1 0 0 0 1]
2,123,[0 0 1 1 1 0 1 1]
2,124,[1 1 1 1 0 0 1 1]
2,125,[1 1 0 0 1 1 0 1]
2,126,[1 1 0 0 0 1 0 1]
2,127,[1 0 0 0 1 1 0 0]
2,128,[1 0 1 1 1 1 1 1]
2,129,[1 1 0 0 0 0 0 1]
2,130,[1 0 0 1 0 1 0 0]
2,131,[1 1 0 0 0 1 0 0]
2,132,[0 1 0 1 0 0 0 1]
2,133,[0 1 1 0 0 0 0 1]
2,134,[1 1 0 1 0 0 1 0]
2,135,[0 1 0 0 0 0 0 0]
2,136,[1 1 0 1 1 1 0 0]
2,137,[1 1 0 1 0 1 0 0]
2,138,[1 1 0 0 1 1 1 1]
2,139,[0 0 1 0 0 0 1 0]
2,140,[1 1 1 0 1 0 0 1]
2,141,[0 0 1 1 1 0 1 1]
2,142,[0 0 1 0 0 0 0 1]
2,143,[1 1 1 0 1 1 1 0]
2,144,[0 0 1 0 0 0 0 0]
2,145,[0 0 1 1 0 0 1 0]
2,146,[0 1 1 1 1 1 0 1]
2,147,[1 0 0 0 1 1 0 1]
2,148,[0 1 1 0 1 0 1 0]
2,149,[0 1 1 0 1 0 1 0]
2,150,[1 1 0 1 1 0 1 1]
2,151,[1 0 0 1 1 0 1 1]
2,152,[1 0 0 0 0 1 0 1]
2,153,[1 0 1 1 1 1 1 1]
2,154,[1 1 0 0 1 0 0 1]
2,155,[0 0 1 1 0 1 0 1]
2,156,[1 1 1 1 0 0 0 1]
2,157,[0 1 0 1 0 1 1 0]
2,158,[1 0 1 1 0 0 0 0]
2,159,[1 0 0 0 1 1 0 0]
2,160,[1 1 1 0 0 0 0 0]
2,161,[0 1 1 0 0 1 1 1]
2,162,[1 1 0 1 1 1 1 0]
2,163,[1 1 0 0 0 0 0 0]
2,164,[1 1 0 0 0 0 1 1]
2,165,[1 0 1 0 1 1 0 0]
2,166,[1 0 1 0 0 0 1 0]
2,167,[1 1 1 0 1 1 1 1]
2,168,[1 1 1 0 0 0 0 0]
2,169,[1 0 0 1 0 1 1 1]
2,170,[1 0 0 1 1 0 1 1]
2,171,[1 0 0 1 1 1 0 1]
2,172,[1 1 1 0 0 0 1 1]
2,173,[0 0 1 0 0 1 0 0]
2,174,[1 0 0 0 0 1 1 0]
2,175,[0 1 1 1 0 0 1 1]
2,176,[0 1 1 0 0 0 0 0]
2,177,[1 0 0 0 0 0 1 0]
2,178,[0 1 1 0 0 1 0 1]
2,179,[1 0 0 0 1 1 0 1]
2,180,[0 0 1 1 0 0 1 0]
2,181,[0 1 1 0 0 0 0 1]
2,182,[1 0 0 0 0 0 0 1]
2,183,[0 0 1 0 0 1 0 0]
2,184,[1 0 0 1 1 0 1 1]
2,185,[0 1 0 0 1 1 1 0]
2,186,[1 0 0 1 0 1 1 1]
2,187,[0 0 1 0 1 0 1 1]
2,188,[1 0 1 1 1 1 0 0]
2,189,[0 1 1 0 1 0 0 1]
2,190,[1 1 1 1 1 1 1 1]
2,191,[0 0 0 0 0 0 1 0]
2,192,[0 0 1 1 1 1 1 0]
2,193,[0 0 1 0 0 0 1 0]
2,194,[1 0 1 0 1 0 0 1]
2,195,[0 0 1 1 0 1 1 0]
2,196,[0 1 0 0 0 0 0 0]
2,197,[0 0 0 0 1 1 1 0]
2,198,[0 0 0 1 1 1 1 0]
2,199,[1 1 1 0 0 1 1 0]
2,200,[0 0 1 1 0 0 0 1]
2,201,[0 1 0 1 0 1 0 1]
2,202,[0 1 1 1 0 1 1 0]
2,203,[1 0 1 0 0 1 1 0]
2,204,[0 0 0 1 0 1 1 0]
2,205,[0 0 1 0 1 0 0 0]
2,206,[1 1 0 1 1 1 0 0]
2,207,[1 1 1 0 1 0 0 1]
2,208,[1 0 1 1 1 1 0 1]
2,209,[0 0 0 1 0 0 0 1]
2,210,[0 1 1 1 1 1 1 0]
2,211,[0 0 1 1 0 1 0 1]
2,212,[0 1 1 1 1 0 1 0]
2,213,[1 0 0 0 1 0 0 0]
2,214,[1 0 1 0 0 0 1 0]
2,215,[0 1 0 1 0 1 0 1]
2,216,[1 1 1 0 1 0 0 1]
2,217,[0 1 1 1 0 1 0 0]
2,218,[0 1 1 1 1 0 1 0]
2,219,[0 0 1 1 1 1 1 0]
2,220,[1 0 0 1 0 0 0 0]
2,221,[1 0 1 1 0 0 0 1]
2,222,[0 1 1 1 1 0 0 1]
2,223,[1 1 0 1 0 0 0 1]
2,224,[1 0 0 0 1 0 0 1]
2,225,[0 1 0 1 0 0 0 0]
2,226,[1 1 1 0 0 0 0 1]
2,227,[0 0 1 0 1 0 0 0]
2,228,[1 1 1 0 1 1 0 1]
2,229,[0 0 0 1 1 1 1 0]
2,230,[0 0 1 1 0 0 1 0]
2,231,[0 0 0 0 0 0 0 0]
2,232,[0 1 1 0 0 1 0 0]
2,233,[0 1 1 1 1 0 0 1]
2,234,[1 1 0 0 0 0 1 1]
2,235,[1 0 1 0 1 0 1 1]
2,236,[1 0 1 0 0 0 1 1]
2,237,[0 0 0 1 1 0 0 0]
2,238,[0 0 1 1 0 0 0 0]
2,239,[0 0 0 1 0 1 0 1]
2,240,[0 0 0 0 0 0 1 0]
2,241,[0 1 1 1 0 1 1 0]
2,242,[0 0 1 1 0 0 1 1]
2,243,[1 1 1 1 0 0 0 0]
2,244,[1 0 1 0 0 1 0 0]
2,245,[0 1 1 0 1 0 1 1]
2,246,[1 0 1 1 1 1 0 0]
2,247,[0 1 1 1 0 0 1 1]
2,248,[0 1 0 1 0 0 0 1]
2,249,[0 1 0 1 1 1 1 0]
2,250,[0 1 1 1 1 1 1 0]
2,251,[0 1 1 0 0 1 0 1]
2,252,[1 0 1 0 1 0 0 1]
2,253,[1 1 0 1 0 0 1 0]
2,254,[0 1 1 0 1 0 0 1]
2,255,[1 1 1 1 0 1 0 1]
2,256,[1 0 1 0 0 0 1 1]
2,257,[0 0 0 1 0 0 0 0]
2,258,[1 1 1 1 1 0 1 1]
2,259,[1 1 0 1 0 1 0 0]
2,260,[0 1 1 1 1 0 0 1]
2,261,[1 0 0 0 0 0 0 1]
2,262,[1 0 1 1 1 0 0 0]
2,263,[1 0 0 1 0 1 1 0]
2,264,[1 0 1 1 1 1 0 0]
2,265,[1 0 0 1 1 0 1 1]
2,266,[1 1 0 1 1 0 0 1]
2,267,[0 0 1 1 1 1 0 1]
2,268,[0 1 1 1 0 1 1 0]
2,269,[1 0 1 0 1 1 1 1]
2,270,[0 1 0 1 0 1 0 0]
2,271,[0 1 0 0 0 0 1 0]
2,272,[0 0 1 1 1 1 0 1]
2,273,[0 0 1 1 0 1 1 0]
2,274,[1 0 0 1 1 0 1 1]
2,275,[1 1 1 1 0 1 1 1]
2,276,[1 1 0 1 1 1 0 0]
2,277,[1 1 1 0 0 1 1 1]
2,278,[0 0 0 0 0 1 0 1]
2,279,[1 1 1 1 0 1 0 1]
2,280,[0 0 1 0 1 1 0 0]
2,281,[0 1 0 0 1 1 0 1]
2,282,[1 0 0 1 0 1 1 1]
2,283,[0 0 0 1 0 1 1 1]
2,284,[0 1 1 0 0 0 0 0]
2,285,[1 0 0 1 1 0 1 1]
2,286,[1 0 1 0 1 0 0 0]
2,287,[0 1 0 1 0 0 1 1]
2,288,[1 1 0 1 1 1 1 0]
2,289,[0 1 1 0 0 1 0 1]
2,290,[0 1 1 1 1 0 0 0]
2,291,[0 0 1 1 1 0 1 0]
2,292,[1 1 1 0 1 0 0 1]
2,293,[1 0 0 0 1 1 0 0]
2,294,[0 1 0 1 0 1 0 1]
2,295,[0 1 0 0 0 0 0 0]
2,296,[1 1 1 1 0 0 1 1]
2,297,[1 1 0 1 1 1 1 1]
2,298,[1 1 0 1 1 1 1 1]
2,299,[0 1 0 0 1 1 0 0]
3,0,[0 1 0 0 1 0 0 0]
3,1,[1 1 1 0 1 0 0 0]
3,2,[0 1 1 1 0 0 0 1]
3,3,[0 0 0 1 0 0 1 0]
3,4,[1 0 1 1 1 1 1 1]
3,5,[1 0 0 0 0 0 0 0]
3,6,[1 1 1 1 1 0 1 1]
3,7,[1 1 0 1 1 0 1 1]
3,8,[1 0 1 0 1 1 0 1]
3,9,[0 0 0 0 0 0 1 1]
3,10,[1 1 0 1 0 1 0 0]
3,11,[0 0 1 0 0 1 1 0]
3,12,[0 0 0 0 1 0 1 0]
3,13,[0 0 0 0 0 1 1 1]
3,14,[0 1 1 0 0 1 1 1]
3,15,[0 0 0 0 1 1 0 0]
3,16,[0 1 1 1 1 0 0 1]
3,17,[1 1 1 1 1 0 0 0]
3,18,[0 0 1 0 0 0 1 0]
3,19,[1 1 0 1 1 0 0 1]
3,20,[1 0 0 0 0 0 1 1]
3,21,[0 0 0 0 0 1 0 0]
3,22,[1 1 0 1 1 1 0 0]
3,23,[1 0 0 1 0 1 1 1]
3,24,[1 0 0 0 0 0 0 1]
3,25,[1 1 0 1 1 1 0 0]
3,26,[0 0 1 0 0 1 1 1]
3,27,[1 0 0 0 0 1 1 1]
3,28,[1 1 1 0 0 0 0 0]
3,29,[1 0 0 1 0 1 1 1]
3,30,[1 1 0 1 1 0 0 1]
3,31,[0 1 1 0 0 1 0 1]
3,32,[1 0 0 1 1 0 1 1]
3,33,[1 0 0 0 1 1 0 1]
3,34,[1 0 1 0 1 0 0 1]
3,35,[0 1 0 1 1 1 0 1]
3,36,[0 0 0 0 1 0 1 0]
3,37,[0 1 1 1 1 0 0 1]
3,38,[1 0 0 0 1 1 1 0]
3,39,[0 1 1 0 1 0 0 0]
3,40,[1 1 0 1 0 1 0 1]
3,41,[0 0 1 1 1 0 1 1]
3,42,[1 0 1 0 1 0 0 0]
3,43,[0 1 1 0 0 0 0 1]
3,44,[1 1 0 0 1 0 0 0]
3,45,[0 1 1 0 0 0 0 1]
3,46,[1 1 0 0 1 0 1 0]
3,47,[0 0 1 1 1 0 1 1]
3,48,[1 1 1 0 1 1 1 1]
3,49,[0 1 0 0 0 0 0 1]
3,50,[1 0 1 1 1 1 1 1]
3,51,[1 1 1 1 0 0 0 1]
3,52,[0 0 1 0 1 0 1 0]
3,53,[0 0 1 1 0 0 1 0]
3,54,[0 1 1 1 1 0 1 1]
3,55,[0 0 1 1 1 0 0 1]
3,56,[1 0 0 0 0 1 0 0]
3,57,[1 1 1 1 0 1 0 1]
3,58,[0 1 1 0 0 0 0 1]
3,59,[1 0 1 0 1 1 1 0]
3,60,[0 0 1 0 1 0 0 1]
3,61,[0 0 0 0 1 1 1 0]
3,62,[0 0 1 0 1 0 0 0]
3,63,[1 0 0 1 0 0 0 0]
3,64,[0 1 0 1 0 1 1 1]
3,65,[0 1 1 0 1 1 0 1]
3,66,[0 0 1 1 1 0 1 0]
3,67,[1 1 0 1 0 1 1 1]
3,68,[0 0 1 0 1 0 0 0]
3,69,[1 0 0 1 0 0 0 1]
3,70,[0 1 0 0 1 0 0 1]
3,71,[0 1 1 1 0 0 1 1]
3,72,[1 1 0 0 0 0 0 0]
3,73,[1 1 0 1 1 1 1 1]
3,74,[1 0 0 1 1 0 0 0]
3,75,[0 1 1 0 1 0 0 1]
3,76,[0 0 0 1 1 0 0 0]
3,77,[0 0 0 0 0 1 1 1]
3,78,[1 1 1 1 1 1 1 1]
3,79,[1 1 1 1 1 0 0 0]
3,80,[0 0 1 0 0 0 1 1]
3,81,[1 1 1 1 1 0 1 1]
3,82,[0 1 0 0 0 0 0 1]
3,83,[0 0 0 1 1 0 0 1]
3,84,[0 1 1 1 1 0 0 1]
3,85,[0 1 0 0 0 1 0 1]
3,86,[1 1 1 0 1 0 0 1]
3,87,[0 1 0 0 1 0 1 0]
3,88,[1 0 0 1 0 1 0 0]
3,89,[1 0 1 1 0 0 1 0]
3,90,[0 1 1 0 1 0 0 1]
3,91,[1 1 1 1 0 0 0 1]
3,92,[0 0 1 0 1 1 1 0]
3,93,[1 0 0 1 1 0 1 1]
3,94,[1 0 1 0 0 1 0 0]
3,95,[1 1 1 0 0 1 0 0]
3,96,[0 0 0 0 1 0 1 1]
3,97,[1 1 0 1 0 0 1 0]
3,98,[0 0 0 0 1 0 0 0]
3,99,[1 0 1 1 1 0 0 1]
3,100,[1 0 0 0 0 0 0 1]
3,101,[1 0 1 0 1 1 0 0]
3,102,[1 1 1 0 0 1 1 0]
3,103,[1 0 1 0 1 1 1 0]
3,104,[1 1 1 0 1 0 1 0]
3,105,[1 1 1 0 1 0 0 1]
3,106,[1 0 1 0 1 0 1 1]
3,107,[1 1 1 1 1 0 0 1]
3,108,[1 1 0 1 1 0 1 0]
3,109,[0 0 1 0 0 0 0 1]
3,110,[1 1 1 1 0 1 0 0]
3,111,[0 1 1 1 1 0 0 0]
3,112,[0 1 1 0 1 1 1 0]
3,113,[1 1 0 1 1 0 1 1]
3,114,[0 1 1 1 0 1 1 0]
3,115,[1 1 1 0 1 0 0 0]
3,116,[0 1 1 1 1 0 0 0]
3,117,[0 0 1 0 0 1 0 0]
3,118,[1 1 0 0 0 0 0 1]
3,119,[0 1 0 1 0 0 0 0]
3,120,[1 1 0 0 0 0 1 1]
3,121,[0 0 0 1 0 0 1 0]
3,122,[0 1 0 1 0 1 1 1]
3,123,[0 1 1 1 0 1 0 0]
3,124,[0 1 1 1 0 0 0 0]
3,125,[1 1 1 0 1 0 1 0]
3,126,[0 0 1 0 0 0 0 1]
3,127,[0 0 1 0 1 0 0 0]
3,128,[0 1 1 1 1 0 1 0]
3,129,[0 0 1 1 0 0 1 1]
3,130,[1 0 0 1 0 1 0 0]
3,131,[0 1 0 1 0 0 0 0]
3,132,[1 1 1 0 0 1 0 1]
3,133,[1 0 0 1 1 0 0 1]
3,134,[1 0 1 0 1 1 0 1]
3,135,[0 0 0 1 1 1 0 1]
3,136,[0 1 1 0 1 0 0 1]
3,137,[1 1 0 0 1 0 1 1]
3,138,[1 1 1 0 0 0 1 1]
3,139,[0 1 1 0 1 0 0 1]
3,140,[1 1 1 1 1 0 0 0]
3,141,[1 1 1 1 0 0 0 0]
3,142,[0 1 0 0 0 0 0 1]
3,143,[0 0 0 1 1 0 1 1]
3,144,[0 1 0 0 1 0 1 1]
3,145,[0 0 1 0 0 1 0 1]
3,146,[0 0 1 1 0 1 1 0]
3,147,[0 1 0 0 1 0 1 1]
3,148,[0 1 0 1 0 1 1 1]
3,149,[1 1 1 0 1 1 0 0]
3,150,[1 0 0 0 1 0 1 1]
3,151,[1 1 1 0 1 0 1 1]
3,152,[0 1 0 0 0 1 0 1]
3,153,[0 1 1 1 0 1 0 1]
3,154,[1 1 1 0 0 0 0 0]
3,155,[1 0 0 1 1 0 1 0]
3,156,[0 0 0 1 0 0 1 1]
3,157,[0 0 1 0 0 1 0 1]
3,158,[1 0 0 1 0 1 1 1]
3,159,[1 0 0 0 1 1 0 0]
3,160,[1 1 0 0 1 1 0 0]
3,161,[1 1 0 0 1 1 1 0]
3,162,[0 0 0 0 0 1 0 1]
3,163,[0 0 0 1 1 0 0 0]
3,164,[1 1 1 0 1 1 0 1]
3,165,[1 1 0 1 1 0 1 1]
3,166,[1 0 0 1 0 1 1 1]
3,167,[1 1 1 0 0 0 0 1]
3,168,[0 0 0 1 0 1 1 0]
3,169,[1 0 0 0 1 1 1 1]
3,170,[1 0 1 1 0 1 0 1]
3,171,[1 0 0 0 1 0 0 0]
3,172,[1 0 1 0 0 0 1 0]
3,173,[0 1 0 1 0 1 1 0]
3,174,[0 0 1 0 1 0 0 0]
3,175,[0 1 0 0 1 1 1 0]
3,176,[1 0 1 1 0 0 0 0]
3,177,[1 1 0 0 1 0 0 0]
3,178,[0 0 1 0 1 0 0 0]
3,179,[0 0 1 1 0 1 0 1]
3,180,[1 1 1 0 0 0 0 0]
3,181,[1 0 1 1 1 1 0 1]
3,182,[1 1 0 0 0 1 1 0]
3,183,[1 1 1 1 0 0 1 0]
3,184,[1 0 0 0 1 0 1 0]
3,185,[1 1 1 0 1 0 1 0]
3,186,[0 1 1 0 0 0 0 1]
3,187,[1 0 1 0 1 0 0 1]
3,188,[0 1 0 0 1 0 1 1]
3,189,[1 0 0 1 0 1 0 0]
3,190,[1 0 0 0 0 0 0 1]
3,191,[1 0 1 1 1 1 0 0]
3,192,[1 0 0 0 1 1 1 0]
3,193,[1 0 1 1 1 0 1 0]
3,194,[0 0 0 1 1 1 1 0]
3,195,[0 1 1 0 1 0 0 0]
3,196,[1 0 0 0 0 0 1 0]
3,197,[0 1 0 1 1 1 0 1]
3,198,[1 0 1 1 0 1 0 1]
3,199,[0 1 0 0 1 1 1 0]
3,200,[1 1 1 0 0 1 1 0]
3,201,[0 0 0 1 1 0 0 1]
3,202,[1 0 0 1 1 0 1 1]
3,203,[1 1 1 1 0 1 0 1]
3,204,[0 0 0 1 1 1 1 1]
3,205,[0 1 0 0 0 0 0 0]
3,206,[0 0 1 0 1 0 1 0]
3,207,[1 1 0 0 0 0 1 1]
3,208,[0 1 0 0 0 0 1 0]
3,209,[1 0 1 1 0 1 0 0]
3,210,[1 0 1 0 0 1 1 0]
3,211,[0 0 1 0 0 0 0 1]
3,212,[0 1 0 0 0 0 0 0]
3,213,[0 0 0 1 1 0 0 1]
3,214,[1 0 1 0 1 0 1 1]
3,215,[0 1 0 0 1 1 0 1]
3,216,[1 1 0 0 0 0 1 1]
3,217,[1 1 0 1 0 0 1 0]
3,218,[0 0 1 1 0 0 0 0]
3,219,[0 0 0 0 1 1 1 1]
3,220,[1 0 1 0 0 0 1 1]
3,221,[0 0 0 1 0 0 1 0]
3,222,[0 1 0 0 0 0 0 0]
3,223,[0 1 1 1 0 0 0 0]
3,224,[0 0 1 1 0 1 0 0]
3,225,[1 0 0 1 1 1 1 1]
3,226,[0 1 0 1 0 1 1 0]
3,227,[1 0 1 1 1 1 0 0]
3,228,[1 0 0 1 0 1 0 0]
3,229,[1 0 0 0 0 0 0 1]
3,230,[0 1 0 0 0 1 1 0]
3,231,[0 1 0 0 1 0 0 1]
3,232,[0 0 1 1 1 1 0 1]
3,233,[1 1 1 1 1 1 1 0]
3,234,[1 1 0 0 1 1 0 1]
3,235,[0 0 0 1 0 0 1 0]
3,236,[1 0 1 1 0 1 0 0]
3,237,[1 0 0 1 0 1 0 0]
3,238,[1 1 0 0 0 0 0 0]
3,239,[0 1 0 0 0 0 1 0]
3,240,[0 1 0 0 0 1 1 0]
3,241,[1 1 1 1 0 0 0 1]
3,242,[0 0 0 1 1 1 1 1]
3,243,[0 1 1 0 1 1 1 0]
3,244,[0 1 1 1 1 1 1 0]
3,245,[1 0 1 0 1 1 0 0]
3,246,[0 1 1 0 0 1 1 0]
3,247,[0 0 0 0 1 0 1 0]
3,248,[1 0 1 1 1 1 0 0]
3,249,[0 0 0 1 0 0 1 1]
3,250,[0 0 0 0 1 1 1 0]
3,251,[0 1 0 0 0 0 0 1]
3,252,[1 1 0 0 0 0 1 1]
3,253,[1 0 0 1 1 0 1 1]
3,254,[0 0 0 1 1 1 0 0]
3,255,[1 1 0 0 1 0 0 0]
3,256,[0 0 0 0 0 0 1 0]
3,257,[1 1 1 0 0 1 0 1]
3,258,[0 0 0 0 1 0 1 0]
3,259,[0 1 0 0 0 0 0 1]
3,260,[1 0 0 0 0 0 0 0]
3,261,[0 1 1 0 0 0 1 0]
3,262,[0 0 0 0 1 1 0 0]
3,263,[0 1 1 1 0 0 1 1]
3,264,[0 0 0 0 0 1 1 0]
3,265,[0 1 1 0 1 0 1 1]
3,266,[0 1 1 0 1 1 0 0]
3,267,[1 0 0 1 0 1 1 0]
3,268,[1 1 0 1 1 0 1 1]
3,269,[1 1 1 1 0 1 0 0]
3,270,[1 1 1 0 1 1 1 0]
3,271,[1 0 1 0 1 0 1 1]
3,272,[0 0 1 1 0 1 1 0]
3,273,[0 1 0 0 1 1 0 1]
3,274,[1 0 0 1 0 1 1 1]
3,275,[0 0 0 1 0 1 0 0]
3,276,[1 1 1 0 1 1 0 0]
3,277,[1 1 0 0 0 1 1 0]
3,278,[0 1 1 1 1 0 1 0]
3,279,[0 1 0 0 1 0 0 1]
3,280,[1 0 0 0 1 1 0 0]
3,281,[1 1 0 1 0 0 1 1]
3,282,[0 0 1 0 0 1 1 0]
3,283,[1 1 1 0 1 1 1 1]
3,284,[1 1 0 1 0 1 1 1]
3,285,[0 0 1 0 1 0 0 0]
3,286,[1 0 0 1 1 0 1 0]
3,287,[0 1 1 1 1 0 0 1]
3,288,[1 1 0 1 1 0 1 1]
3,289,[0 0 1 0 0 1 0 1]
3,290,[1 0 1 1 1 0 1 1]
3,291,[1 1 1 1 0 1 1 1]
3,292,[1 1 1 1 0 1 0 0]
3,293,[1 0 1 0 0 0 0 1]
3,294,[1 0 1 1 0 0 0 1]
3,295,[0 1 0 0 1 0 1 1]
3,296,[1 0 0 1 1 0 1 1]
3,297,[0 1 0 0 0 0 1 0]
3,298,[1 1 0 0 0 1 1 1]
3,299,[0 1 1 0 1 0 1 1]
4,0,[1 0 0 1 0 0 0 0]
4,1,[0 0 1 0 0 1 1 0]
4,2,[0 1 0 0 1 0 1 0]
4,3,[1 1 1 0 1 1 1 1]
4,4,[1 1 0 1 0 1 1 1]
4,5,[0 1 1 0 0 1 1 0]
4,6,[0 0 1 0 1 0 1 1]
4,7,[1 1 1 0 0 1 0 0]
4,8,[1 0 0 1 1 0 1 0]
4,9,[1 1 1 1 0 0 1 1]
4,10,[0 0 1 0 0 0 1 0]
4,11,[1 1 1 1 0 1 0 0]
4,12,[0 1 1 1 0 1 0 0]
4,13,[0 1 1 1 1 0 0 1]
4,14,[1 0 0 1 1 0 0 1]
4,15,[0 0 0 1 0 0 1 1]
4,16,[0 0 1 0 0 1 0 1]
4,17,[0 1 1 0 1 1 1 0]
4,18,[1 0 1 0 1 0 0 1]
4,19,[1 1 1 0 1 1 0 1]
4,20,[0 1 0 0 1 1 1 1]
4,21,[0 0 0 1 0 0 0 0]
4,22,[0 1 0 1 0 1 1 0]
4,23,[0 0 1 0 0 0 1 1]
4,24,[1 0 1 0 0 0 0 1]
4,25,[0 1 0 0 0 0 0 0]
4,26,[1 0 1 0 0 0 1 0]
4,27,[0 1 0 0 0 1 1 0]
4,28,[1 1 0 0 0 0 1 0]
4,29,[0 0 1 0 0 1 0 0]
4,30,[0 1 1 0 1 0 0 1]
4,31,[1 1 0 1 1 0 1 1]
4,32,[1 0 0 1 0 1 0 1]
4,33,[1 1 0 0 0 0 0 0]
4,34,[0 1 1 0 0 1 1 1]
4,35,[1 1 0 1 0 0 0 0]
4,36,[0 0 0 0 1 1 1 0]
4,37,[1 1 0 0 0 0 0 0]
4,38,[0 0 0 1 1 1 1 1]
4,39,[0 1 0 0 1 1 1 0]
4,40,[1 0 0 1 1 1 1 1]
4,41,[0 1 1 0 1 1 1 1]
4,42,[1 0 1 1 0 0 0 0]
4,43,[1 1 1 0 0 0 0 1]
4,44,[1 0 1 1 1 1 1 0]
4,45,[1 1 0 1 0 0 1 0]
4,46,[1 0 0 0 1 1 0 0]
4,47,[1 1 1 1 0 1 0 0]
4,48,[0 0 0 1 1 1 1 0]
4,49,[1 0 1 1 1 0 1 0]
4,50,[1 1 0 1 0 0 0 1]
4,51,[0 1 0 0 1 1 0 0]
4,52,[0 0 1 1 0 1 0 1]
4,53,[1 1 0 1 0 0 0 1]
4,54,[1 0 0 0 0 1 1 1]
4,55,[1 0 0 1 1 1 1 0]
4,56,[0 1 1 0 0 0 1 0]
4,57,[0 1 1 0 1 0 1 0]
4,58,[0 1 0 0 1 1 0 0]
4,59,[0 0 1 0 0 0 1 1]
4,60,[0 1 1 0 0 1 1 1]
4,61,[0 0 0 1 1 1 1 1]
4,62,[1 1 1 1 1 0 0 1]
4,63,[1 0 1 1 1 1 0 1]
4,64,[0 1 1 0 1 1 1 1]
4,65,[0 0 1 1 0 1 1 1]
4,66,[1 0 1 0 1 0 0 0]
4,67,[0 0 1 0 1 0 1 1]
4,68,[0 0 0 0 0 0 0 1]
4,69,[0 1 1 1 0 1 0 0]
4,70,[0 1 1 0 1 1 0 1]
4,71,[0 0 0 1 1 1 1 1]
4,72,[0 0 1 0 1 1 0 0]
4,73,[1 1 0 1 0 1 0 1]
4,74,[0 1 1 0 1 1 1 1]
4,75,[0 1 1 1 1 0 0 1]
4,76,[1 1 1 0 0 0 0 0]
4,77,[1 1 0 1 0 0 1 0]
4,78,[1 1 1 0 0 1 1 0]
4,79,[1 1 0 1 1 0 0 1]
4,80,[1 1 0 0 0 1 1 1]
4,81,[1 1 1 1 1 1 0 1]
4,82,[0 0 0 1 1 1 1 0]
4,83,[1 1 0 1 1 1 1 0]
4,84,[0 1 0 1 1 1 1 1]
4,85,[0 1 0 1 0 0 1 0]
4,86,[1 0 1 0 1 1 1 0]
4,87,[1 1 1 0 1 1 0 1]
4,88,[1 1 1 1 1 1 1 0]
4,89,[1 1 0 1 0 1 0 0]
4,90,[0 1 1 0 1 1 1 0]
4,91,[1 0 0 1 0 1 0 1]
4,92,[0 1 1 0 0 0 0 1]
4,93,[1 1 0 1 1 1 0 1]
4,94,[0 0 1 1 0 1 0 0]
4,95,[1 0 1 0 1 1 0 1]
4,96,[0 0 0 1 0 1 1 1]
4,97,[0 1 1 0 1 1 1 1]
4,98,[0 0 0 0 1 0 1 0]
4,99,[1 0 1 1 0 0 0 0]
4,100,[0 1 0 1 0 0 1 0]
4,101,[1 0 0 0 0 0 0 0]
4,102,[0 1 0 0 1 1 0 1]
4,103,[1 0 1 1 1 1 0 0]
4,104,[0 0 1 0 0 0 0 1]
4,105,[0 1 1 1 1 1 1 1]
4,106,[0 0 0 1 0 0 1 1]
4,107,[0 1 0 1 0 1 0 1]
4,108,[1 0 1 1 1 1 1 1]
4,109,[0 0 0 0 0 0 1 0]
4,110,[0 1 0 1 1 0 0 0]
4,111,[1 0 0 0 1 1 0 1]
4,112,[0 1 1 1 1 1 1 1]
4,113,[1 0 1 1 0 0 0 1]
4,114,[0 0 1 1 1 1 0 1]
4,115,[0 0 0 0 1 0 1 0]
4,116,[1 0 0 1 0 1 1 0]
4,117,[1 0 0 1 1 1 1 0]
4,118,[1 0 1 1 1 0 0 1]
4,119,[0 1 1 1 0 1 0 1]
4,120,[1 0 0 1 1 0 0 1]
4,121,[0 0 0 0 1 0 1 0]
4,122,[0 0 1 0 0 1 0 0]
4,123,[0 0 1 1 0 1 1 1]
4,124,[1 0 1 0 1 0 0 0]
4,125,[1 1 0 0 1 1 1 0]
4,126,[0 1 0 1 1 1 1 0]
4,127,[1 1 0 1 0 0 1 1]
4,128,[1 0 0 1 1 0 1 1]
4,129,[1 0 0 0 1 0 1 0]
4,130,[0 0 1 0 0 0 0 0]
4,131,[1 0 0 0 0 0 0 0]
4,132,[1 1 1 0 1 0 1 0]
4,133,[0 1 0 0 1 0 0 0]
4,134,[1 0 1 1 0 1 0 1]
4,135,[1 1 0 1 1 0 1 1]
4,136,[0 0 1 0 0 1 0 0]
4,137,[0 0 1 1 1 0 0 1]
4,138,[1 1 1 1 0 0 1 1]
4,139,[0 0 0 0 1 0 0 1]
4,140,[1 0 0 1 0 0 0 0]
4,141,[0 1 1 1 1 1 1 0]
4,142,[1 0 1 1 0 0 1 0]
4,143,[1 1 1 0 1 0 0 0]
4,144,[1 1 1 0 1 1 1 0]
4,145,[1 1 1 0 0 0 1 0]
4,146,[1 0 1 0 1 0 0 0]
4,147,[1 1 0 0 0 1 0 1]
4,148,[1 0 0 1 1 0 1 1]
4,149,[0 0 1 0 1 0 1 0]
4,150,[0 1 0 0 1 1 0 0]
4,151,[0 1 0 1 0 0 0 1]
4,152,[0 1 1 0 1 1 0 1]
4,153,[0 1 0 0 1 1 1 0]
4,154,[1 1 1 1 0 1 0 1]
4,155,[0 1 0 0 0 0 1 0]
4,156,[0 1 0 1 1 1 0 1]
4,157,[0 0 0 0 1 1 1 0]
4,158,[0 0 0 1 1 1 1 1]
4,159,[1 1 0 0 0 0 0 0]
4,160,[1 1 1 1 0 1 0 1]
4,161,[1 1 1 0 0 0 0 0]
4,162,[1 1 0 0 1 0 0 0]
4,163,[0 0 0 1 1 1 0 0]
4,164,[0 0 1 1 0 0 0 0]
4,165,[1 1 0 0 1 0 0 1]
4,166,[1 0 1 0 1 1 1 1]
4,167,[1 0 0 0 1 1 1 0]
4,168,[0 0 1 0 0 0 1 0]
4,169,[1 0 1 0 0 1 1 1]
4,170,[1 0 1 0 1 0 1 0]
4,171,[0 0 0 1 0 0 1 1]
4,172,[1 1 1 0 0 0 1 0]
4,173,[0 1 0 1 1 1 1 1]
4,174,[0 1 0 0 0 0 0 1]
4,175,[1 0 1 1 1 1 0 0]
4,176,[1 0 0 0 1 1 1 1]
4,177,[0 1 0 0 0 0 0 0]
4,178,[1 1 1 1 1 0 0 0]
4,179,[1 0 1 0 1 0 0 1]
4,180,[0 1 1 0 0 1 1 0]
4,181,[1 1 0 1 1 0 1 1]
4,182,[0 1 1 1 1 0 1 0]
4,183,[0 0 1 0 0 0 0 0]
4,184,[1 0 1 0 0 0 1 0]
4,185,[0 0 0 0 0 1 1 1]
4,186,[0 1 0 0 1 1 1 0]
4,187,[0 0 0 1 1 0 0 1]
4,188,[1 0 1 1 1 1 1 0]
4,189,[0 0 1 0 0 0 0 0]
4,190,[1 0 0 1 0 1 0 0]
4,191,[1 0 1 1 1 1 0 1]
4,192,[0 1 1 1 0 1 0 0]
4,193,[1 0 0 1 0 1 0 0]
4,194,[1 1 0 1 0 0 0 1]
4,195,[0 1 0 0 1 0 0 1]
4,196,[1 0 1 0 0 0 1 0]
4,197,[1 1 0 1 0 0 1 1]
4,198,[0 1 0 0 1 1 0 0]
4,199,[1 0 1 1 1 0 0 0]
4,200,[1 0 1 1 1 1 0 0]
4,201,[1 0 1 0 1 0 1 1]
4,202,[1 0 1 0 1 1 1 1]
4,203,[0 0 0 1 0 1 0 0]
4,204,[1 0 1 1 1 1 1 1]
4,205,[0 0 0 0 0 1 1 1]
4,206,[0 0 0 1 0 0 1 0]
4,207,[0 1 0 1 1 1 1 0]
4,208,[1 0 0 1 0 1 1 0]
4,209,[0 0 1 1 1 1 1 0]
4,210,[1 0 0 0 1 0 0 1]
4,211,[0 1 1 0 0 1 1 1]
4,212,[1 1 0 1 0 0 1 0]
4,213,[0 1 0 0 1 1 1 0]
4,214,[1 0 0 1 0 0 0 0]
4,215,[0 0 1 1 1 1 1 1]
4,216,[0 1 1 1 0 0 1 1]
4,217,[0 1 0 1 0 0 1 0]
4,218,[1 1 1 0 1 0 1 1]
4,219,[1 1 1 0 1 1 0 1]
4,220,[0 1 0 1 0 1 1 0]
4,221,[1 0 0 0 1 1 1 0]
4,222,[0 1 0 1 0 1 1 0]
4,223,[0 0 1 1 0 1 1 1]
4,224,[1 1 0 0 1 0 1 0]
4,225,[1 1 0 1 0 1 1 1]
4,226,[1 1 1 0 0 0 0 1]
4,227,[1 0 1 0 1 0 1 1]
4,228,[1 1 0 1 0 0 1 0]
4,229,[1 1 1 0 0 1 1 0]
4,230,[1 1 1 1 0 0 0 1]
4,231,[0 1 0 0 1 0 0 0]
4,232,[1 0 0 1 0 0 0 1]
4,233,[1 1 1 0 0 0 1 0]
4,234,[0 1 1 0 1 0 1 1]
4,235,[1 1 0 0 0 1 0 1]
4,236,[0 1 1 0 1 0 0 1]
4,237,[0 0 1 1 1 1 0 1]
4,238,[1 0 1 0 1 0 0 1]
4,239,[1 0 0 0 0 0 1 1]
4,240,[1 0 1 1 1 0 1 0]
4,241,[0 1 0 1 0 1 1 0]
4,242,[1 0 0 1 1 0 0 0]
4,243,[0 0 0 0 1 0 1 1]
4,244,[1 0 1 1 0 0 1 0]
4,245,[1 0 1 0 0 0 1 0]
4,246,[1 1 0 1 0 1 1 0]
4,247,[1 0 0 0 0 0 0 1]
4,248,[1 0 0 0 1 1 0 0]
4,249,[1 0 0 1 1 0 1 1]
4,250,[0 0 0 1 0 0 1 0]
4,251,[0 0 1 0 1 0 0 0]
4,252,[0 1 0 0 1 1 1 1]
4,253,[0 0 1 1 1 0 0 0]
4,254,[1 1 0 0 1 1 1 0]
4,255,[0 1 0 1 1 1 0 1]
4,256,[1 0 0 1 1 0 1 1]
4,257,[1 0 0 0 1 0 1 1]
4,258,[1 1 0 1 0 1 0 0]
4,259,[1 0 1 1 0 0 1 1]
4,260,[0 1 1 1 1 0 0 0]
4,261,[0 0 1 0 0 0 1 0]
4,262,[1 0 1 1 1 1 0 0]
4,263,[0 0 1 1 1 0 1 1]
4,264,[0 0 1 1 1 0 0 1]
4,265,[0 1 0 0 0 1 1 0]
4,266,[1 0 1 1 0 0 0 0]
4,267,[0 1 1 0 1 0 1 0]
4,268,[0 1 0 1 0 1 0 1]
4,269,[1 0 0 1 1 1 0 0]
4,270,[1 0 1 0 0 1 1 0]
4,271,[1 1 0 1 0 0 0 1]
4,272,[1 0 1 0 1 0 1 1]
4,273,[0 0 1 1 0 0 0 1]
4,274,[0 0 1 0 1 0 1 0]
4,275,[1 1 0 0 1 1 1 1]
4,276,[1 1 0 0 1 0 0 1]
4,277,[1 0 0 0 1 1 0 0]
4,278,[0 0 0 1 0 1 0 0]
4,279,[0 0 0 0 0 0 1 1]
4,280,[1 1 1 0 1 0 0 1]
4,281,[0 0 1 0 0 1 0 0]
4,282,[0 0 1 0 0 0 0 1]
4,283,[0 0 1 1 1 0 1 1]
4,284,[0 0 0 0 1 0 1 0]
4,285,[1 0 0 0 0 0 0 0]
4,286,[1 0 1 0 1 0 0 0]
4,287,[1 1 0 0 0 0 1 1]
4,288,[1 0 1 0 0 0 1 1]
4,289,[0 0 1 0 0 0 1 0]
4,290,[1 1 1 0 0 0 1 1]
4,291,[0 1 0 0 0 0 0 1]
4,292,[1 1 1 1 1 0 0 0]
4,293,[0 1 1 0 1 1 1 1]
4,294,[0 1 1 1 1 1 1 1]
4,295,[1 1 0 0 0 0 0 0]
4,296,[0 0 0 0 0 0 1 1]
4,297,[1 0 1 1 0 0 0 1]
4,298,[1 1 0 0 1 1 1 1]
4,299,[0 0 0 1 0 1 1 0]
5,0,[1 0 0 1 0 1 1 1]
5,1,[1 1 1 0 1 0 0 1]
5,2,[0 1 0 1 1 0 0 1]
5,3,[1 0 1 1 1 1 1 0]
5,4,[1 1 1 1 1 0 0 1]
5,5,[0 0 0 0 0 0 1 0]
5,6,[0 1 0 1 1 1 0 0]
5,7,[1 1 1 1 0 1 1 1]
5,8,[1 1 0 0 0 0 1 1]
5,9,[0 0 0 1 1 0 0 0]
5,10,[1 1 0 0 0 0 0 0]
5,11,[1 1 1 0 1 0 0 1]
5,12,[0 1 1 0 1 1 1 1]
5,13,[0 0 0 0 1 0 1 0]
5,14,[0 1 0 0 0 0 0 0]
5,15,[1 0 1 1 1 1 1 0]
5,16,[0 1 0 1 1 0 1 0]
5,17,[0 1 1 0 1 0 1 0]
5,18,[0 1 1 0 0 0 1 1]
5,19,[0 1 0 1 0 1 0 1]
5,20,[1 0 1 1 1 0 0 0]
5,21,[0 0 0 1 1 1 1 0]
5,22,[1 1 1 0 1 1 1 1]
5,23,[1 1 1 1 1 0 1 1]
5,24,[1 0 1 0 0 0 0 1]
5,25,[0 0 1 0 0 0 0 0]
5,26,[1 0 0 1 1 0 1 1]
5,27,[1 1 1 0 0 1 1 1]
5,28,[0 0 1 1 1 0 1 1]
5,29,[0 0 0 1 0 1 0 1]
5,30,[0 1 1 1 1 0 1 0]
5,31,[0 0 1 0 1 1 1 1]
5,32,[0 0 0 0 1 0 1 0]
5,33,[0 1 0 0 0 1 1 1]
5,34,[1 0 0 1 0 1 1 1]
5,35,[0 0 1 1 1 1 1 0]
5,36,[0 0 0 0 1 1 1 0]
5,37,[0 0 0 0 0 1 1 0]
5,38,[1 0 1 1 0 1 0 0]
5,39,[1 0 1 1 1 1 0 0]
5,40,[1 1 0 0 1 1 0 0]
5,41,[0 0 1 0 0 1 0 1]
5,42,[1 1 0 1 0 0 1 1]
5,43,[1 1 0 1 0 0 0 0]
5,44,[0 0 1 0 1 1 1 0]
5,45,[1 0 0 0 1 0 0 0]
5,46,[0 1 1 1 1 1 0 1]
5,47,[1 0 1 1 1 0 1 0]
5,48,[0 0 1 0 0 0 0 0]
5,49,[0 1 0 1 1 0 0 0]
5,50,[0 1 1 1 0 0 0 1]
5,51,[1 0 0 0 0 0 0 0]
5,52,[0 1 1 1 1 1 1 0]
5,53,[0 1 0 0 1 1 0 1]
5,54,[1 0 0 0 0 0 0 1]
5,55,[1 0 1 0 0 0 0 1]
5,56,[0 1 0 1 0 0 1 1]
5,57,[0 0 1 0 0 1 1 0]
5,58,[0 0 1 0 1 0 1 0]
5,59,[0 1 0 0 0 1 1 1]
5,60,[1 1 0 1 0 1 0 1]
5,61,[1 1 0 1 1 0 0 1]
5,62,[1 0 0 0 0 0 0 1]
5,63,[0 0 1 0 1 0 1 0]
5,64,[1 0 1 1 1 0 0 0]
5,65,[0 1 1 1 0 1 1 0]
5,66,[1 1 1 1 0 1 0 0]
5,67,[1 1 1 1 1 1 1 0]
5,68,[0 0 0 1 1 0 1 0]
5,69,[0 1 1 1 0 1 0 0]
5,70,[1 0 1 1 1 1 0 1]
5,71,[0 1 1 0 1 0 1 0]
5,72,[0 1 0 0 1 1 1 0]
5,73,[1 0 0 0 0 0 0 1]
5,74,[0 1 1 1 0 1 0 0]
5,75,[1 0 1 0 0 0 1 1]
5,76,[1 1 1 0 0 1 0 0]
5,77,[1 1 0 1 1 0 1 1]
5,78,[0 1 0 0 1 1 1 0]
5,79,[0 0 1 0 0 0 1 1]
5,80,[0 1 1 1 0 1 0 1]
5,81,[0 0 1 0 0 0 1 0]
5,82,[1 0 0 1 0 0 1 0]
5,83,[0 1 0 1 1 1 1 0]
5,84,[0 0 1 1 1 0 1 0]
5,85,[0 1 0 0 1 1 0 0]
5,86,[1 1 0 0 1 0 1 0]
5,87,[0 0 1 0 1 1 1 0]
5,88,[1 0 1 0 1 0 1 1]
5,89,[0 1 1 0 1 0 1 0]
5,90,[0 1 0 0 1 1 1 1]
5,91,[0 1 0 0 0 1 1 1]
5,92,[0 1 0 0 1 0 1 1]
5,93,[1 1 1 1 1 0 1 1]
5,94,[0 0 0 1 1 0 0 0]
5,95,[1 0 0 0 0 0 0 1]
5,96,[0 0 1 0 0 1 0 0]
5,97,[1 1 1 1 0 0 0 0]
5,98,[1 0 0 1 0 1 0 0]
5,99,[0 1 1 0 1 0 0 1]
5,100,[0 0 1 1 0 1 0 1]
5,101,[0 1 1 1 0 0 0 0]
5,102,[0 1 1 0 1 0 1 1]
5,103,[0 0 1 1 1 0 1 0]
5,104,[0 1 1 0 0 1 1 0]
5,105,[0 1 1 1 0 1 1 0]
5,106,[1 0 0 1 1 1 1 1]
5,107,[1 0 1 1 1 1 0 1]
5,108,[0 1 1 0 1 0 0 1]
5,109,[0 1 0 1 1 0 1 1]
5,110,[0 1 0 1 1 1 1 0]
5,111,[0 1 0 1 0 1 1 0]
5,112,[0 1 0 1 0 1 1 1]
5,113,[1 1 1 1 0 1 0 1]
5,114,[1 1 0 0 1 0 0 0]
5,115,[1 1 1 0 0 0 1 0]
5,116,[1 0 0 0 0 1 1 0]
5,117,[1 1 0 0 0 0 0 0]
5,118,[1 1 1 1 0 1 0 0]
5,119,[0 0 0 0 0 1 0 0]
5,120,[0 1 1 0 0 0 0 0]
5,121,[0 0 0 0 0 1 0 0]
5,122,[0 0 0 0 1 0 1 0]
5,123,[1 1 1 0 0 1 0 1]
5,124,[0 1 1 1 0 0 1 0]
5,125,[1 0 0 1 1 1 1 0]
5,126,[1 0 0 1 0 0 0 0]
5,127,[1 0 1 1 1 1 0 0]
5,128,[1 0 1 1 0 1 0 0]
5,129,[1 1 0 0 0 1 0 1]
5,130,[0 1 1 0 1 1 1 1]
5,131,[0 1 0 0 0 0 1 0]
5,132,[1 0 0 0 0 1 0 1]
5,133,[1 1 0 0 0 0 1 1]
5,134,[0 0 0 0 1 1 1 1]
5,135,[1 0 0 0 1 1 0 1]
5,136,[1 0 1 1 1 1 0 1]
5,137,[1 1 0 1 0 0 0 1]
5,138,[0 1 1 1 0 0 1 0]
5,139,[0 1 1 0 0 0 1 1]
5,140,[0 1 0 1 0 0 0 1]
5,141,[1 1 1 0 0 1 0 0]
5,142,[0 1 1 1 0 0 0 0]
5,143,[0 1 1 1 1 0 1 1]
5,144,[0 0 1 0 0 0 0 0]
5,145,[1 0 0 1 0 0 0 0]
5,146,[0 0 0 1 1 1 0 1]
5,147,[1 1 0 0 1 0 0 1]
5,148,[0 0 0 1 0 1 0 0]
5,149,[0 1 0 0 0 0 1 0]
5,150,[0 1 0 1 1 1 0 1]
5,151,[0 0 1 0 1 1 1 1]
5,152,[0 1 1 1 0 0 0 0]
5,153,[1 0 0 0 0 0 0 0]
5,154,[1 1 0 0 0 0 1 1]
5,155,[0 0 1 0 1 0 0 1]
5,156,[0 1 1 0 1 1 1 0]
5,157,[0 1 1 1 1 1 1 0]
5,158,[0 0 1 1 1 0 0 1]
5,159,[0 0 0 1 0 0 0 1]
5,160,[1 0 1 0 1 1 0 1]
5,161,[1 0 1 0 0 0 0 0]
5,162,[1 1 1 1 0 1 1 0]
5,163,[1 0 1 0 0 0 1 0]
5,164,[1 1 1 1 1 1 1 1]
5,165,[0 1 0 0 1 0 1 0]
5,166,[0 1 0 1 0 0 0 1]
5,167,[1 0 0 1 1 1 1 1]
5,168,[1 1 1 1 1 0 0 1]
5,169,[1 0 1 0 0 0 1 1]
5,170,[1 0 0 1 1 1 0 1]
5,171,[1 1 0 0 1 0 0 0]
5,172,[1 1 1 1 0 0 0 1]
5,173,[0 0 0 0 1 0 1 0]
5,174,[1 0 1 0 0 1 1 1]
5,175,[1 0 0 0 0 0 0 1]
5,176,[1 1 1 1 0 1 1 1]
5,177,[1 1 1 1 1 1 1 0]
5,178,[1 0 0 1 1 1 0 1]
5,179,[1 1 0 0 1 1 1 0]
5,180,[1 1 0 0 0 1 0 1]
5,181,[0 0 1 1 1 1 1 1]
5,182,[0 1 1 0 1 1 1 0]
5,183,[1 1 1 1 0 1 0 1]
5,184,[0 0 0 0 0 0 0 0]
5,185,[1 1 0 1 1 0 0 1]
5,186,[0 1 0 1 0 1 0 1]
5,187,[0 0 1 0 0 0 0 0]
5,188,[1 0 0 0 0 0 0 1]
5,189,[1 0 0 0 1 1 1 0]
5,190,[1 1 1 0 0 1 1 1]
5,191,[0 0 0 0 0 1 0 1]
5,192,[0 1 0 0 1 0 1 1]
5,193,[1 0 0 0 1 0 1 1]
5,194,[1 0 1 1 0 0 1 1]
5,195,[1 0 0 1 0 0 1 0]
5,196,[0 0 0 0 1 0 0 0]
5,197,[1 0 1 0 0 0 0 0]
5,198,[1 0 1 1 1 0 1 0]
5,199,[0 1 1 1 1 0 0 1]
5,200,[1 0 1 0 0 0 1 0]
5,201,[0 0 1 1 0 1 0 0]
5,202,[0 1 1 1 0 0 1 0]
5,203,[1 0 1 0 1 1 0 1]
5,204,[1 0 1 1 0 1 1 0]
5,205,[0 1 0 1 0 1 1 0]
5,206,[0 1 1 1 0 0 0 0]
5,207,[1 1 0 1 1 1 0 1]
5,208,[1 1 1 1 0 0 0 1]
5,209,[1 1 0 1 1 0 0 1]
5,210,[1 0 1 1 0 1 1 0]
5,211,[1 0 1 0 1 1 0 0]
5,212,[1 1 1 1 1 1 1 0]
5,213,[0 1 0 1 0 1 1 0]
5,214,[1 0 1 0 1 1 1 0]
5,215,[0 0 0 1 1 1 1 1]
5,216,[1 1 1 1 0 0 1 1]
5,217,[1 1 0 0 0 0 0 0]
5,218,[0 1 0 1 1 1 0 0]
5,219,[0 1 1 1 0 0 1 1]
5,220,[0 0 1 0 1 0 1 0]
5,221,[1 1 1 1 1 1 0 0]
5,222,[0 0 1 0 1 0 0 0]
5,223,[1 0 0 0 0 0 0 0]
5,224,[0 1 0 1 0 1 1 0]
5,225,[0 0 1 0 1 0 1 0]
5,226,[0 1 0 0 0 1 1 1]
5,227,[1 0 1 0 1 1 0 0]
5,228,[1 0 1 0 1 1 0 1]
5,229,[0 1 1 0 1 0 1 1]
5,230,[1 0 1 1 1 1 1 0]
5,231,[1 1 1 1 0 1 0 0]
5,232,[0 1 0 0 1 1 0 1]
5,233,[1 1 1 0 1 0 0 0]
5,234,[1 1 1 1 0 1 0 1]
5,235,[1 0 1 1 0 0 0 0]
5,236,[1 0 0 0 0 0 1 0]
5,237,[1 1 1 0 1 0 0 1]
5,238,[0 1 0 0 1 0 0 0]
5,239,[1 0 0 1 1 1 1 0]
5,240,[1 1 1 0 0 1 0 0]
5,241,[1 1 1 1 1 0 1 1]
5,242,[0 1 0 0 1 1 1 0]
5,243,[0 0 1 0 1 0 1 0]
5,244,[1 0 0 1 1 0 1 1]
5,245,[0 1 0 1 0 1 0 1]
5,246,[1 1 0 1 0 1 0 1]
5,247,[0 1 1 0 1 1 0 1]
5,248,[1 1 0 0 0 1 0 0]
5,249,[0 1 1 1 0 0 1 1]
5,250,[1 1 1 0 0 0 1 0]
5,251,[0 1 0 1 1 1 0 0]
5,252,[0 1 1 1 1 1 0 0]
5,253,[0 1 1 0 1 1 1 1]
5,254,[1 1 0 0 1 0 0 1]
5,255,[1 1 0 0 0 1 0 0]
5,256,[1 0 1 0 0 0 0 1]
5,257,[1 1 0 0 1 1 0 0]
5,258,[1 1 1 1 1 0 0 0]
5,259,[0 1 0 1 1 0 0 0]
5,260,[0 1 1 1 0 1 0 0]
5,261,[1 0 1 0 1 0 1 1]
5,262,[1 1 1 1 0 0 1 0]
5,263,[0 1 0 0 0 1 0 0]
5,264,[1 0 1 0 1 1 1 0]
5,265,[1 1 0 1 0 1 0 0]
5,266,[1 0 0 0 1 1 1 0]
5,267,[0 0 0 1 1 1 0 1]
5,268,[1 1 0 0 1 1 0 0]
5,269,[1 0 1 0 0 1 1 1]
5,270,[1 0 0 1 0 0 0 1]
5,271,[1 1 0 0 1 0 0 1]
5,272,[0 0 1 0 0 0 1 1]
5,273,[1 0 0 0 1 1 1 0]
5,274,[1 1 0 0 1 1 0 0]
5,275,[0 1 1 0 1 0 1 1]
5,276,[1 1 0 1 0 0 0 1]
5,277,[0 1 0 0 1 1 1 1]
5,278,[1 1 0 0 1 0 1 1]
5,279,[1 1 0 1 1 1 1 0]
5,280,[1 0 1 1 0 0 0 0]
5,281,[1 0 1 1 0 1 0 1]
5,282,[1 0 0 0 0 0 0 1]
5,283,[0 0 0 1 0 0 1 1]
5,284,[0 1 1 0 0 0 0 1]
5,285,[1 1 1 0 0 0 1 0]
5,286,[0 0 1 1 0 1 0 1]
5,287,[0 1 0 0 0 1 1 0]
5,288,[1 1 1 1 1 0 1 1]
5,289,[0 1 0 1 1 0 0 1]
5,290,[0 1 1 0 0 0 1 0]
5,291,[1 0 0 1 1 1 1 1]
5,292,[0 0 1 0 0 1 0 0]
5,293,[1 1 0 1 1 0 1 1]
5,294,[1 0 1 1 1 0 1 0]
5,295,[1 0 1 1 1 1 0 0]
5,296,[1 1 1 0 1 1 1 1]
5,297,[0 0 0 1 0 1 0 0]
5,298,[1 0 1 1 0 0 0 1]
5,299,[1 1 1 0 0 1 0 0]
6,0,[0 0 0 0 0 1 0 0]
6,1,[0 0 0 0 0 0 0 0]
6,2,[1 1 1 1 1 1 0 0]
6,3,[1 0 1 1 1 0 1 0]
6,4,[1 0 1 0 0 0 1 1]
6,5,[1 0 0 0 1 0 1 1]
6,6,[0 1 1 0 1 1 1 1]
6,7,[0 1 0 1 0 1 0 0]
6,8,[0 0 1 1 0 0 1 1]
6,9,[0 0 0 1 1 0 0 1]
6,10,[0 0 1 1 0 1 0 0]
6,11,[1 1 0 1 1 1 0 1]
6,12,[0 1 0 0 1 0 1 0]
6,13,[1 0 1 1 1 0 0 0]
6,14,[0 1 0 1 1 0 1 0]
6,15,[0 0 0 1 1 1 0 0]
6,16,[1 0 1 1 1 1 0 0]
6,17,[1 1 0 0 0 0 0 1]
6,18,[0 1 0 1 1 0 1 0]
6,19,[1 0 1 1 1 0 1 1]
6,20,[0 0 0 1 0 1 1 1]
6,21,[0 0 0 1 1 0 1 0]
6,22,[1 1 1 1 1 1 1 1]
6,23,[0 0 0 1 1 0 0 1]
6,24,[1 1 1 0 1 0 0 1]
6,25,[1 0 0 1 1 0 1 1]
6,26,[0 1 1 0 0 1 0 0]
6,27,[0 0 1 0 1 0 1 0]
6,28,[1 0 1 0 0 1 0 1]
6,29,[1 1 1 1 0 1 0 0]
6,30,[0 1 0 1 0 0 0 1]
6,31,[1 0 1 1 1 0 1 0]
6,32,[1 1 0 1 0 1 1 0]
6,33,[1 1 0 1 1 0 0 1]
6,34,[1 0 0 0 0 0 1 1]
6,35,[1 0 1 0 1 0 0 1]
6,36,[0 0 0 0 1 1 1 0]
6,37,[1 1 1 1 0 1 0 0]
6,38,[1 1 0 1 0 0 0 1]
6,39,[1 1 0 1 1 1 1 1]
6,40,[0 0 1 1 0 0 1 0]
6,41,[1 0 1 0 1 1 0 1]
6,42,[1 0 1 1 1 0 1 0]
6,43,[1 1 1 1 0 0 1 1]
6,44,[1 1 0 0 0 1 0 0]
6,45,[0 1 1 0 1 0 0 1]
6,46,[0 1 1 0 1 0 1 0]
6,47,[1 1 1 0 1 1 1 1]
6,48,[1 0 1 1 1 1 0 0]
6,49,[0 0 0 1 1 1 0 0]
6,50,[0 0 0 0 0 1 1 1]
6,51,[0 1 1 0 0 1 1 1]
6,52,[0 1 1 1 0 1 0 0]
6,53,[1 0 0 0 1 1 0 1]
6,54,[0 1 1 0 1 1 1 0]
6,55,[1 0 0 1 0 1 1 1]
6,56,[0 1 1 1 1 1 1 0]
6,57,[0 0 1 1 1 0 0 1]
6,58,[0 0 0 0 0 0 1 1]
6,59,[0 1 1 0 1 1 1 1]
6,60,[0 0 0 1 1 0 0 0]
6,61,[1 0 1 0 0 1 1 0]
6,62,[0 1 1 1 1 0 1 0]
6,63,[0 1 0 0 0 1 0 0]
6,64,[0 1 1 1 1 0 0 0]
6,65,[0 1 1 1 0 0 1 0]
6,66,[0 1 1 1 0 0 0 0]
6,67,[0 0 0 1 0 1 0 0]
6,68,[0 0 1 1 0 0 0 0]
6,69,[1 0 0 1 1 0 1 1]
6,70,[0 1 0 0 1 1 0 0]
6,71,[0 0 0 1 1 1 1 1]
6,72,[0 1 0 0 0 0 1 1]
6,73,[0 1 1 1 0 0 1 0]
6,74,[0 1 1 1 1 0 0 0]
6,75,[1 0 0 0 0 1 0 1]
6,76,[1 0 1 0 0 1 0 1]
6,77,[0 1 1 0 0 1 1 1]
6,78,[0 1 1 0 1 0 1 0]
6,79,[1 1 0 1 0 1 0 0]
6,80,[0 1 0 0 0 1 1 1]
6,81,[0 1 0 1 0 1 1 1]
6,82,[1 0 0 1 0 0 1 1]
6,83,[0 1 0 0 1 0 0 0]
6,84,[0 1 0 1 0 1 1 0]
6,85,[0 0 0 0 0 0 0 1]
6,86,[0 0 1 0 1 0 0 0]
6,87,[1 0 0 1 1 0 1 1]
6,88,[0 0 1 0 0 1 0 0]
6,89,[0 1 0 0 0 0 0 1]
6,90,[1 1 0 1 0 0 1 0]
6,91,[0 1 1 1 1 0 0 0]
6,92,[1 0 1 0 0 0 1 1]
6,93,[0 0 0 1 1 1 0 0]
6,94,[1 1 0 1 1 1 1 1]
6,95,[1 1 0 0 0 0 0 0]
6,96,[1 0 0 1 0 1 0 1]
6,97,[0 1 1 1 0 1 0 0]
6,98,[1 1 1 0 1 1 1 1]
6,99,[1 0 0 1 1 0 1 0]
6,100,[0 0 0 0 1 1 1 0]
6,101,[0 1 1 1 1 0 0 1]
6,102,[0 1 1 1 0 0 1 1]
6,103,[1 1 0 0 1 0 0 0]
6,104,[0 0 1 1 1 1 1 1]
6,105,[0 1 0 1 0 0 1 0]
6,106,[0 1 0 1 0 1 0 1]
6,107,[0 1 0 1 0 0 0 1]
6,108,[0 0 0 1 1 1 1 1]
6,109,[0 0 1 1 0 1 0 1]
6,110,[1 0 0 0 1 1 0 1]
6,111,[1 0 0 1 0 1 0 1]
6,112,[0 0 0 0 1 1 0 1]
6,113,[0 1 0 1 1 0 1 1]
6,114,[1 0 1 1 0 1 0 0]
6,115,[0 1 0 0 0 0 0 1]
6,116,[1 1 0 1 0 1 1 1]
6,117,[0 1 0 1 1 0 1 0]
6,118,[0 1 1 1 0 1 0 0]
6,119,[0 0 0 0 1 0 1 1]
6,120,[1 0 0 1 0 1 0 0]
6,121,[1 0 0 0 1 1 0 1]
6,122,[0 1 0 1 0 0 0 1]
6,123,[1 0 1 0 0 1 1 0]
6,124,[0 1 1 0 0 0 0 1]
6,125,[0 1 0 0 1 0 0 1]
6,126,[1 0 0 1 1 0 1 1]
6,127,[1 1 1 0 0 1 1 1]
6,128,[0 1 1 0 1 0 1 0]
6,129,[1 1 1 0 0 1 0 0]
6,130,[0 0 0 0 1 1 1 1]
6,131,[1 1 1 1 1 1 0 0]
6,132,[1 0 1 1 0 0 0 0]
6,133,[1 0 0 1 0 1 0 0]
6,134,[0 0 1 0 1 0 0 0]
6,135,[0 0 0 1 0 1 0 0]
6,136,[0 0 1 1 1 1 1 0]
6,137,[0 1 0 1 1 1 0 0]
6,138,[1 0 1 0 1 0 1 1]
6,139,[1 0 1 1 1 0 1 0]
6,140,[1 0 1 0 0 1 0 1]
6,141,[1 1 1 1 0 0 1 1]
6,142,[1 0 0 1 1 0 1 1]
6,143,[1 0 1 0 1 1 0 0]
6,144,[0 1 1 1 1 1 1 0]
6,145,[1 0 1 0 1 0 0 0]
6,146,[1 1 0 1 1 1 0 0]
6,147,[1 1 1 0 1 0 0 1]
6,148,[0 0 0 1 0 1 0 0]
6,149,[0 0 0 0 0 0 0 0]
6,150,[0 1 0 0 0 1 0 1]
6,151,[0 0 0 0 0 0 1 1]
6,152,[0 1 0 0 0 0 0 1]
6,153,[1 0 0 1 1 0 1 1]
6,154,[0 0 1 0 0 1 0 1]
6,155,[0 0 1 1 1 1 0 1]
6,156,[1 1 0 1 1 0 0 1]
6,157,[1 0 0 1 1 1 1 0]
6,158,[1 1 0 1 0 0 0 1]
6,159,[1 0 0 1 0 0 0 0]
6,160,[1 0 0 1 1 1 0 0]
6,161,[0 0 1 1 1 1 1 1]
6,162,[1 0 0 1 1 0 1 1]
6,163,[0 0 0 0 1 0 1 0]
6,164,[1 1 0 0 0 1 1 1]
6,165,[0 1 1 1 1 0 0 1]
6,166,[0 1 0 1 0 1 0 0]
6,167,[0 1 1 0 0 0 1 1]
6,168,[1 1 1 0 1 0 0 1]
6,169,[0 1 1 1 1 0 1 0]
6,170,[1 0 1 1 1 1 0 0]
6,171,[1 1 0 0 1 0 1 1]
6,172,[0 0 1 1 1 0 0 0]
6,173,[1 0 1 1 1 1 1 1]
6,174,[0 1 1 1 1 0 0 1]
6,175,[0 0 1 1 0 1 1 1]
6,176,[1 1 0 1 0 1 0 1]
6,177,[0 1 0 0 1 1 1 0]
6,178,[0 0 0 0 1 0 0 0]
6,179,[0 0 1 1 1 0 1 1]
6,180,[0 1 0 0 0 1 0 1]
6,181,[1 0 1 0 1 0 1 1]
6,182,[0 1 0 0 1 1 1 1]
6,183,[0 0 1 1 0 1 1 1]
6,184,[0 0 0 0 1 0 0 0]
6,185,[1 1 1 1 0 0 0 1]
6,186,[0 1 0 0 1 1 1 0]
6,187,[0 1 0 0 0 0 0 1]
6,188,[1 0 1 1 0 1 0 1]
6,189,[1 1 0 0 0 0 0 0]
6,190,[0 1 0 1 1 1 1 1]
6,191,[0 0 1 0 0 0 0 1]
6,192,[0 1 0 1 1 1 0 0]
6,193,[1 1 1 0 0 0 0 0]
6,194,[1 1 1 1 1 1 0 0]
6,195,[0 1 1 1 1 0 0 0]
6,196,[0 1 1 0 0 1 0 1]
6,197,[1 0 1 0 1 1 0 1]
6,198,[1 0 1 0 1 0 0 0]
6,199,[0 0 0 0 1 1 1 1]
6,200,[1 0 0 1 1 0 1 0]
6,201,[0 0 1 1 1 1 0 0]
6,202,[0 1 1 0 0 0 0 0]
6,203,[1 0 1 0 1 0 0 1]
6,204,[0 1 1 1 1 0 0 0]
6,205,[0 0 1 0 1 0 0 0]
6,206,[0 0 0 1 1 0 0 0]
6,207,[1 1 0 1 0 0 0 1]
6,208,[1 1 1 1 0 1 0 0]
6,209,[1 0 1 1 1 0 0 0]
6,210,[0 1 1 0 1 1 0 0]
6,211,[1 1 1 0 0 1 1 0]
6,212,[0 0 0 1 1 1 0 1]
6,213,[1 0 0 1 1 1 0 0]
6,214,[0 0 0 0 0 0 0 1]
6,215,[0 0 1 1 1 0 0 1]
6,216,[1 0 0 0 1 0 0 1]
6,217,[0 0 0 1 0 1 1 0]
6,218,[0 1 1 0 1 0 0 1]
6,219,[1 1 0 1 0 0 1 0]
6,220,[1 1 1 1 0 1 0 0]
6,221,[0 1 1 1 1 1 0 0]
6,222,[1 1 0 1 0 1 1 0]
6,223,[0 1 0 1 0 0 0 1]
6,224,[1 1 0 0 0 0 1 1]
6,225,[1 1 1 0 0 1 1 0]
6,226,[0 1 1 0 1 1 1 0]
6,227,[0 1 1 0 0 1 1 0]
6,228,[1 0 1 0 0 0 1 1]
6,229,[0 1 1 0 1 0 1 0]
6,230,[1 1 0 0 0 0 0 0]
6,231,[0 0 0 1 0 0 1 1]
6,232,[1 1 0 0 0 0 0 0]
6,233,[0 1 0 1 1 0 0 1]
6,234,[0 1 0 0 1 0 1 1]
6,235,[0 0 1 0 1 0 0 0]
6,236,[1 0 0 1 0 1 1 1]
6,237,[0 0 1 1 0 0 0 0]
6,238,[1 1 0 1 0 0 1 0]
6,239,[1 0 1 0 0 0 0 0]
6,240,[0 1 1 1 0 0 0 0]
6,241,[1 1 1 0 1 0 1 0]
6,242,[0 0 1 1 1 1 0 1]
6,243,[1 1 0 0 0 0 1 1]
6,244,[1 1 1 0 0 0 1 1]
6,245,[1 1 1 0 1 0 0 0]
6,246,[1 0 0 0 1 1 1 0]
6,247,[1 1 1 1 1 1 1 1]
6,248,[1 0 1 0 1 0 0 0]
6,249,[0 0 1 0 1 0 0 0]
6,250,[0 0 1 1 1 0 1 1]
6,251,[1 0 0 0 1 0 0 0]
6,252,[1 1 0 0 1 0 1 0]
6,253,[1 1 1 1 0 1 0 0]
6,254,[0 1 0 0 1 0 1 1]
6,255,[1 1 0 1 1 1 1 0]
6,256,[0 1 1 1 0 0 1 1]
6,257,[0 1 1 1 1 1 1 0]
6,258,[0 1 1 1 0 1 1 0]
6,259,[1 1 0 0 0 0 0 0]
6,260,[0 0 1 0 0 1 0 0]
6,261,[0 1 1 0 1 0 0 1]
6,262,[0 0 0 1 0 0 1 0]
6,263,[1 0 0 1 0 0 0 1]
6,264,[0 1 1 1 0 1 0 1]
6,265,[0 1 1 0 1 1 1 0]
6,266,[1 0 1 1 1 1 0 1]
6,267,[1 0 0 0 1 0 0 0]
6,268,[0 1 1 1 0 1 0 1]
6,269,[1 0 1 1 1 1 0 0]
6,270,[0 1 0 0 0 1 0 0]
6,271,[0 0 0 1 0 1 0 1]
6,272,[1 0 1 0 1 0 0 1]
6,273,[0 1 1 1 0 0 1 0]
6,274,[0 0 1 1 1 1 0 1]
6,275,[0 0 1 0 1 1 0 0]
6,276,[0 1 1 1 1 0 1 1]
6,277,[0 1 0 1 0 1 0 1]
6,278,[0 1 1 0 0 1 0 1]
6,279,[1 0 1 1 1 1 1 0]
6,280,[0 1 0 0 1 1 0 1]
6,281,[0 0 1 1 0 0 1 1]
6,282,[1 0 0 1 0 0 1 1]
6,283,[0 1 0 0 1 0 1 1]
6,284,[1 0 0 0 0 1 0 1]
6,285,[1 0 0 0 1 0 0 1]
6,286,[1 1 0 0 0 0 1 1]
6,287,[1 0 0 1 1 0 1 1]
6,288,[0 0 1 0 0 0 1 0]
6,289,[0 1 0 0 1 1 0 1]
6,290,[1 1 1 1 0 1 0 0]
6,291,[1 0 1 1 0 1 0 1]
6,292,[0 0 1 0 0 1 0 0]
6,293,[1 0 0 1 1 0 1 0]
6,294,[0 1 0 1 1 0 0 1]
6,295,[1 1 1 0 0 1 1 0]
6,296,[0 1 1 1 1 0 0 1]
6,297,[1 1 1 0 0 1 1 0]
6,298,[0 1 0 0 1 1 0 1]
6,299,[0 0 1 0 0 1 1 0]
7,0,[1 1 1 0 1 1 0 1]
7,1,[0 0 0 1 1 1 1 0]
7,2,[0 1 1 0 1 0 1 0]
7,3,[0 1 0 0 0 0 0 0]
7,4,[1 0 1 0 1 0 0 1]
7,5,[0 1 1 1 1 0 0 1]
7,6,[0 1 1 1 0 1 1 0]
7,7,[1 0 1 0 1 0 1 1]
7,8,[0 0 0 1 1 0 1 1]
7,9,[0 0 0 1 0 0 1 1]
7,10,[1 1 1 0 0 1 0 1]
7,11,[0 0 0 0 1 1 1 1]
7,12,[0 0 0 1 0 0 0 0]
7,13,[1 0 0 1 0 0 0 0]
7,14,[1 0 0 1 1 1 0 1]
7,15,[1 0 1 0 0 0 0 0]
7,16,[0 1 1 0 1 1 0 1]
7,17,[0 0 1 0 0 0 0 1]
7,18,[1 0 0 0 1 1 0 0]
7,19,[1 0 1 1 0 0 0 0]
7,20,[0 1 0 0 0 0 0 1]
7,21,[1 1 0 1 1 0 1 1]
7,22,[0 0 1 1 0 0 0 1]
7,23,[0 1 1 1 0 1 0 0]
7,24,[1 0 1 1 0 0 0 0]
7,25,[1 1 0 0 1 1 1 1]
7,26,[1 1 1 0 0 1 0 1]
7,27,[1 0 1 1 0 1 1 1]
7,28,[1 0 0 0 0 1 1 0]
7,29,[0 1 1 0 1 1 1 1]
7,30,[1 0 1 0 1 1 0 0]
7,31,[1 0 0 1 1 1 1 1]
7,32,[1 1 0 0 1 1 0 0]
7,33,[0 0 1 1 0 1 1 0]
7,34,[0 0 1 1 0 0 1 0]
7,35,[0 1 1 0 1 1 1 0]
7,36,[1 0 0 1 1 0 1 1]
7,37,[1 0 0 1 0 1 0 0]
7,38,[0 1 0 0 1 0 0 1]
7,39,[1 0 1 1 1 0 1 1]
7,40,[0 1 0 0 1 0 1 0]
7,41,[1 1 1 1 1 0 0 0]
7,42,[0 0 0 0 0 0 1 0]
7,43,[0 0 0 1 0 0 1 0]
7,44,[0 1 1 1 1 1 0 1]
7,45,[0 0 1 1 0 1 1 0]
7,46,[0 0 0 1 0 0 0 0]
7,47,[1 1 0 0 0 1 0 1]
7,48,[1 1 0 0 0 0 1 1]
7,49,[1 0 0 0 0 0 0 1]
7,50,[0 1 1 1 1 0 0 0]
7,51,[1 1 0 1 0 1 1 1]
7,52,[1 0 0 1 1 0 0 0]
7,53,[1 1 0 0 1 0 1 0]
7,54,[1 0 0 1 1 1 1 0]
7,55,[1 0 0 1 0 1 0 0]
7,56,[1 1 0 1 1 0 1 1]
7,57,[1 0 0 1 0 0 0 0]
7,58,[1 0 0 0 1 0 0 0]
7,59,[1 0 1 1 0 0 0 0]
7,60,[0 0 1 0 1 1 0 1]
7,61,[0 1 0 1 0 1 1 0]
7,62,[1 0 1 1 1 1 0 0]
7,63,[1 0 1 1 1 0 1 0]
7,64,[1 1 1 1 0 0 0 0]
7,65,[1 0 1 1 1 1 0 0]
7,66,[0 0 1 1 1 1 1 0]
7,67,[1 1 0 1 1 0 0 1]
7,68,[1 1 0 1 1 1 0 1]
7,69,[0 0 1 0 0 1 1 0]
7,70,[0 1 1 1 0 1 0 1]
7,71,[0 1 0 1 0 0 0 1]
7,72,[1 1 0 0 0 0 1 1]
7,73,[1 1 1 0 0 0 1 1]
7,74,[0 1 1 1 1 0 1 1]
7,75,[0 0 1 1 0 0 1 1]
7,76,[1 1 0 0 0 0 1 1]
7,77,[1 1 0 1 1 1 0 1]
7,78,[1 1 0 1 0 1 1 0]
7,79,[0 1 0 0 0 0 0 1]
7,80,[0 1 0 0 1 0 1 1]
7,81,[1 1 1 0 1 0 0 0]
7,82,[0 1 1 1 1 0 0 0]
7,83,[1 1 0 0 0 0 0 0]
7,84,[0 1 1 1 1 1 1 0]
7,85,[1 1 0 0 0 0 0 0]
7,86,[0 0 0 0 1 1 1 1]
7,87,[1 0 1 0 1 1 1 1]
7,88,[0 1 1 0 0 1 1 1]
7,89,[1 1 1 0 1 1 1 0]
7,90,[0 1 1 1 1 0 0 1]
7,91,[0 0 0 1 1 0 1 0]
7,92,[0 0 1 1 1 1 0 1]
7,93,[1 1 0 1 0 0 0 1]
7,94,[1 0 1 1 0 0 0 0]
7,95,[1 0 1 1 1 0 1 0]
7,96,[0 0 1 0 0 0 0 0]
7,97,[1 0 0 1 0 1 1 1]
7,98,[0 1 0 1 1 1 0 1]
7,99,[0 0 0 0 0 1 0 1]
7,100,[1 1 1 1 1 0 0 0]
7,101,[0 1 1 0 0 1 1 0]
7,102,[0 1 1 0 1 0 0 1]
7,103,[1 0 1 1 0 0 0 0]
7,104,[1 0 0 0 1 1 1 0]
7,105,[1 0 1 1 1 0 1 0]
7,106,[1 0 1 1 0 0 1 0]
7,107,[0 1 0 1 1 1 1 1]
7,108,[0 0 1 1 0 0 1 1]
7,109,[1 1 0 0 1 0 0 0]
7,110,[1 1 0 1 0 1 1 0]
7,111,[1 1 0 0 0 0 0 1]
7,112,[1 1 1 1 0 0 1 1]
7,113,[0 1 1 1 1 0 0 0]
7,114,[1 1 0 1 0 0 1 0]
7,115,[0 1 1 1 1 0 0 0]
7,116,[0 1 1 1 0 1 0 0]
7,117,[0 1 0 1 0 1 1 0]
7,118,[0 1 1 1 1 0 0 1]
7,119,[1 0 1 1 0 1 1 1]
7,120,[0 0 0 1 1 0 0 1]
7,121,[1 1 1 1 0 1 0 0]
7,122,[1 0 1 0 1 1 0 0]
7,123,[0 1 1 0 1 1 1 1]
7,124,[0 1 1 0 0 0 0 0]
7,125,[1 0 1 1 1 0 1 1]
7,126,[1 0 0 1 0 1 1 1]
7,127,[1 1 1 0 0 0 0 0]
7,128,[0 1 1 1 1 1 0 0]
7,129,[0 0 1 1 0 1 0 1]
7,130,[0 1 0 1 1 0 1 0]
7,131,[0 0 0 0 0 0 1 0]
7,132,[1 1 0 1 1 0 0 1]
7,133,[1 0 1 0 1 1 0 0]
7,134,[0 1 1 1 1 1 1 0]
7,135,[1 0 0 1 1 0 1 0]
7,136,[1 0 1 1 1 0 1 0]
7,137,[1 1 1 0 1 0 0 1]
7,138,[0 1 1 0 1 1 0 0]
7,139,[0 1 1 0 0 0 1 1]
7,140,[0 0 1 1 1 1 1 0]
7,141,[1 0 1 1 1 1 0 0]
7,142,[0 1 1 1 1 1 1 0]
7,143,[0 1 0 1 1 1 1 0]
7,144,[0 1 0 0 1 0 1 1]
7,145,[1 1 0 0 0 0 0 0]
7,146,[0 1 1 1 0 1 0 0]
7,147,[1 0 1 1 0 1 1 1]
7,148,[0 1 1 0 0 0 1 0]
7,149,[0 1 1 0 0 1 1 1]
7,150,[1 0 0 0 0 1 0 1]
7,151,[0 1 0 1 0 1 0 1]
7,152,[1 0 1 1 0 0 0 1]
7,153,[0 1 0 1 1 1 1 0]
7,154,[1 1 0 1 0 1 1 0]
7,155,[1 1 0 1 1 0 1 1]
7,156,[1 1 1 0 0 0 1 1]
7,157,[1 0 1 1 1 1 0 1]
7,158,[1 0 1 0 1 0 0 1]
7,159,[1 0 0 1 0 1 0 1]
7,160,[1 0 1 1 1 1 1 1]
7,161,[1 1 0 1 1 0 0 1]
7,162,[1 1 1 0 0 0 1 1]
7,163,[1 1 0 1 1 0 1 1]
7,164,[1 1 0 0 1 0 0 1]
7,165,[0 0 1 1 0 1 1 0]
7,166,[1 1 0 0 1 0 1 0]
7,167,[0 1 1 1 0 0 1 1]
7,168,[1 1 0 0 1 0 1 1]
7,169,[1 0 1 1 1 1 0 0]
7,170,[1 1 0 0 1 0 1 1]
7,171,[0 1 0 1 1 1 0 1]
7,172,[1 0 1 1 1 1 0 1]
7,173,[1 1 0 1 1 0 0 1]
7,174,[1 0 1 0 0 0 0 1]
7,175,[0 0 1 0 0 1 0 0]
7,176,[0 1 1 0 0 1 1 1]
7,177,[1 0 0 0 0 0 0 0]
7,178,[0 1 1 1 0 0 1 1]
7,179,[0 1 1 0 0 0 0 0]
7,180,[1 0 0 1 0 1 0 1]
7,181,[1 0 1 0 0 0 0 0]
7,182,[0 1 0 1 1 0 1 1]
7,183,[1 1 1 0 1 1 1 1]
7,184,[0 0 0 1 1 1 0 0]
7,185,[0 0 1 0 0 1 0 0]
7,186,[1 1 0 0 1 0 1 1]
7,187,[0 0 0 1 0 0 1 0]
7,188,[0 1 1 0 0 0 0 0]
7,189,[1 0 1 1 0 1 0 1]
7,190,[1 0 1 1 0 1 0 1]
7,191,[0 0 1 1 0 0 0 1]
7,192,[0 0 0 0 1 0 1 1]
7,193,[0 0 0 0 1 1 1 1]
7,194,[0 1 1 0 1 0 1 0]
7,195,[1 0 0 1 1 0 1 1]
7,196,[1 0 0 0 1 1 0 0]
7,197,[0 1 1 1 1 0 0 1]
7,198,[1 1 0 1 0 0 1 0]
7,199,[0 0 1 0 0 1 0 0]
7,200,[0 0 1 0 0 1 0 0]
7,201,[1 0 0 1 1 0 1 1]
7,202,[0 1 1 0 0 1 1 0]
7,203,[0 0 1 1 1 1 0 1]
7,204,[1 1 0 1 0 1 0 1]
7,205,[1 1 1 0 0 0 0 1]
7,206,[0 0 0 1 1 0 0 1]
7,207,[1 0 0 1 0 1 0 0]
7,208,[0 1 0 0 1 0 0 0]
7,209,[1 0 0 1 1 1 1 1]
7,210,[1 0 1 0 0 1 0 1]
7,211,[0 0 0 1 0 0 1 1]
7,212,[1 1 1 0 1 1 0 1]
7,213,[1 1 1 0 0 1 1 0]
7,214,[1 0 0 0 0 0 0 1]
7,215,[1 1 0 1 0 0 0 1]
7,216,[0 1 1 1 1 0 1 0]
7,217,[1 0 0 1 1 1 1 1]
7,218,[1 0 0 0 0 1 0 1]
7,219,[1 0 0 1 1 0 1 1]
7,220,[1 1 1 0 1 1 0 1]
7,221,[1 0 0 0 1 0 0 1]
7,222,[1 0 1 0 0 0 1 0]
7,223,[0 0 0 0 0 0 0 1]
7,224,[0 1 0 0 1 1 1 1]
7,225,[1 1 0 1 0 0 0 1]
7,226,[0 0 0 1 1 0 0 0]
7,227,[1 1 0 0 0 0 0 0]
7,228,[1 0 1 1 0 1 1 0]
7,229,[1 1 0 0 0 0 1 1]
7,230,[0 0 1 0 0 1 0 0]
7,231,[1 0 0 1 1 0 1 1]
7,232,[1 1 0 1 1 1 0 0]
7,233,[1 1 1 0 1 1 0 0]
7,234,[1 1 0 0 1 0 1 0]
7,235,[1 0 1 1 1 1 1 1]
7,236,[1 0 1 0 1 0 1 1]
7,237,[0 1 1 1 0 0 1 1]
7,238,[0 0 0 1 1 0 0 1]
7,239,[0 1 1 1 0 1 0 0]
7,240,[0 1 0 1 1 1 1 0]
7,241,[1 0 1 1 1 0 0 0]
7,242,[0 0 1 0 1 1 1 1]
7,243,[0 1 1 1 1 0 0 0]
7,244,[1 0 0 0 0 0 1 0]
7,245,[0 1 0 0 1 0 1 1]
7,246,[1 0 1 0 1 1 1 1]
7,247,[1 0 1 0 1 0 0 1]
7,248,[0 0 0 1 0 0 1 0]
7,249,[1 1 1 0 1 0 0 1]
7,250,[0 0 0 0 0 0 1 1]
7,251,[1 1 1 1 1 0 0 1]
7,252,[0 1 1 0 1 1 0 0]
7,253,[0 0 1 1 0 0 1 0]
7,254,[1 1 0 0 0 1 0 1]
7,255,[1 0 1 1 0 0 1 0]
7,256,[0 0 0 0 0 0 0 0]
7,257,[0 1 1 0 1 0 0 1]
7,258,[0 1 0 0 1 1 1 0]
7,259,[0 1 1 0 1 0 1 0]
7,260,[0 0 1 1 1 1 1 0]
7,261,[1 0 1 0 1 1 0 1]
7,262,[1 0 0 0 0 0 0 0]
7,263,[0 1 0 1 0 1 0 1]
7,264,[0 1 0 0 1 1 0 1]
7,265,[1 1 1 0 0 1 0 0]
7,266,[1 0 1 0 1 1 0 0]
7,267,[1 1 1 1 1 0 0 1]
7,268,[1 0 1 0 1 0 0 1]
7,269,[0 1 1 1 0 0 1 1]
7,270,[1 0 0 1 1 0 1 0]
7,271,[0 1 0 0 0 0 0 0]
7,272,[1 0 1 1 0 1 0 0]
7,273,[1 0 0 1 0 0 0 1]
7,274,[0 1 1 1 1 0 0 1]
7,275,[1 1 0 0 1 0 1 1]
7,276,[1 0 1 1 1 0 1 0]
7,277,[1 1 0 1 0 0 0 0]
7,278,[1 1 1 1 0 1 0 0]
7,279,[0 1 1 1 0 1 1 0]
7,280,[1 0 0 1 1 0 1 0]
7,281,[1 1 1 0 1 0 1 0]
7,282,[1 0 0 1 0 0 1 1]
7,283,[1 0 1 1 1 1 0 0]
7,284,[0 0 0 0 0 0 0 0]
7,285,[0 1 0 1 0 0 0 1]
7,286,[0 0 1 1 1 0 0 1]
7,287,[1 1 0 0 0 0 0 0]
7,288,[1 0 1 0 0 0 1 0]
7,289,[1 1 1 1 0 0 0 1]
7,290,[1 0 0 1 1 0 0 0]
7,291,[0 0 0 0 1 1 1 0]
7,292,[1 1 1 0 1 0 0 1]
7,293,[0 1 1 1 0 1 1 1]
7,294,[0 0 0 0 1 0 1 0]
7,295,[0 0 0 1 0 0 0 1]
7,296,[1 0 0 1 1 0 1 0]
7,297,[0 0 0 0 1 0 1 0]
7,298,[1 0 1 1 1 0 1 0]
7,299,[0 1 0 1 0 1 0 1]
8,0,[1 1 0 1 1 0 1 1]
8,1,[1 0 1 1 1 1 1 0]
8,2,[1 1 1 1 1 1 1 1]
8,3,[0 1 1 0 1 1 0 0]
8,4,[1 1 0 0 0 0 1 1]
8,5,[1 1 0 1 1 0 1 1]
8,6,[0 1 0 1 1 1 1 1]
8,7,[0 0 1 1 0 1 0 0]
8,8,[1 0 1 1 1 0 0 0]
8,9,[1 0 1 1 1 0 1 0]
8,10,[1 0 0 0 1 1 0 1]
8,11,[0 0 0 0 0 1 0 0]
8,12,[1 1 1 0 0 0 1 0]
8,13,[1 0 1 1 0 0 1 0]
8,14,[1 1 0 0 1 0 1 1]
8,15,[0 0 1 1 1 1 1 0]
8,16,[0 1 0 0 1 0 1 0]
8,17,[0 1 0 1 0 1 1 0]
8,18,[1 1 0 0 0 0 0 0]
8,19,[1 0 1 0 1 0 1 1]
8,20,[0 0 1 1 0 1 1 1]
8,21,[0 1 0 0 0 0 1 0]
8,22,[1 0 0 1 0 1 0 1]
8,23,[0 1 1 0 1 1 1 1]
8,24,[1 1 1 1 1 0 1 0]
8,25,[1 1 0 0 0 1 1 1]
8,26,[0 1 0 0 1 0 1 1]
8,27,[1 1 1 0 1 0 0 0]
8,28,[0 0 0 0 0 1 0 0]
8,29,[0 0 1 1 0 0 0 0]
8,30,[0 0 0 0 0 0 1 1]
8,31,[1 0 0 0 1 1 1 0]
8,32,[1 1 0 1 1 0 1 1]
8,33,[1 0 0 0 1 0 0 0]
8,34,[1 1 1 1 0 1 1 1]
8,35,[1 0 0 0 1 1 1 1]
8,36,[1 0 0 0 0 1 0 0]
8,37,[0 0 1 1 1 0 0 0]
8,38,[0 1 1 0 0 1 0 1]
8,39,[0 1 1 1 1 0 1 1]
8,40,[0 0 0 1 0 1 1 1]
8,41,[1 0 0 0 1 1 0 1]
8,42,[1 1 1 1 0 1 0 1]
8,43,[1 1 0 1 1 0 0 1]
8,44,[0 1 1 1 1 0 0 0]
8,45,[0 0 1 1 1 1 1 0]
8,46,[0 0 1 0 0 0 1 0]
8,47,[0 0 1 0 1 0 0 0]
8,48,[1 1 0 0 1 0 1 1]
8,49,[1 0 0 1 0 1 0 1]
8,50,[0 1 1 1 0 1 1 0]
8,51,[0 0 1 0 0 0 0 0]
8,52,[0 0 1 1 1 0 0 1]
8,53,[0 1 0 0 1 1 1 0]
8,54,[0 0 1 1 1 0 1 0]
8,55,[0 1 1 0 0 1 1 0]
8,56,[0 1 0 0 0 1 1 0]
8,57,[0 1 1 0 0 0 0 0]
8,58,[1 1 0 1 1 0 0 1]
8,59,[1 0 0 1 1 0 1 1]
8,60,[0 0 1 1 1 1 1 0]
8,61,[1 1 1 0 1 0 0 1]
8,62,[1 1 1 1 0 0 1 0]
8,63,[1 0 0 0 1 0 0 0]
8,64,[0 1 1 0 1 0 0 0]
8,65,[1 0 0 0 0 1 0 1]
8,66,[1 0 1 1 0 0 1 1]
8,67,[1 1 1 1 0 1 0 0]
8,68,[0 1 0 0 1 1 1 1]
8,69,[1 0 1 0 0 0 1 0]
8,70,[1 1 0 1 0 1 0 1]
8,71,[1 1 0 1 0 0 1 0]
8,72,[1 0 0 1 1 0 1 1]
8,73,[0 0 1 0 1 0 1 0]
8,74,[0 1 1 1 1 0 0 0]
8,75,[1 0 1 1 0 1 1 1]
8,76,[1 0 0 0 1 0 1 0]
8,77,[1 1 0 1 1 0 0 1]
8,78,[1 1 0 0 1 1 1 0]
8,79,[1 0 0 0 1 0 1 0]
8,80,[1 0 0 1 0 0 0 1]
8,81,[0 1 1 1 1 0 0 0]
8,82,[0 1 1 1 0 1 0 1]
8,83,[1 1 1 0 0 0 1 0]
8,84,[0 1 1 1 1 0 0 1]
8,85,[0 1 0 0 0 0 0 1]
8,86,[1 1 0 0 0 1 1 1]
8,87,[1 0 0 1 1 0 1 1]
8,88,[1 0 1 0 1 0 0 1]
8,89,[1 0 0 0 1 1 0 0]
8,90,[1 1 0 1 1 0 1 1]
8,91,[1 1 0 1 1 0 1 1]
8,92,[0 1 1 0 0 0 0 1]
8,93,[1 0 1 0 1 0 1 1]
8,94,[1 0 1 1 0 0 0 0]
8,95,[1 0 1 1 0 0 0 0]
8,96,[0 1 1 1 0 0 1 1]
8,97,[1 0 1 1 1 1 0 0]
8,98,[1 0 1 1 1 0 1 0]
8,99,[0 1 0 1 0 0 1 1]
8,100,[1 1 0 0 1 0 0 0]
8,101,[0 0 0 0 1 1 1 1]
8,102,[1 0 1 1 0 0 0 0]
8,103,[1 0 0 1 1 0 1 1]
8,104,[0 1 0 1 0 0 0 1]
8,105,[0 1 1 1 0 1 1 1]
8,106,[0 0 0 1 0 0 1 0]
8,107,[0 1 1 1 1 1 0 1]
8,108,[0 1 1 0 1 0 1 1]
8,109,[0 1 1 1 0 0 1 0]
8,110,[1 1 0 0 1 1 1 1]
8,111,[1 1 1 0 0 0 1 0]
8,112,[1 0 0 1 1 0 1 1]
8,113,[0 0 1 0 0 1 0 1]
8,114,[0 1 1 1 0 1 1 1]
8,115,[1 0 0 1 0 0 0 0]
8,116,[1 1 1 0 0 0 1 0]
8,117,[0 0 0 1 1 1 1 0]
8,118,[1 0 1 1 1 0 0 0]
8,119,[1 0 1 1 0 0 0 0]
8,120,[1 1 1 0 1 0 0 1]
8,121,[1 0 1 1 1 1 0 0]
8,122,[1 0 0 1 1 0 1 1]
8,123,[0 1 0 0 1 0 1 1]
8,124,[1 0 1 1 1 1 1 0]
8,125,[0 0 1 0 1 1 1 1]
8,126,[1 1 1 0 0 0 0 1]
8,127,[1 1 1 1 0 0 1 1]
8,128,[1 0 0 1 1 0 0 0]
8,129,[1 1 1 0 1 1 0 1]
8,130,[0 1 0 0 1 0 1 1]
8,131,[1 1 1 0 1 1 0 1]
8,132,[1 0 0 1 1 0 0 0]
8,133,[0 0 1 0 0 0 0 0]
8,134,[0 0 0 0 1 0 1 0]
8,135,[1 1 0 1 1 1 1 0]
8,136,[1 1 0 1 1 0 1 0]
8,137,[1 0 0 1 1 1 1 0]
8,138,[0 1 1 0 0 1 0 1]
8,139,[0 1 0 0 1 1 0 1]
8,140,[1 0 1 0 1 0 1 0]
8,141,[0 0 0 1 1 1 1 1]
8,142,[1 0 1 1 0 0 0 1]
8,143,[0 0 1 0 0 0 0 1]
8,144,[0 1 0 1 0 1 1 1]
8,145,[0 1 0 0 0 0 1 0]
8,146,[1 0 0 1 0 1 0 1]
8,147,[1 1 0 1 0 1 1 1]
8,148,[1 0 0 1 1 0 1 0]
8,149,[0 1 0 1 0 0 1 0]
8,150,[0 0 1 0 1 0 0 0]
8,151,[1 1 1 0 0 0 0 0]
8,152,[0 1 0 0 1 0 1 0]
8,153,[0 1 1 0 0 1 0 0]
8,154,[1 0 1 1 1 0 1 1]
8,155,[0 0 0 0 0 1 1 1]
8,156,[1 0 0 1 1 0 1 0]
8,157,[1 1 0 0 0 0 1 1]
8,158,[1 0 1 0 0 0 0 0]
8,159,[1 1 1 1 0 1 1 0]
8,160,[0 1 1 1 1 1 0 1]
8,161,[1 1 0 1 1 0 0 1]
8,162,[0 1 0 1 1 1 1 1]
8,163,[1 1 0 0 0 0 0 0]
8,164,[0 0 1 0 1 1 1 1]
8,165,[1 1 0 0 1 0 0 0]
8,166,[1 1 1 0 0 1 1 1]
8,167,[1 0 1 0 0 1 0 1]
8,168,[0 1 0 0 0 1 1 0]
8,169,[1 0 1 0 1 1 1 1]
8,170,[0 1 0 0 0 0 0 1]
8,171,[0 1 0 1 1 1 1 0]
8,172,[0 1 0 1 1 0 0 1]
8,173,[0 1 1 1 0 1 0 0]
8,174,[1 0 0 0 1 1 0 0]
8,175,[0 1 1 0 1 0 0 1]
8,176,[0 1 1 1 1 0 1 0]
8,177,[1 0 0 0 1 0 0 1]
8,178,[1 1 1 1 0 0 1 1]
8,179,[0 1 1 0 1 0 0 1]
8,180,[1 1 0 1 1 0 1 1]
8,181,[1 0 0 1 0 1 0 0]
8,182,[0 0 0 1 1 1 0 0]
8,183,[1 0 0 0 1 0 0 0]
8,184,[0 1 1 0 0 1 0 1]
8,185,[0 0 1 0 1 0 0 0]
8,186,[0 0 1 0 1 1 0 1]
8,187,[0 1 0 0 1 0 1 1]
8,188,[0 0 0 0 1 0 0 1]
8,189,[0 0 0 1 0 1 0 0]
8,190,[0 0 1 1 0 0 1 0]
8,191,[0 1 1 0 1 0 0 1]
8,192,[0 1 0 0 1 1 1 1]
8,193,[1 1 1 1 0 1 0 1]
8,194,[1 0 0 1 0 1 1 0]
8,195,[1 0 1 0 0 0 1 1]
8,196,[0 0 0 0 0 1 1 0]
8,197,[1 0 1 1 1 1 0 0]
8,198,[1 1 0 1 0 0 0 1]
8,199,[1 1 0 1 0 0 0 1]
8,200,[0 1 0 0 0 1 1 0]
8,201,[1 1 0 1 1 0 1 1]
8,202,[1 0 0 0 1 0 0 1]
8,203,[1 0 0 0 0 0 0 0]
8,204,[0 0 1 1 0 1 1 1]
8,205,[0 1 0 1 1 1 0 1]
8,206,[1 0 1 0 0 0 1 0]
8,207,[0 1 0 1 1 0 0 1]
8,208,[1 0 0 1 0 0 0 1]
8,209,[1 1 0 0 1 1 0 0]
8,210,[0 0 0 1 0 0 0 0]
8,211,[0 1 0 1 0 1 0 1]
8,212,[1 0 0 1 1 0 1 1]
8,213,[0 1 0 1 0 1 0 0]
8,214,[1 0 0 1 0 1 1 1]
8,215,[0 1 0 1 0 1 0 0]
8,216,[1 0 0 0 1 0 0 1]
8,217,[0 0 1 1 1 0 0 0]
8,218,[0 1 0 0 1 1 1 1]
8,219,[0 1 0 0 1 0 0 0]
8,220,[1 0 0 1 0 0 0 1]
8,221,[1 1 0 0 1 0 1 1]
8,222,[1 0 0 0 1 1 1 0]
8,223,[0 1 1 1 0 0 1 0]
8,224,[0 1 1 0 1 1 0 0]
8,225,[1 0 0 0 1 0 0 1]
8,226,[0 0 0 0 1 0 0 0]
8,227,[1 1 0 0 0 0 0 1]
8,228,[0 0 1 0 1 0 1 0]
8,229,[1 1 1 0 0 0 1 1]
8,230,[0 1 1 1 1 1 1 0]
8,231,[0 0 0 1 1 1 1 0]
8,232,[0 1 0 0 0 1 1 0]
8,233,[0 1 0 1 1 1 0 1]
8,234,[1 0 0 1 0 0 0 0]
8,235,[0 1 1 0 1 0 0 0]
8,236,[0 1 1 0 0 1 1 1]
8,237,[0 1 1 1 1 0 1 1]
8,238,[1 0 0 1 0 0 1 0]
8,239,[0 0 1 1 1 0 1 1]
8,240,[0 0 1 1 1 1 1 1]
8,241,[1 1 1 1 1 1 0 1]
8,242,[1 1 0 1 1 1 1 1]
8,243,[1 0 1 1 1 0 0 1]
8,244,[1 0 1 0 0 1 1 1]
8,245,[0 1 1 1 0 1 1 1]
8,246,[1 0 0 0 1 0 0 0]
8,247,[1 0 0 0 0 0 0 1]
8,248,[1 0 1 0 1 1 1 0]
8,249,[0 0 0 0 1 1 0 0]
8,250,[0 1 1 1 1 0 0 0]
8,251,[0 0 0 0 0 0 0 1]
8,252,[1 1 1 0 0 1 0 1]
8,253,[0 0 0 0 0 0 0 1]
8,254,[0 0 1 0 0 1 0 0]
8,255,[0 1 1 0 0 1 0 1]
8,256,[1 0 0 0 1 1 1 1]
8,257,[0 0 1 1 0 0 1 0]
8,258,[0 1 0 1 1 1 0 1]
8,259,[0 0 1 0 1 0 0 0]
8,260,[0 1 1 1 1 0 0 0]
8,261,[0 0 1 0 0 0 0 1]
8,262,[1 1 1 1 1 0 1 0]
8,263,[0 1 1 1 0 1 1 1]
8,264,[0 0 0 1 1 0 0 1]
8,265,[1 0 1 1 1 0 1 0]
8,266,[1 1 1 1 0 0 0 0]
8,267,[0 0 0 1 1 0 1 0]
8,268,[1 1 1 1 0 1 1 1]
8,269,[0 0 1 1 0 0 1 1]
8,270,[0 0 0 1 0 1 0 1]
8,271,[0 1 0 1 1 0 0 1]
8,272,[1 0 0 0 1 1 1 0]
8,273,[1 1 0 1 0 0 0 0]
8,274,[0 1 0 1 0 1 0 0]
8,275,[0 0 0 1 0 0 1 1]
8,276,[1 0 0 1 1 1 1 0]
8,277,[1 1 1 1 0 1 0 1]
8,278,[1 0 1 0 1 1 0 0]
8,279,[1 1 1 0 0 0 0 1]
8,280,[0 1 1 0 1 0 1 0]
8,281,[0 0 1 1 1 1 0 0]
8,282,[1 1 0 0 0 0 1 1]
8,283,[0 1 1 0 0 0 0 1]
8,284,[0 0 0 1 0 0 1 0]
8,285,[1 1 0 0 0 0 0 0]
8,286,[0 0 1 0 0 1 0 1]
8,287,[0 1 1 1 0 0 0 1]
8,288,[1 0 1 0 0 1 1 0]
8,289,[0 1 1 0 1 0 0 0]
8,290,[1 0 0 0 1 1 0 1]
8,291,[0 0 1 1 0 0 0 0]
8,292,[1 0 1 1 0 0 0 0]
8,293,[1 1 0 0 1 0 0 0]
8,294,[1 0 1 1 1 1 0 0]
8,295,[0 0 1 0 1 1 0 0]
8,296,[1 0 0 1 0 0 0 1]
8,297,[0 1 0 1 0 1 1 0]
8,298,[0 0 1 1 1 0 1 1]
8,299,[0 1 1 1 1 1 1 1]
9,0,[1 0 0 1 0 0 1 0]
9,1,[0 0 1 0 1 1 0 0]
9,2,[1 0 0 0 1 1 0 1]
9,3,[1 0 0 1 1 0 1 1]
9,4,[0 0 0 1 1 1 0 0]
9,5,[0 1 1 0 1 1 1 0]
9,6,[0 0 1 0 1 0 1 0]
9,7,[0 0 1 1 0 1 0 1]
9,8,[1 1 1 0 0 1 1 1]
9,9,[1 1 1 0 0 0 0 1]
9,10,[1 0 1 1 0 1 0 1]
9,11,[1 0 1 1 1 0 0 0]
9,12,[1 0 1 1 0 0 0 0]
9,13,[0 1 1 1 0 0 1 1]
9,14,[1 1 0 0 0 0 0 1]
9,15,[1 0 0 0 1 0 1 1]
9,16,[1 1 1 0 0 0 1 0]
9,17,[1 0 0 0 0 0 1 1]
9,18,[0 0 1 0 0 0 0 0]
9,19,[0 0 0 1 1 1 0 0]
9,20,[0 1 1 0 0 0 0 0]
9,21,[1 0 1 1 1 0 1 0]
9,22,[0 0 0 1 1 1 0 0]
9,23,[1 0 0 0 1 1 0 1]
9,24,[0 1 1 1 1 1 1 0]
9,25,[1 0 1 1 1 1 1 1]
9,26,[1 1 0 0 0 0 0 1]
9,27,[1 0 1 1 0 0 1 0]
9,28,[1 0 1 1 0 0 0 0]
9,29,[0 1 0 0 0 0 1 0]
9,30,[0 1 1 0 0 1 1 1]
9,31,[0 0 0 0 1 0 0 0]
9,32,[1 0 0 1 0 1 1 1]
9,33,[1 1 0 1 1 1 1 0]
9,34,[0 1 0 1 0 1 0 1]
9,35,[0 0 1 0 0 1 0 0]
9,36,[1 1 0 1 0 1 0 0]
9,37,[0 0 1 1 0 0 1 1]
9,38,[1 0 1 0 1 0 0 1]
9,39,[1 0 0 0 1 0 1 1]
9,40,[0 1 0 0 1 0 0 1]
9,41,[1 1 0 1 0 1 1 0]
9,42,[0 1 0 0 0 0 1 0]
9,43,[0 1 1 1 1 0 1 0]
9,44,[1 1 1 0 0 0 1 0]
9,45,[0 1 1 1 1 0 1 1]
9,46,[1 1 0 0 0 0 0 0]
9,47,[1 0 0 1 1 1 0 0]
9,48,[0 0 0 1 1 1 1 1]
9,49,[1 0 1 0 0 1 0 1]
9,50,[1 0 1 0 1 1 1 0]
9,51,[1 1 1 1 0 1 0 0]
9,52,[1 1 1 1 1 1 0 0]
9,53,[0 1 1 0 1 0 1 0]
9,54,[1 0 0 1 0 0 0 0]
9,55,[1 1 0 1 1 0 1 1]
9,56,[0 1 1 0 0 0 0 0]
9,57,[1 1 1 1 1 1 1 1]
9,58,[1 0 1 1 1 1 1 1]
9,59,[0 1 0 0 1 1 1 0]
9,60,[0 0 1 0 1 0 1 0]
9,61,[1 1 0 1 1 0 0 1]
9,62,[0 1 1 1 1 1 1 0]
9,63,[0 1 1 0 0 0 0 1]
9,64,[1 0 0 0 1 1 0 1]
9,65,[0 1 1 1 1 1 0 1]
9,66,[0 0 1 0 1 0 1 0]
9,67,[0 1 1 1 1 0 1 1]
9,68,[1 0 0 0 1 1 0 1]
9,69,[1 0 0 1 1 1 1 0]
9,70,[1 1 1 1 0 1 1 1]
9,71,[0 0 0 1 1 1 1 1]
9,72,[0 1 1 0 0 0 1 1]
9,73,[1 1 0 0 1 0 1 0]
9,74,[1 0 0 0 0 0 0 0]
9,75,[0 0 0 1 1 1 0 1]
9,76,[1 0 0 1 0 1 1 1]
9,77,[1 1 0 1 0 0 0 1]
9,78,[1 1 0 1 1 0 1 0]
9,79,[1 0 0 1 1 1 1 1]
9,80,[0 1 1 1 0 1 1 0]
9,81,[1 0 0 1 1 1 0 0]
9,82,[0 0 1 0 0 0 0 1]
9,83,[0 1 1 0 0 0 0 1]
9,84,[1 1 1 1 1 0 1 1]
9,85,[1 1 1 0 0 0 1 0]
9,86,[1 1 0 0 0 0 1 1]
9,87,[1 0 0 0 1 0 1 0]
9,88,[1 0 1 0 0 0 1 0]
9,89,[1 0 0 1 0 1 1 1]
9,90,[0 1 1 0 0 0 1 0]
9,91,[1 0 1 0 0 1 0 1]
9,92,[1 0 0 0 1 1 0 0]
9,93,[1 0 1 0 1 0 0 1]
9,94,[0 1 1 0 1 0 0 0]
9,95,[1 0 1 0 0 1 1 1]
9,96,[0 1 1 1 1 0 1 0]
9,97,[0 1 0 0 0 1 0 1]
9,98,[1 1 1 0 0 1 0 1]
9,99,[1 0 0 0 1 0 0 0]
9,100,[1 1 1 0 1 0 0 1]
9,101,[1 1 0 1 0 1 0 1]
9,102,[1 0 1 0 0 0 0 0]
9,103,[1 0 1 1 0 0 0 0]
9,104,[1 0 0 1 1 0 1 0]
9,105,[0 1 0 1 1 1 1 1]
9,106,[0 0 0 1 0 1 1 0]
9,107,[1 1 1 1 0 0 1 0]
9,108,[1 1 0 1 0 1 0 0]
9,109,[0 0 0 1 0 1 0 1]
9,110,[0 1 1 0 0 1 1 0]
9,111,[0 1 1 0 0 0 0 0]
9,112,[0 0 0 0 1 0 0 0]
9,113,[0 1 0 0 1 1 1 1]
9,114,[1 0 0 0 0 0 1 1]
9,115,[0 1 1 0 0 1 1 1]
9,116,[1 1 0 0 1 1 1 1]
9,117,[0 0 0 0 1 1 1 0]
9,118,[0 0 1 1 1 0 0 0]
9,119,[0 0 0 0 1 0 0 0]
9,120,[1 0 1 1 1 0 0 0]
9,121,[1 0 0 1 1 1 0 0]
9,122,[0 1 1 0 0 0 0 1]
9,123,[0 0 0 0 1 1 0 0]
9,124,[1 1 0 1 0 0 1 0]
9,125,[0 0 1 0 1 1 0 0]
9,126,[0 0 0 0 0 0 0 0]
9,127,[0 1 1 0 1 1 1 1]
9,128,[1 1 1 1 0 1 0 0]
9,129,[0 0 0 0 0 0 0 0]
9,130,[1 1 1 0 1 1 1 0]
9,131,[0 0 1 1 1 0 0 1]
9,132,[0 1 0 1 1 1 0 0]
9,133,[0 1 0 0 0 0 0 1]
9,134,[0 1 0 0 0 1 1 0]
9,135,[0 1 0 1 0 1 1 0]
9,136,[0 0 1 1 1 1 1 1]
9,137,[0 0 1 0 0 0 0 0]
9,138,[1 1 1 1 0 1 1 0]
9,139,[1 0 0 1 0 1 0 0]
9,140,[1 1 1 0 1 1 0 1]
9,141,[1 0 0 0 1 1 1 1]
9,142,[1 1 0 1 0 0 1 0]
9,143,[0 0 1 0 1 1 0 0]
9,144,[0 0 0 0 1 0 0 0]
9,145,[1 0 0 1 1 1 0 0]
9,146,[1 1 1 0 0 1 1 1]
9,147,[0 0 0 1 1 1 1 1]
9,148,[1 0 1 0 0 1 0 1]
9,149,[1 1 1 0 1 0 0 0]
9,150,[0 0 0 0 1 0 0 0]
9,151,[0 1 1 0 1 1 0 0]
9,152,[1 1 0 1 1 0 1 1]
9,153,[1 0 1 0 1 0 0 0]
9,154,[0 0 0 0 0 0 1 0]
9,155,[0 1 0 0 1 0 1 0]
9,156,[1 1 1 0 0 1 1 0]
9,157,[1 1 1 1 0 1 0 1]
9,158,[1 1 0 1 0 1 1 1]
9,159,[0 0 1 1 0 0 1 1]
9,160,[1 0 0 0 1 0 0 0]
9,161,[1 1 1 1 1 1 0 0]
9,162,[1 0 0 1 1 1 1 0]
9,163,[0 1 0 1 1 0 0 0]
9,164,[0 0 1 0 1 0 1 0]
9,165,[1 0 1 1 0 0 0 1]
9,166,[0 0 0 1 0 1 0 0]
9,167,[1 0 1 1 0 1 0 0]
9,168,[1 1 1 0 1 0 0 1]
9,169,[1 1 0 1 1 0 1 0]
9,170,[1 1 1 0 0 0 0 1]
9,171,[0 1 1 1 0 1 0 0]
9,172,[1 0 1 1 0 0 1 1]
9,173,[1 1 1 0 1 0 0 0]
9,174,[0 0 0 0 0 1 1 1]
9,175,[1 1 1 1 0 1 0 0]
9,176,[1 1 1 1 1 1 0 1]
9,177,[1 1 1 0 1 1 1 0]
9,178,[0 1 1 0 0 0 0 0]
9,179,[1 1 1 0 1 1 1 0]
9,180,[0 1 1 1 0 1 0 0]
9,181,[0 1 1 1 1 0 0 1]
9,182,[0 0 1 1 1 1 0 1]
9,183,[0 1 1 1 1 1 1 0]
9,184,[0 0 0 1 1 1 0 0]
9,185,[1 0 1 1 0 0 1 0]
9,186,[0 1 0 0 1 1 1 1]
9,187,[1 0 1 0 1 0 0 1]
9,188,[1 1 0 0 0 1 0 1]
9,189,[1 0 0 1 0 0 0 0]
9,190,[0 1 0 0 0 1 0 0]
9,191,[1 0 1 1 0 1 0 0]
9,192,[1 0 1 0 0 0 0 1]
9,193,[0 1 1 1 1 0 1 0]
9,194,[1 0 0 0 1 1 0 0]
9,195,[0 1 0 1 1 1 0 0]
9,196,[0 0 0 0 1 0 1 1]
9,197,[0 1 0 0 1 1 1 0]
9,198,[1 1 0 0 1 0 0 1]
9,199,[1 0 0 1 0 1 0 1]
9,200,[0 0 0 1 0 1 1 1]
9,201,[0 1 0 1 1 0 0 1]
9,202,[0 0 0 1 1 1 1 1]
9,203,[1 1 1 0 0 1 1 1]
9,204,[0 0 1 0 0 0 1 1]
9,205,[0 0 1 0 1 1 0 0]
9,206,[0 1 1 1 0 1 1 0]
9,207,[1 0 1 1 1 0 1 0]
9,208,[0 1 0 1 1 0 0 1]
9,209,[0 0 1 0 1 1 1 0]
9,210,[0 0 0 1 0 1 1 0]
9,211,[0 1 0 0 1 0 1 1]
9,212,[0 1 1 1 0 0 1 1]
9,213,[0 0 1 1 0 1 0 0]
9,214,[0 0 0 1 0 1 0 0]
9,215,[1 1 0 0 0 0 0 0]
9,216,[0 0 1 1 1 1 1 1]
9,217,[0 1 0 1 0 1 1 0]
9,218,[1 0 1 1 0 1 0 1]
9,219,[1 1 1 1 1 0 0 0]
9,220,[0 1 0 0 0 0 1 0]
9,221,[1 1 1 0 0 1 0 0]
9,222,[0 0 0 1 1 0 0 0]
9,223,[0 0 1 0 1 0 1 0]
9,224,[1 1 0 0 0 0 1 0]
9,225,[1 1 1 0 1 0 0 1]
9,226,[1 1 0 0 1 0 1 1]
9,227,[0 1 1 1 1 0 1 0]
9,228,[0 1 0 1 1 0 1 0]
9,229,[1 0 0 1 1 0 1 1]
9,230,[0 0 1 1 1 0 0 1]
9,231,[1 0 0 0 1 1 1 1]
9,232,[0 1 0 1 1 0 1 1]
9,233,[0 1 0 0 0 1 0 1]
9,234,[0 0 1 0 0 1 0 1]
9,235,[1 1 0 0 0 0 0 0]
9,236,[1 1 0 1 1 1 0 1]
9,237,[0 1 1 0 1 1 1 1]
9,238,[0 0 1 1 0 0 0 0]
9,239,[0 1 1 1 1 0 0 0]
9,240,[1 1 0 1 0 0 0 0]
9,241,[1 1 0 1 1 1 0 0]
9,242,[1 0 1 1 0 0 1 1]
9,243,[0 0 0 1 0 1 1 1]
9,244,[1 0 0 0 1 0 1 0]
9,245,[0 1 0 1 1 0 0 1]
9,246,[0 1 0 1 0 1 1 0]
9,247,[1 0 1 0 0 0 1 1]
9,248,[0 1 1 0 0 1 0 1]
9,249,[0 0 0 1 1 0 0 1]
9,250,[0 1 0 0 1 1 1 0]
9,251,[1 1 1 0 0 1 0 1]
9,252,[0 0 0 1 1 1 0 1]
9,253,[1 1 1 0 0 0 0 1]
9,254,[0 1 1 1 1 1 1 1]
9,255,[0 0 0 1 0 0 1 0]
9,256,[0 1 0 0 1 1 1 0]
9,257,[1 1 1 1 1 0 0 1]
9,258,[1 1 1 1 0 1 0 0]
9,259,[0 1 0 1 1 0 1 0]
9,260,[1 1 0 0 1 0 0 0]
9,261,[0 0 0 0 0 0 0 1]
9,262,[0 1 0 1 0 0 0 0]
9,263,[1 0 0 0 0 0 0 0]
9,264,[1 1 0 1 0 1 1 0]
9,265,[0 1 1 1 1 0 1 1]
9,266,[1 0 0 0 1 0 0 0]
9,267,[0 1 0 1 0 0 1 0]
9,268,[0 1 1 0 0 0 0 0]
9,269,[1 1 1 0 1 1 1 1]
9,270,[1 0 0 1 0 1 0 1]
9,271,[0 1 0 0 1 1 1 0]
9,272,[1 1 0 0 1 0 0 0]
9,273,[0 1 1 1 0 1 0 0]
9,274,[1 0 1 0 0 0 0 1]
9,275,[0 1 0 1 1 1 0 0]
9,276,[0 1 1 1 0 1 0 0]
9,277,[0 1 1 1 0 1 0 1]
9,278,[0 1 1 0 0 1 1 1]
9,279,[1 0 0 0 0 0 1 0]
9,280,[1 0 1 1 1 1 0 0]
9,281,[0 0 0 0 1 0 0 0]
9,282,[1 0 0 1 0 1 0 1]
9,283,[1 1 0 1 1 0 0 1]
9,284,[1 0 0 0 0 0 0 1]
9,285,[1 1 0 1 0 0 0 0]
9,286,[1 1 1 1 1 0 0 0]
9,287,[0 1 1 0 1 0 0 1]
9,288,[1 0 0 0 0 0 0 1]
9,289,[1 0 0 1 0 1 1 1]
9,290,[1 1 0 0 1 1 1 1]
9,291,[1 1 0 0 1 0 1 1]
9,292,[0 1 1 0 1 1 1 1]
9,293,[0 0 0 1 1 0 1 1]
9,294,[1 0 0 1 1 1 1 1]
9,295,[0 0 0 0 1 0 1 0]
9,296,[1 0 1 1 0 0 0 0]
9,297,[0 1 0 1 1 1 0 0]
9,298,[1 1 0 1 0 0 0 1]
9,299,[0 0 0 1 1 1 1 0]
