episode,step,agent_0,agent_1,agent_2,agent_3,agent_4,agent_5,agent_6,agent_7
0,0,-0.13263380527496338,-0.22918792068958282,-0.05696450173854828,0.006697086617350578,-0.17923635244369507,-0.16323845088481903,-0.055268559604883194,0.038265109062194824
0,1,-0.11350633203983307,-0.28109124302864075,-0.06355185061693192,0.025411536917090416,-0.20112848281860352,-0.1708805412054062,-0.05599059909582138,0.029691945761442184
0,2,-0.10414645075798035,-0.27123916149139404,-0.07132507860660553,0.020150499418377876,-0.2136426866054535,-0.17201201617717743,-0.05772719532251358,0.026020552963018417
0,3,-0.09942575544118881,-0.2702096998691559,-0.07294122874736786,0.019117729738354683,-0.22070392966270447,-0.17251694202423096,-0.06005089730024338,0.024646837264299393
0,4,-0.09697539359331131,-0.2718166708946228,-0.07234375923871994,0.019101465120911598,-0.22460922598838806,-0.17299878597259521,-0.062197256833314896,0.02429356426000595
0,5,-0.09568247944116592,-0.2734783887863159,-0.07102642208337784,0.019122736528515816,-0.22669574618339539,-0.1734338402748108,-0.06390512734651566,0.024363398551940918
0,6,-0.0949697494506836,-0.30563944578170776,-0.0564989298582077,0.032113879919052124,-0.22775942087173462,-0.17375555634498596,-0.06516104191541672,0.024586547166109085
0,7,-0.10253794491291046,-0.2864758372306824,-0.06088043004274368,0.021008143201470375,-0.22826902568340302,-0.17394514381885529,-0.06603960692882538,0.024847358465194702
0,8,-0.10039688646793365,-0.3100796937942505,-0.0518341138958931,0.03037472628057003,-0.22849303483963013,-0.17401733994483948,-0.0666317418217659,0.02510063722729683
0,9,-0.09709273278713226,-0.31876128911972046,-0.05047133192420006,0.029660476371645927,-0.22857987880706787,-0.1739991009235382,-0.06701786071062088,0.02533205971121788
0,10,-0.0955665111541748,-0.32090163230895996,-0.05148977041244507,0.028101513162255287,-0.2099020630121231,-0.1873680055141449,-0.06971505284309387,0.025539763271808624
0,11,-0.09481195360422134,-0.28892025351524353,-0.055435992777347565,0.019091585651040077,-0.19543616473674774,-0.19446979463100433,-0.07828563451766968,0.02520892024040222
0,12,-0.0945143848657608,-0.3111796975135803,-0.05054473876953125,0.02793160267174244,-0.21253809332847595,-0.18347276747226715,-0.08194443583488464,0.025051139295101166
0,13,-0.0943591296672821,-0.3193743824958801,-0.050673384219408035,0.028260396793484688,-0.19581487774848938,-0.18915748596191406,-0.08167261630296707,0.015632562339305878
0,14,-0.09425272047519684,-0.3217546343803406,-0.05179435759782791,0.027437428012490273,-0.1863228678703308,-0.19302478432655334,-0.0863666832447052,0.020689450204372406
0,15,-0.09416505694389343,-0.32232803106307983,-0.052909716963768005,0.026705129072070122,-0.18065083026885986,-0.1936316192150116,-0.09088622033596039,0.02267012745141983
0,16,-0.0940849557518959,-0.29045015573501587,-0.0560612790286541,0.01884862594306469,-0.20483016967773438,-0.18190211057662964,-0.08980638533830643,0.023608431220054626
0,17,-0.10185453295707703,-0.3126199245452881,-0.05115475878119469,0.027664700523018837,-0.2147175520658493,-0.17492973804473877,-0.08317530900239944,0.014739647507667542
0,18,-0.099866583943367,-0.32019492983818054,-0.051162123680114746,0.028145404532551765,-0.19901160895824432,-0.18475854396820068,-0.08014178276062012,0.020211689174175262
0,19,-0.09662117063999176,-0.3220561742782593,-0.05213785916566849,0.02739708311855793,-0.21358346939086914,-0.1787453144788742,-0.08112859725952148,0.022331763058900833
0,20,-0.09512273967266083,-0.32232552766799927,-0.05312161147594452,0.02668723650276661,-0.19829806685447693,-0.1862660050392151,-0.0804099589586258,0.02341923862695694
0,21,-0.10197383165359497,-0.28990650177001953,-0.05638648197054863,0.0188454482704401,-0.2136160135269165,-0.17914219200611115,-0.08175687491893768,0.023955971002578735
0,22,-0.10007219016551971,-0.31220006942749023,-0.051276519894599915,0.02761087752878666,-0.2204846739768982,-0.17388692498207092,-0.0778527706861496,0.02432890236377716
0,23,-0.09690528362989426,-0.28763869404792786,-0.056387171149253845,0.019299590960144997,-0.20402945578098297,-0.18429595232009888,-0.07619110494852066,0.02461659535765648
0,24,-0.09551993012428284,-0.3112812638282776,-0.05071405693888664,0.028798440471291542,-0.19275352358818054,-0.19031327962875366,-0.08188082277774811,0.024696700274944305
0,25,-0.09485658258199692,-0.3194131851196289,-0.05065733194351196,0.028792576864361763,-0.18592794239521027,-0.19162625074386597,-0.08764300495386124,0.0248144268989563
0,26,-0.09450835734605789,-0.28897762298583984,-0.05530856177210808,0.019378656521439552,-0.18155434727668762,-0.19125020503997803,-0.09183157235383987,0.024842772632837296
0,27,-0.10240553319454193,-0.31127238273620605,-0.050155628472566605,0.028203511610627174,-0.20583948493003845,-0.17970257997512817,-0.09038525074720383,0.024869345128536224
0,28,-0.10034970194101334,-0.3189835548400879,-0.05030945688486099,0.028307000175118446,-0.2156311571598053,-0.17283529043197632,-0.08363507688045502,0.02494320645928383
0,29,-0.09705553203821182,-0.320850670337677,-0.05182492360472679,0.02732831798493862,-0.2217274308204651,-0.17038919031620026,-0.07758275419473648,0.025039132684469223
0,30,-0.09552818536758423,-0.2882501482963562,-0.055498261004686356,0.018770942464470863,-0.2255341112613678,-0.1697005182504654,-0.0735415369272232,0.025144558399915695
0,31,-0.09486991167068481,-0.27792465686798096,-0.05842341482639313,0.016977468505501747,-0.20920129120349884,-0.1818464696407318,-0.07339279353618622,0.0252540186047554
0,32,-0.09456737339496613,-0.27485033869743347,-0.06064562872052193,0.0172672588378191,-0.19677989184856415,-0.18860207498073578,-0.08019694685935974,0.025365304201841354
0,33,-0.09442062675952911,-0.2739711105823517,-0.062289584428071976,0.017739692702889442,-0.18917036056518555,-0.19008725881576538,-0.08672235161066055,0.025167156010866165
0,34,-0.09434616565704346,-0.3058481812477112,-0.05088968575000763,0.031058428809046745,-0.18422773480415344,-0.1896854043006897,-0.09138104319572449,0.02511504665017128
0,35,-0.09428088366985321,-0.3172451853752136,-0.049290552735328674,0.03034398891031742,-0.20766469836235046,-0.17829231917858124,-0.09018556773662567,0.025038812309503555
0,36,-0.09421367943286896,-0.2870393395423889,-0.054993659257888794,0.01945691742002964,-0.19356542825698853,-0.1826780140399933,-0.08677124977111816,0.025050673633813858
0,37,-0.09422038495540619,-0.2764863669872284,-0.058354929089546204,0.017024720087647438,-0.18668411672115326,-0.18626827001571655,-0.08921362459659576,0.025005284696817398
0,38,-0.09423322975635529,-0.3061116933822632,-0.049773331731557846,0.029323386028409004,-0.20878881216049194,-0.1766408085823059,-0.08833876997232437,0.024980295449495316
0,39,-0.09421642869710922,-0.2838360071182251,-0.05588344484567642,0.019284827634692192,-0.21797627210617065,-0.17060330510139465,-0.08224090933799744,0.02501828223466873
0,40,-0.09422765672206879,-0.30832910537719727,-0.04934834688901901,0.028965981677174568,-0.22355319559574127,-0.16842152178287506,-0.07676786184310913,0.025089479982852936
0,41,-0.09421265870332718,-0.2870064675807953,-0.05528448149561882,0.019053557887673378,-0.22587694227695465,-0.1677795648574829,-0.07300811260938644,0.02517804503440857
0,42,-0.09417424350976944,-0.3107619285583496,-0.049133092164993286,0.028594965115189552,-0.20723101496696472,-0.17951147258281708,-0.07316514849662781,0.025276128202676773
0,43,-0.09412124752998352,-0.28818511962890625,-0.0551290437579155,0.01890239305794239,-0.19315692782402039,-0.18605977296829224,-0.08032820373773575,0.02512114867568016
0,44,-0.09416139125823975,-0.3113914132118225,-0.04905213415622711,0.028462762013077736,-0.18436381220817566,-0.18749189376831055,-0.08708298206329346,0.01565239578485489
0,45,-0.09417314827442169,-0.3197106719017029,-0.04914776608347893,0.02829326130449772,-0.20659737288951874,-0.17667509615421295,-0.08764912933111191,0.020713090896606445
0,46,-0.09415188431739807,-0.321736216545105,-0.0504935160279274,0.027738092467188835,-0.19040745496749878,-0.18099820613861084,-0.08530236035585403,0.022745128720998764
0,47,-0.09410905838012695,-0.28998684883117676,-0.05491545423865318,0.019553987309336662,-0.20871834456920624,-0.17384470999240875,-0.08475171029567719,0.02365444228053093
0,48,-0.09415493905544281,-0.27989208698272705,-0.05826675146818161,0.0177279282361269,-0.19293150305747986,-0.17986717820167542,-0.08281800150871277,0.02417854219675064
0,49,-0.09416984021663666,-0.27693718671798706,-0.060751162469387054,0.017975838854908943,-0.21008044481277466,-0.17334100604057312,-0.08315595984458923,0.024425916373729706
0,50,-0.09415024518966675,-0.276124507188797,-0.06255891174077988,0.01842733658850193,-0.19428789615631104,-0.17962133884429932,-0.08181445300579071,0.02463594824075699
0,51,-0.09418464452028275,-0.30731645226478577,-0.05080035328865051,0.03170888125896454,-0.2109249085187912,-0.17310985922813416,-0.08259767293930054,0.024720091372728348
0,52,-0.09418782591819763,-0.2869582772254944,-0.05716743320226669,0.020668314769864082,-0.19505786895751953,-0.1793743222951889,-0.08150507509708405,0.02483522891998291
0,53,-0.09421156346797943,-0.31035980582237244,-0.049856629222631454,0.03019128181040287,-0.1856037974357605,-0.18357399106025696,-0.08630101382732391,0.024858616292476654
0,54,-0.09420397132635117,-0.3187696933746338,-0.049452044069767,0.029539717361330986,-0.17985738813877106,-0.18449518084526062,-0.09106072783470154,0.015495233237743378
0,55,-0.0941697210073471,-0.32073158025741577,-0.05058350786566734,0.02800452895462513,-0.20424175262451172,-0.17418326437473297,-0.09000051021575928,0.020615562796592712
0,56,-0.10206662118434906,-0.3210040032863617,-0.051892101764678955,0.02687462978065014,-0.21427616477012634,-0.167810320854187,-0.08321230858564377,0.02268204838037491
0,57,-0.10005375742912292,-0.32096385955810547,-0.05305805057287216,0.026228440925478935,-0.19831272959709167,-0.1765231192111969,-0.08023525774478912,0.02371682971715927
0,58,-0.09679283201694489,-0.3209243416786194,-0.05398443713784218,0.025916630402207375,-0.1881122589111328,-0.18197545409202576,-0.08508330583572388,0.024153999984264374
0,59,-0.09528357535600662,-0.32091715931892395,-0.05467457324266434,0.025793297216296196,-0.18199285864830017,-0.18342533707618713,-0.09027570486068726,0.024408549070358276
0,60,-0.09453459829092026,-0.3209201693534851,-0.055166833102703094,0.025761516764760017,-0.17808875441551208,-0.1833316832780838,-0.09412045776844025,0.015187576413154602
0,61,-0.0941360741853714,-0.28760501742362976,-0.05744253098964691,0.018647970631718636,-0.17554327845573425,-0.18274404108524323,-0.0966404378414154,0.020400170236825943
0,62,-0.09412826597690582,-0.3107324242591858,-0.05214665085077286,0.027456415817141533,-0.20203058421611786,-0.17242459952831268,-0.09341652691364288,0.022480230778455734
0,63,-0.09414836764335632,-0.3184405565261841,-0.05242828279733658,0.0280251856893301,-0.21307891607284546,-0.16615688800811768,-0.08516140282154083,0.023533839732408524
0,64,-0.09413903951644897,-0.3203418552875519,-0.053276002407073975,0.027319272980093956,-0.1980409175157547,-0.1747945249080658,-0.08143000304698944,0.024145003408193588
0,65,-0.09410426020622253,-0.2872372567653656,-0.05639367178082466,0.019026415422558784,-0.18856295943260193,-0.18027889728546143,-0.08592315018177032,0.02439326047897339
0,66,-0.0941542536020279,-0.31015512347221375,-0.05138467997312546,0.027740968391299248,-0.2091304510831833,-0.17159122228622437,-0.08647169172763824,0.024556905031204224
0,67,-0.09417082369327545,-0.31788867712020874,-0.05135614052414894,0.028095019981265068,-0.19457456469535828,-0.18378907442092896,-0.08450485020875931,0.024723991751670837
0,68,-0.0941515788435936,-0.3197977840900421,-0.05231381580233574,0.02727292664349079,-0.18658079206943512,-0.190983846783638,-0.08857393264770508,0.024782195687294006
0,69,-0.094109445810318,-0.28642046451568604,-0.05588015913963318,0.018863650038838387,-0.20826689898967743,-0.18155823647975922,-0.08820061385631561,0.02482796460390091
0,70,-0.0941554456949234,-0.3095241189002991,-0.050888873636722565,0.027608050033450127,-0.1939558982849121,-0.18866485357284546,-0.08564139902591705,0.02491471916437149
0,71,-0.09417025744915009,-0.28386378288269043,-0.0560140423476696,0.01909070648252964,-0.21153181791305542,-0.18119260668754578,-0.08499523997306824,0.024916034191846848
0,72,-0.09420155733823776,-0.308516263961792,-0.04999556764960289,0.028587767854332924,-0.19699496030807495,-0.188776895403862,-0.08314462006092072,0.024972721934318542
0,73,-0.09419847279787064,-0.3169741928577423,-0.049921028316020966,0.028570791706442833,-0.18858346343040466,-0.1936762034893036,-0.08769948780536652,0.024954330176115036
0,74,-0.09416675567626953,-0.31902533769607544,-0.051058053970336914,0.027433166280388832,-0.18358512222766876,-0.19479823112487793,-0.0923355221748352,0.024946287274360657
0,75,-0.0941174179315567,-0.3193151652812958,-0.05225824564695358,0.026499563828110695,-0.20706088840961456,-0.18304526805877686,-0.09081409871578217,0.024943582713603973
0,76,-0.09405790269374847,-0.3192371129989624,-0.053288429975509644,0.025932149961590767,-0.19322055578231812,-0.18834437429904938,-0.08592268824577332,0.024994686245918274
0,77,-0.10184261202812195,-0.2847129702568054,-0.05654780939221382,0.018272636458277702,-0.21131742000579834,-0.1805134117603302,-0.08461534231901169,0.024970445781946182
0,78,-0.10001524537801743,-0.30846595764160156,-0.051372986286878586,0.02708994410932064,-0.21943560242652893,-0.17516331374645233,-0.07944653928279877,0.015603721141815186
0,79,-0.0968906581401825,-0.2823185622692108,-0.05657944828271866,0.018839003518223763,-0.20398999750614166,-0.18597371876239777,-0.07753057032823563,0.02078752964735031
0,80,-0.09551487118005753,-0.30751192569732666,-0.050226300954818726,0.02834581770002842,-0.21689081192016602,-0.17994388937950134,-0.07956365495920181,0.02272520214319229
0,81,-0.0948525071144104,-0.28208354115486145,-0.05620913952589035,0.019148634746670723,-0.19889134168624878,-0.18765422701835632,-0.07936614006757736,0.023690499365329742
0,82,-0.09455518424510956,-0.2730317711830139,-0.0596797838807106,0.017249183729290962,-0.21347400546073914,-0.1802985668182373,-0.0811365619301796,0.0241430401802063
0,83,-0.09441354125738144,-0.2701050341129303,-0.062045592814683914,0.017226511612534523,-0.19652916491031647,-0.18734386563301086,-0.08052946627140045,0.024457119405269623
0,84,-0.09434214979410172,-0.302945613861084,-0.050486162304878235,0.030365044251084328,-0.21214967966079712,-0.17988738417625427,-0.08184605836868286,0.024600133299827576
0,85,-0.0942787304520607,-0.31460946798324585,-0.04876406490802765,0.02980475313961506,-0.19567513465881348,-0.1867997646331787,-0.08070509880781174,0.024752289056777954
0,86,-0.094212606549263,-0.3173976242542267,-0.0494067519903183,0.02795231156051159,-0.21171344816684723,-0.17942537367343903,-0.0818316787481308,0.024904202669858932
0,87,-0.09414352476596832,-0.28295794129371643,-0.05503961443901062,0.018397049978375435,-0.19499176740646362,-0.18629007041454315,-0.08085805922746658,0.025050200521945953
0,88,-0.09407263994216919,-0.3066951632499695,-0.049547769129276276,0.027171088382601738,-0.21121126413345337,-0.17899659276008606,-0.08198127895593643,0.02498188242316246
0,89,-0.09400102496147156,-0.3164142966270447,-0.04951256513595581,0.027447884902358055,-0.21837623417377472,-0.1736871302127838,-0.0781637579202652,0.02500402182340622
0,90,-0.0939292460680008,-0.2887422442436218,-0.05539167299866676,0.020026737824082375,-0.20083940029144287,-0.1840246319770813,-0.07677847146987915,0.025073379278182983
0,91,-0.0940341129899025,-0.2799658179283142,-0.05932805687189102,0.018210655078291893,-0.1889219582080841,-0.19002552330493927,-0.08234937489032745,0.025164924561977386
0,92,-0.09412427991628647,-0.30891990661621094,-0.049909140914678574,0.030117729678750038,-0.18159055709838867,-0.19134730100631714,-0.08796601742506027,0.025059886276721954
0,93,-0.09415538609027863,-0.3192700147628784,-0.04883994907140732,0.02997422032058239,-0.20503640174865723,-0.18002262711524963,-0.08804246783256531,0.025005172938108444
0,94,-0.09414346516132355,-0.2906852960586548,-0.05544349551200867,0.020020948722958565,-0.21458372473716736,-0.1731639802455902,-0.08228506147861481,0.02502986416220665
0,95,-0.09418150782585144,-0.31246936321258545,-0.04925090819597244,0.028779586777091026,-0.19808650016784668,-0.18256792426109314,-0.0795685350894928,0.025095321238040924
0,96,-0.09418641030788422,-0.28878211975097656,-0.056145764887332916,0.019627848640084267,-0.18751223385334015,-0.18828937411308289,-0.08416798710823059,0.02518141269683838
0,97,-0.09415994584560394,-0.31186550855636597,-0.04916936904191971,0.029132338240742683,-0.18113546073436737,-0.18967464566230774,-0.08916033804416656,0.02527836337685585
0,98,-0.09411374479532242,-0.2885204553604126,-0.05630103126168251,0.01970827765762806,-0.2049395740032196,-0.1787387579679489,-0.08874806761741638,0.02512279897928238
0,99,-0.09415760636329651,-0.280012845993042,-0.06039941683411598,0.017833614721894264,-0.1902180016040802,-0.18347027897834778,-0.08585809171199799,0.025092191994190216
0,100,-0.0941968783736229,-0.3088270425796509,-0.049785781651735306,0.030284563079476357,-0.18271251022815704,-0.18716490268707275,-0.08872239291667938,0.025026224553585052
0,101,-0.0941961258649826,-0.3191162943840027,-0.048312511295080185,0.02997862733900547,-0.1783062219619751,-0.18801869451999664,-0.09216168522834778,0.015605062246322632
0,102,-0.0941656157374382,-0.28965044021606445,-0.05554179474711418,0.019683023914694786,-0.2034635841846466,-0.1774255633354187,-0.09050410985946655,0.020689167082309723
0,103,-0.09419324994087219,-0.3115600347518921,-0.04905059561133385,0.028539856895804405,-0.21395856142044067,-0.17099130153656006,-0.08360519260168076,0.022731706500053406
0,104,-0.09419247508049011,-0.3192991614341736,-0.04872429370880127,0.028505275025963783,-0.2204384207725525,-0.17131292819976807,-0.07754326611757278,0.023750241845846176
0,105,-0.09416298568248749,-0.3211926817893982,-0.049775492399930954,0.027694309130311012,-0.22445040941238403,-0.17235174775123596,-0.07341271638870239,0.024332139641046524
0,106,-0.09411521255970001,-0.28896456956863403,-0.05594673007726669,0.01932942308485508,-0.22638270258903503,-0.17330032587051392,-0.0708521381020546,0.02471357211470604
0,107,-0.09415827691555023,-0.3113197982311249,-0.05010896548628807,0.028046103194355965,-0.20782744884490967,-0.1874566674232483,-0.07189226895570755,0.02499517798423767
0,108,-0.09417161345481873,-0.31901437044143677,-0.04976882040500641,0.028393471613526344,-0.21773330867290497,-0.18184837698936462,-0.07621654868125916,0.02491059899330139
0,109,-0.09415116161108017,-0.32093459367752075,-0.05289234220981598,0.02757021225988865,-0.2000487744808197,-0.19019952416419983,-0.07751648128032684,0.02493743598461151
0,110,-0.09410873800516129,-0.32124072313308716,-0.0542542040348053,0.026826484128832817,-0.21403877437114716,-0.1824052631855011,-0.08016425371170044,0.024916566908359528
0,111,-0.09405320882797241,-0.32119059562683105,-0.055076852440834045,0.026354124769568443,-0.19655746221542358,-0.1896567940711975,-0.08010122179985046,0.015561938285827637
0,112,-0.09399033337831497,-0.28798583149909973,-0.05743655562400818,0.018875958397984505,-0.21205277740955353,-0.18181490898132324,-0.08167172223329544,0.020653024315834045
0,113,-0.09407515823841095,-0.27782589197158813,-0.05975271388888359,0.017371738329529762,-0.21884700655937195,-0.17620699107646942,-0.07780544459819794,0.022702421993017197
0,114,-0.09414847940206528,-0.2748236656188965,-0.061573296785354614,0.017787082120776176,-0.20121926069259644,-0.18699337542057037,-0.07682635635137558,0.02372879534959793
0,115,-0.10225354135036469,-0.30640900135040283,-0.051184773445129395,0.03088678978383541,-0.21434327960014343,-0.1806926727294922,-0.07927140593528748,0.024161778390407562
0,116,-0.10024601221084595,-0.31751036643981934,-0.04982142895460129,0.03046785481274128,-0.22025588154792786,-0.175622820854187,-0.07621733844280243,0.024465888738632202
0,117,-0.09699646383523941,-0.3200545907020569,-0.05053247883915901,0.02866910584270954,-0.20225031673908234,-0.18651548027992249,-0.07586903870105743,0.024708066135644913
0,118,-0.09549351036548615,-0.32033517956733704,-0.05167893320322037,0.02725878171622753,-0.21485529839992523,-0.18025776743888855,-0.0787385106086731,0.015372265130281448
0,119,-0.0947473868727684,-0.32019639015197754,-0.05332225561141968,0.02641584537923336,-0.1977902501821518,-0.18780988454818726,-0.07910041511058807,0.020570188760757446
0,120,-0.09434974193572998,-0.32007095217704773,-0.054351016879081726,0.025985782966017723,-0.18707065284252167,-0.1924489438533783,-0.08502490073442459,0.022585853934288025
0,121,-0.09411580115556717,-0.3200085759162903,-0.05504704266786575,0.025797562673687935,-0.20786699652671814,-0.18164950609207153,-0.0860963985323906,0.023549072444438934
0,122,-0.09396065771579742,-0.3199806809425354,-0.055507779121398926,0.02573257125914097,-0.19210633635520935,-0.18706148862838745,-0.0833156406879425,0.024109452962875366
0,123,-0.09384463727474213,-0.31995898485183716,-0.0558059923350811,0.025721972808241844,-0.18355338275432587,-0.1909669190645218,-0.08678573369979858,0.02438058704137802
0,124,-0.09374883025884628,-0.2858974039554596,-0.057688236236572266,0.018615497276186943,-0.17845170199871063,-0.19174540042877197,-0.09071476012468338,0.024554401636123657
0,125,-0.09391413629055023,-0.27557140588760376,-0.05978263542056084,0.01716970093548298,-0.175251767039299,-0.1913968324661255,-0.09365643560886383,0.024673137813806534
0,126,-0.09402932971715927,-0.27248862385749817,-0.06156087666749954,0.017567293718457222,-0.20164775848388672,-0.180014505982399,-0.09139740467071533,0.024756379425525665
0,127,-0.09412302076816559,-0.30484598875045776,-0.05112038925290108,0.030606145039200783,-0.21268890798091888,-0.17328186333179474,-0.08419391512870789,0.02486678957939148
0,128,-0.09415620565414429,-0.28292298316955566,-0.057087697088718414,0.020183200016617775,-0.21956117451190948,-0.17094485461711884,-0.07796266674995422,0.024987071752548218
0,129,-0.094195656478405,-0.27422410249710083,-0.06005920469760895,0.017911391332745552,-0.2032521665096283,-0.1825602501630783,-0.07624662667512894,0.02510906755924225
0,130,-0.09422172605991364,-0.30467963218688965,-0.050011858344078064,0.030260900035500526,-0.21568554639816284,-0.17729011178016663,-0.0786936804652214,0.025022953748703003
0,131,-0.09421110153198242,-0.28205177187919617,-0.056464582681655884,0.02053949423134327,-0.19834744930267334,-0.18484975397586823,-0.0788625106215477,0.025032170116901398
0,132,-0.09422526508569717,-0.273235023021698,-0.05977867543697357,0.018397705629467964,-0.1872805655002594,-0.1894831657409668,-0.08438979834318161,0.024988889694213867
0,133,-0.09423727542161942,-0.27034199237823486,-0.06200376898050308,0.018228841945528984,-0.18041814863681793,-0.19032606482505798,-0.08959877490997314,0.024967454373836517
0,134,-0.09421904385089874,-0.26942262053489685,-0.06357705593109131,0.018420105800032616,-0.17601458728313446,-0.18984445929527283,-0.0932956337928772,0.024957172572612762
0,135,-0.09422919899225235,-0.26906079053878784,-0.06467320024967194,0.018568655475974083,-0.17316582798957825,-0.18901629745960236,-0.09566615521907806,0.024952009320259094
0,136,-0.0942135825753212,-0.3023354411125183,-0.05136421322822571,0.03196635842323303,-0.20026908814907074,-0.17792683839797974,-0.09268324077129364,0.024949174374341965
0,137,-0.09417479485273361,-0.28063929080963135,-0.05787316709756851,0.02055884711444378,-0.21167239546775818,-0.17134086787700653,-0.08466829359531403,0.02499915286898613
0,138,-0.09419798105955124,-0.30580103397369385,-0.04936216026544571,0.03014165349304676,-0.1961628645658493,-0.180617094039917,-0.0807662159204483,0.01565173640847206
0,139,-0.09419484436511993,-0.2805810272693634,-0.05608728900551796,0.019745001569390297,-0.2117038518190384,-0.1751255840063095,-0.08136291056871414,0.020706620067358017
0,140,-0.09421518445014954,-0.3057153522968292,-0.048874713480472565,0.029302017763257027,-0.2191048264503479,-0.17065295577049255,-0.07761819660663605,0.02273169904947281
0,141,-0.09420576691627502,-0.28013238310813904,-0.05568729341030121,0.01949562318623066,-0.20236808061599731,-0.1807960569858551,-0.07641671597957611,0.02374483272433281
0,142,-0.09422162175178528,-0.3055618405342102,-0.04881170392036438,0.029109986498951912,-0.21525168418884277,-0.17525728046894073,-0.07891561090946198,0.02417076751589775
0,143,-0.09420940279960632,-0.2798546254634857,-0.055669497698545456,0.019473886117339134,-0.19787044823169708,-0.18225577473640442,-0.07898163050413132,0.024471089243888855
0,144,-0.09422359615564346,-0.2706954777240753,-0.05959491431713104,0.017591966316103935,-0.18693161010742188,-0.18663480877876282,-0.08430732786655426,0.024607550352811813
0,145,-0.09423602372407913,-0.302399218082428,-0.04953571781516075,0.0301112849265337,-0.2077237069606781,-0.17675751447677612,-0.08554128557443619,0.024704810231924057
0,146,-0.0942181944847107,-0.27902108430862427,-0.056651771068573,0.019871072843670845,-0.21623551845550537,-0.1704682856798172,-0.08072075247764587,0.024827763438224792
0,147,-0.09422867745161057,-0.30491527915000916,-0.048924997448921204,0.029533984139561653,-0.22137269377708435,-0.16807422041893005,-0.07600412517786026,0.024958577007055283
0,148,-0.09421325474977493,-0.2791118919849396,-0.05603490397334099,0.01953800581395626,-0.22440603375434875,-0.16727806627750397,-0.0726657509803772,0.025088917464017868
0,149,-0.09422565251588821,-0.3048008978366852,-0.04881364852190018,0.029077326878905296,-0.22625575959682465,-0.16704919934272766,-0.07055260241031647,0.025216035544872284
0,150,-0.09421151131391525,-0.31377458572387695,-0.04838775098323822,0.02882271446287632,-0.2077367603778839,-0.17880110442638397,-0.07169893383979797,0.025339670479297638
0,151,-0.09417365491390228,-0.28059691190719604,-0.05507246032357216,0.019131051376461983,-0.19357571005821228,-0.1853022575378418,-0.07939639687538147,0.025150015950202942
0,152,-0.0941973477602005,-0.3051739037036896,-0.04911438375711441,0.028056712821125984,-0.21132197976112366,-0.17580649256706238,-0.0825941264629364,0.025051996111869812
0,153,-0.09419451653957367,-0.27812254428863525,-0.05607587471604347,0.01905241422355175,-0.21838171780109406,-0.16958016157150269,-0.07893965393304825,0.025055650621652603
0,154,-0.09421499818563461,-0.26881489157676697,-0.06019959598779678,0.017320552840828896,-0.22258517146110535,-0.1671009361743927,-0.07492844760417938,0.025110691785812378
0,155,-0.0942312553524971,-0.26590290665626526,-0.06293860077857971,0.017437594011425972,-0.2252046912908554,-0.16619990766048431,-0.07198172062635422,0.025191329419612885
0,156,-0.0942411869764328,-0.30018168687820435,-0.05055123567581177,0.030664103105664253,-0.20713913440704346,-0.17754943668842316,-0.0726063996553421,0.02528516948223114
0,157,-0.09422135353088379,-0.2770681381225586,-0.05794219300150871,0.01991717703640461,-0.1936154067516327,-0.18392153084278107,-0.08006415516138077,0.02512763813138008
0,158,-0.09423048794269562,-0.30349740386009216,-0.0492018423974514,0.029508477076888084,-0.18520981073379517,-0.18533286452293396,-0.08698130398988724,0.025043964385986328
0,159,-0.09421426057815552,-0.27711331844329834,-0.056749068200588226,0.01930229552090168,-0.20731037855148315,-0.17468373477458954,-0.08759288489818573,0.025001317262649536
0,160,-0.09422619640827179,-0.3033485412597656,-0.04894135892391205,0.028813457116484642,-0.21608150005340576,-0.16807755827903748,-0.08190901577472687,0.02503061294555664
0,161,-0.09421180188655853,-0.3124910295009613,-0.04826009273529053,0.028542736545205116,-0.22145450115203857,-0.16553369164466858,-0.07654295116662979,0.025097299367189407
0,162,-0.09417379647493362,-0.3148704171180725,-0.049256324768066406,0.027787210419774055,-0.22482171654701233,-0.16877621412277222,-0.07278494536876678,0.02518332377076149
0,163,-0.0941210389137268,-0.3174249827861786,-0.05052526667714119,0.026902223005890846,-0.20619738101959229,-0.18478362262248993,-0.07307465374469757,0.025279834866523743
0,164,-0.09405972063541412,-0.3196893334388733,-0.05169936269521713,0.0263714287430048,-0.2167927622795105,-0.18024073541164398,-0.07690035551786423,0.025123804807662964
0,165,-0.09399369359016418,-0.2890906035900116,-0.05681733787059784,0.0189396683126688,-0.22172854840755463,-0.17619770765304565,-0.07483711838722229,0.025092825293540955
0,166,-0.09392519295215607,-0.31183815002441406,-0.05269169062376022,0.02770744450390339,-0.2033565640449524,-0.18810489773750305,-0.07507596909999847,0.025130048394203186
0,167,-0.09385547041893005,-0.28814488649368286,-0.05730603635311127,0.019535182043910027,-0.19050627946853638,-0.19468286633491516,-0.08200302720069885,0.025046512484550476
0,168,-0.09398634731769562,-0.2800225615501404,-0.06010366976261139,0.0179664995521307,-0.20961633324623108,-0.18381480872631073,-0.08420824259519577,0.025001659989356995
0,169,-0.09409673511981964,-0.3090400993824005,-0.051008597016334534,0.03033260442316532,-0.21734941005706787,-0.17705292999744415,-0.07970156520605087,0.025029905140399933
0,170,-0.09414016455411911,-0.3193018436431885,-0.05003673955798149,0.030083151534199715,-0.22198493778705597,-0.1745266616344452,-0.07514811307191849,0.02509625256061554
0,171,-0.09413537383079529,-0.32166510820388794,-0.05086614191532135,0.028481220826506615,-0.2037392556667328,-0.18672281503677368,-0.07473032176494598,0.02518230676651001
0,172,-0.0941009521484375,-0.321936696767807,-0.05201466381549835,0.02720213122665882,-0.19071006774902344,-0.19352388381958008,-0.08169694989919662,0.025072045624256134
0,173,-0.09404950588941574,-0.32181739807128906,-0.0530889555811882,0.026431100443005562,-0.2096559703350067,-0.1829199492931366,-0.08400044590234756,0.025013238191604614
0,174,-0.09398867189884186,-0.2890903353691101,-0.05625401437282562,0.019141988828778267,-0.1933111697435379,-0.18871349096298218,-0.08302067220211029,0.02503500133752823
0,175,-0.09392282366752625,-0.27904319763183594,-0.05906575918197632,0.017614031210541725,-0.18409189581871033,-0.19270378351211548,-0.08763306587934494,0.02499503642320633
0,176,-0.10206341743469238,-0.27611392736434937,-0.06125287339091301,0.01800318993628025,-0.20618891716003418,-0.18187659978866577,-0.08764739334583282,0.02497321367263794
0,177,-0.10016836225986481,-0.27528905868530273,-0.06288130581378937,0.018503902480006218,-0.1909409463405609,-0.18737992644309998,-0.08526523411273956,0.025013264268636703
0,178,-0.09700950980186462,-0.27494797110557556,-0.06404869258403778,0.018766624853014946,-0.20919527113437653,-0.17966683208942413,-0.08478112518787384,0.024982422590255737
0,179,-0.09559008479118347,-0.30643320083618164,-0.0513361394405365,0.032050520181655884,-0.21739917993545532,-0.1742958426475525,-0.07945378124713898,0.025017082691192627
0,180,-0.09489679336547852,-0.31777697801589966,-0.04996897280216217,0.031113451346755028,-0.20080028474330902,-0.1848272979259491,-0.07785120606422424,0.025087226182222366
0,181,-0.09452935308218002,-0.28787297010421753,-0.05542931333184242,0.020038070157170296,-0.18959619104862213,-0.19096991419792175,-0.08387775719165802,0.02502058818936348
0,182,-0.1024203673005104,-0.27737870812416077,-0.058678627014160156,0.017585767433047295,-0.2094057947397232,-0.18081510066986084,-0.08531108498573303,0.024984918534755707
0,183,-0.10037984699010849,-0.30671119689941406,-0.049877703189849854,0.029919179156422615,-0.19391904771327972,-0.18641920387744904,-0.08387981355190277,0.015612982213497162
0,184,-0.09710270166397095,-0.3172023594379425,-0.049192436039447784,0.029730143025517464,-0.21109843254089355,-0.17877686023712158,-0.08400238305330276,0.020689349621534348
0,185,-0.09558582305908203,-0.32050400972366333,-0.05025605857372284,0.02820981852710247,-0.1956539750099182,-0.18540988862514496,-0.08258114755153656,0.022726573050022125
0,186,-0.0948316752910614,-0.3216308057308197,-0.05158916860818863,0.027002381160855293,-0.21203510463237762,-0.1782425045967102,-0.08310877531766891,0.02374429628252983
0,187,-0.09442904591560364,-0.3219934403896332,-0.0528034083545208,0.02651471458375454,-0.19660553336143494,-0.18500924110412598,-0.08201878517866135,0.024327173829078674
0,188,-0.09419184923171997,-0.3221636414527893,-0.05377640575170517,0.0261863861232996,-0.2126290202140808,-0.17790773510932922,-0.08278706669807434,0.024502526968717575
0,189,-0.0940345823764801,-0.32227349281311035,-0.05450454354286194,0.026042284443974495,-0.21979431807994843,-0.17270202934741974,-0.0781792551279068,0.0246753990650177
0,190,-0.09391719102859497,-0.2906879782676697,-0.057085733860731125,0.018922695890069008,-0.22402140498161316,-0.17076055705547333,-0.07389791309833527,0.024845115840435028
0,191,-0.09402170777320862,-0.3130226731300354,-0.051872264593839645,0.02770976908504963,-0.2265719473361969,-0.17010296881198883,-0.0709051862359047,0.02500629797577858
0,192,-0.09409155696630478,-0.32060521841049194,-0.05163079500198364,0.028266066685318947,-0.22750689089298248,-0.16989269852638245,-0.06902366876602173,0.025157291442155838
0,193,-0.09410671889781952,-0.3224639296531677,-0.052414216101169586,0.027650119736790657,-0.20851466059684753,-0.18221569061279297,-0.07111203670501709,0.02529880404472351
0,194,-0.09408498555421829,-0.2907785177230835,-0.05623782426118851,0.019489934667944908,-0.2180635929107666,-0.17687487602233887,-0.07583251595497131,0.02512209489941597
0,195,-0.09414246678352356,-0.3127512037754059,-0.050959743559360504,0.028158219531178474,-0.22247640788555145,-0.17209860682487488,-0.07396075129508972,0.025084976106882095
0,196,-0.09416355937719345,-0.3202345073223114,-0.0508379265666008,0.02849387563765049,-0.20367804169654846,-0.18225730955600739,-0.07487032562494278,0.025122422724962234
0,197,-0.09414715319871902,-0.2900347113609314,-0.05578172579407692,0.019636744633316994,-0.19057144224643707,-0.18801383674144745,-0.08253689110279083,0.025040902197360992
0,198,-0.09418317675590515,-0.2801116108894348,-0.05917667597532272,0.017745034769177437,-0.20960478484630585,-0.17805702984333038,-0.08461157232522964,0.024998098611831665
0,199,-0.09421269595623016,-0.2770634889602661,-0.06162433698773384,0.017934972420334816,-0.19310978055000305,-0.183141827583313,-0.08369341492652893,0.025027908384799957
0,200,-0.09423087537288666,-0.2761303186416626,-0.06338123977184296,0.018345410004258156,-0.18389692902565002,-0.18678432703018188,-0.08854887634515762,0.02499184012413025
0,201,-0.09424139559268951,-0.307272344827652,-0.05099023878574371,0.03165543079376221,-0.20605815947055817,-0.17685925960540771,-0.08824165165424347,0.024971850216388702
0,202,-0.09422162920236588,-0.31886622309684753,-0.048926323652267456,0.030880043283104897,-0.1902705430984497,-0.18177570402622223,-0.08592794835567474,0.025012709200382233
0,203,-0.0941796749830246,-0.29050979018211365,-0.05538482218980789,0.01995520479977131,-0.1818607747554779,-0.18548589944839478,-0.08989302814006805,0.024982206523418427
0,204,-0.09420078992843628,-0.3121061623096466,-0.049076274037361145,0.02874009497463703,-0.2048068642616272,-0.17591409385204315,-0.08901047706604004,0.024965278804302216
0,205,-0.09419640898704529,-0.3198723793029785,-0.048904746770858765,0.028599539771676064,-0.21442444622516632,-0.1698538064956665,-0.08225903660058975,0.015602566301822662
0,206,-0.09416498243808746,-0.32179689407348633,-0.05142422020435333,0.027489962056279182,-0.19778023660182953,-0.17894479632377625,-0.08004550635814667,0.02078794687986374
0,207,-0.09411618113517761,-0.3221312165260315,-0.052946336567401886,0.026616493239998817,-0.18694809079170227,-0.18450985848903656,-0.0857650637626648,0.022725939750671387
0,208,-0.0940571203827858,-0.2899009585380554,-0.05619151145219803,0.01861950196325779,-0.18035665154457092,-0.18590539693832397,-0.09149909019470215,0.023639202117919922
0,209,-0.09399233758449554,-0.31216275691986084,-0.051417868584394455,0.027477068826556206,-0.20433276891708374,-0.1755484640598297,-0.09041371941566467,0.024115972220897675
0,210,-0.09392451494932175,-0.31978219747543335,-0.051414020359516144,0.028231294825673103,-0.18940387666225433,-0.18000635504722595,-0.08756709098815918,0.024443048983812332
0,211,-0.0938551276922226,-0.2895126938819885,-0.05569404363632202,0.019722534343600273,-0.18176335096359253,-0.18356314301490784,-0.09109656512737274,0.02459246665239334
0,212,-0.09398619085550308,-0.3118540942668915,-0.05050183832645416,0.028492001816630363,-0.17725303769111633,-0.18443024158477783,-0.09496372193098068,0.024696048349142075
0,213,-0.0940711498260498,-0.319528728723526,-0.05056309700012207,0.028671877458691597,-0.17443309724330902,-0.18426571786403656,-0.09784440696239471,0.024770420044660568
0,214,-0.09409508109092712,-0.28905215859413147,-0.05530024692416191,0.019644172862172127,-0.20115166902542114,-0.17398205399513245,-0.09425067901611328,0.02482382208108902
0,215,-0.09415480494499207,-0.3114197850227356,-0.05009382590651512,0.028474153950810432,-0.21239471435546875,-0.16772706806659698,-0.08550341427326202,0.0249134823679924
0,216,-0.09417212009429932,-0.3191286325454712,-0.05020713061094284,0.028619548305869102,-0.21905867755413055,-0.16548582911491394,-0.07825151085853577,0.025019168853759766
0,217,-0.10214251279830933,-0.28846409916877747,-0.055197399109601974,0.01951693929731846,-0.22323806583881378,-0.16486875712871552,-0.07341548800468445,0.025130946189165115
0,218,-0.10021105408668518,-0.310977965593338,-0.04994228482246399,0.02838260866701603,-0.22574308514595032,-0.16478517651557922,-0.07046197354793549,0.025244679301977158
0,219,-0.09700796008110046,-0.28623756766319275,-0.05569397285580635,0.01982361264526844,-0.22717612981796265,-0.16480740904808044,-0.06874965876340866,0.02535887435078621
0,220,-0.09558333456516266,-0.3101072907447815,-0.04953789710998535,0.029249953106045723,-0.22795170545578003,-0.16480013728141785,-0.06779208779335022,0.02547314018011093
0,221,-0.09489138424396515,-0.3190479278564453,-0.04945642501115799,0.02915622852742672,-0.20928698778152466,-0.17646920680999756,-0.06822740286588669,0.025587406009435654
0,222,-0.09452558308839798,-0.2902299165725708,-0.055016450583934784,0.01971317268908024,-0.19482168555259705,-0.18288670480251312,-0.07658107578754425,0.0252879336476326
0,223,-0.09438589215278625,-0.3122842013835907,-0.04958652704954147,0.02854934148490429,-0.18569862842559814,-0.18425358831882477,-0.08435389399528503,0.025182243436574936
0,224,-0.09429869055747986,-0.3200688362121582,-0.049654845148324966,0.028643203899264336,-0.17979080975055695,-0.1838182806968689,-0.08986612409353256,0.01569099724292755
0,225,-0.09422294050455093,-0.29025036096572876,-0.05517648160457611,0.019483568146824837,-0.17595243453979492,-0.18289870023727417,-0.09339066594839096,0.020738519728183746
0,226,-0.09422595798969269,-0.28042101860046387,-0.05888959765434265,0.01756300963461399,-0.20202451944351196,-0.1722833812236786,-0.09128353744745255,0.022710949182510376
0,227,-0.09423687309026718,-0.3091178238391876,-0.04985649883747101,0.029855316504836082,-0.21278874576091766,-0.16584435105323792,-0.08412140607833862,0.02369162067770958
0,228,-0.09421887993812561,-0.287714421749115,-0.05653451383113861,0.02031792141497135,-0.21952487528324127,-0.1634674370288849,-0.07790824770927429,0.024252742528915405
0,229,-0.09422929584980011,-0.3111579716205597,-0.04920521005988121,0.029862599447369576,-0.20314303040504456,-0.17390578985214233,-0.07621761411428452,0.015174247324466705
0,230,-0.10224293172359467,-0.31945425271987915,-0.048761848360300064,0.029471630230545998,-0.21558257937431335,-0.1692083179950714,-0.0786743089556694,0.020363591611385345
0,231,-0.10021140426397324,-0.32137709856033325,-0.04984891042113304,0.02808377705514431,-0.22156324982643127,-0.16501548886299133,-0.07600577920675278,0.013059552758932114
0,232,-0.10479861497879028,-0.3216169476509094,-0.05112506449222565,0.027017662301659584,-0.2249750792980194,-0.16329871118068695,-0.07306963205337524,0.00979696586728096
0,233,-0.10149073600769043,-0.32154178619384766,-0.05226578563451767,0.026389943435788155,-0.22699987888336182,-0.16262421011924744,-0.07090507447719574,0.017610572278499603
0,234,-0.0975169837474823,-0.29016393423080444,-0.056503474712371826,0.01878121681511402,-0.2093375325202942,-0.17374984920024872,-0.07198527455329895,0.020971883088350296
0,235,-0.09581584483385086,-0.2808043658733368,-0.05996378883719444,0.017286164686083794,-0.19589082896709442,-0.18000845611095428,-0.07967598736286163,0.022464990615844727
0,236,-0.09503556787967682,-0.27817684412002563,-0.06248118728399277,0.017729105427861214,-0.21316909790039062,-0.17095337808132172,-0.082774318754673,0.023304574191570282
0,237,-0.0946618840098381,-0.3087220788002014,-0.0509377121925354,0.03087245486676693,-0.1971302628517151,-0.1757897436618805,-0.08217677474021912,0.023877903819084167
0,238,-0.09445007890462875,-0.3195566236972809,-0.04905807971954346,0.03046564944088459,-0.18803854286670685,-0.17922672629356384,-0.08674836903810501,0.01481606811285019
0,239,-0.09430788457393646,-0.29041391611099243,-0.05579836294054985,0.019946778193116188,-0.18261952698230743,-0.1799292266368866,-0.09121119976043701,0.02013912796974182
0,240,-0.09427447617053986,-0.3120678663253784,-0.049249790608882904,0.02872033230960369,-0.20629197359085083,-0.16998350620269775,-0.09003165364265442,0.02230115979909897
0,241,-0.09423929452896118,-0.31972217559814453,-0.0488896518945694,0.0287992674857378,-0.2158823162317276,-0.16381144523620605,-0.08327791094779968,0.02341284602880478
0,242,-0.09418997913599014,-0.3215653896331787,-0.049899131059646606,0.02773360349237919,-0.20056851208209991,-0.1720593273639679,-0.07959779351949692,0.024064302444458008
0,243,-0.09413062036037445,-0.2895253598690033,-0.05573384463787079,0.01923944242298603,-0.1908065378665924,-0.17729632556438446,-0.08389092981815338,0.02434001863002777
0,244,-0.09416690468788147,-0.3117217421531677,-0.04998430609703064,0.028004774823784828,-0.21065300703048706,-0.1688782423734665,-0.0850188285112381,0.02452213689684868
0,245,-0.09417630732059479,-0.31937262415885925,-0.04969927296042442,0.028359176591038704,-0.2180379331111908,-0.16333626210689545,-0.08031518757343292,0.024701468646526337
0,246,-0.09415359795093536,-0.2902563810348511,-0.056090764701366425,0.01948644407093525,-0.22252751886844635,-0.16116361320018768,-0.07575364410877228,0.024871282279491425
0,247,-0.09418630599975586,-0.28092479705810547,-0.06031138449907303,0.017629103735089302,-0.20444528758525848,-0.17114973068237305,-0.07495151460170746,0.02502894029021263
0,248,-0.09421410411596298,-0.30954381823539734,-0.050297267735004425,0.02989685721695423,-0.19141218066215515,-0.17701272666454315,-0.08124865591526031,0.024968169629573822
0,249,-0.09420588612556458,-0.2884278893470764,-0.057705312967300415,0.020100640133023262,-0.18332359194755554,-0.17851780354976654,-0.0874193012714386,0.024943474680185318
0,250,-0.09417092055082321,-0.2802578806877136,-0.06164485216140747,0.018095361068844795,-0.17810678482055664,-0.17835183441638947,-0.09185757488012314,0.024936798959970474
0,251,-0.09419603645801544,-0.27758368849754333,-0.06421064585447311,0.018009105697274208,-0.1747065633535385,-0.17766782641410828,-0.0947130024433136,0.02498859167098999
0,252,-0.09421946108341217,-0.30796486139297485,-0.051080793142318726,0.03120741806924343,-0.1725262552499771,-0.17693202197551727,-0.09646013379096985,0.024966172873973846
0,253,-0.09420876204967499,-0.28760114312171936,-0.0586983785033226,0.020305851474404335,-0.19996333122253418,-0.16731879115104675,-0.09309977293014526,0.024954903870821
0,254,-0.09417243301868439,-0.31082963943481445,-0.04952964186668396,0.029899494722485542,-0.21156612038612366,-0.16148683428764343,-0.08512812852859497,0.025001443922519684
0,255,-0.09412045776844025,-0.3195130228996277,-0.04832614213228226,0.02931435965001583,-0.19634687900543213,-0.1789795607328415,-0.0812772661447525,0.025078140199184418
0,256,-0.09405948221683502,-0.2903132140636444,-0.055961333215236664,0.019292859360575676,-0.18678729236125946,-0.18888282775878906,-0.08531135320663452,0.025015145540237427
0,257,-0.09412030875682831,-0.28052347898483276,-0.06068212538957596,0.0171849075704813,-0.18108922243118286,-0.1928173005580902,-0.09001175314188004,0.024981573224067688
0,258,-0.09417468309402466,-0.30909642577171326,-0.05016153305768967,0.029558001086115837,-0.20505787432193756,-0.18222221732139587,-0.08928217738866806,0.024964701384305954
0,259,-0.09418356418609619,-0.3193121552467346,-0.04860861599445343,0.029478268697857857,-0.1907062530517578,-0.18863484263420105,-0.0862487256526947,0.025007762014865875
0,260,-0.09415872395038605,-0.2900618016719818,-0.05639517679810524,0.019407076761126518,-0.18341654539108276,-0.19314360618591309,-0.08914618194103241,0.02497877925634384
0,261,-0.09418957680463791,-0.28008368611335754,-0.061119094491004944,0.0172420684248209,-0.17914319038391113,-0.19433313608169556,-0.09261922538280487,0.02496291697025299
0,262,-0.0941905528306961,-0.30875152349472046,-0.0503678135573864,0.029566453769803047,-0.20409685373306274,-0.18280096352100372,-0.09083347767591476,0.024954665452241898
0,263,-0.09416202455759048,-0.3189583718776703,-0.04870220273733139,0.02944362349808216,-0.21393126249313354,-0.17601557075977325,-0.08373191207647324,0.02500196173787117
0,264,-0.094114750623703,-0.32137444615364075,-0.04923979938030243,0.02832677774131298,-0.22007101774215698,-0.17367741465568542,-0.0775258019566536,0.02507862076163292
0,265,-0.09405644983053207,-0.28939563035964966,-0.056182414293289185,0.01953653059899807,-0.22385405004024506,-0.17306479811668396,-0.07330092787742615,0.02517058700323105
0,266,-0.09411875158548355,-0.3114853501319885,-0.05190335586667061,0.028163684532046318,-0.20601195096969604,-0.18602988123893738,-0.07337547093629837,0.025270916521549225
0,267,-0.09414836019277573,-0.31915855407714844,-0.051894478499889374,0.028427081182599068,-0.21686337888240814,-0.18043789267539978,-0.07708093523979187,0.025117482990026474
0,268,-0.09413810074329376,-0.2886437773704529,-0.056202881038188934,0.01950828917324543,-0.22196727991104126,-0.1755703091621399,-0.07492613792419434,0.02508833259344101
0,269,-0.09417801350355148,-0.278655081987381,-0.05913560092449188,0.017638107761740685,-0.22485001385211945,-0.17364957928657532,-0.07227323204278946,0.025126881897449493
0,270,-0.09420984983444214,-0.30791205167770386,-0.05070117861032486,0.029909873381257057,-0.22657500207424164,-0.1729111224412918,-0.07025302946567535,0.02519945800304413
0,271,-0.09420378506183624,-0.2860412299633026,-0.056403741240501404,0.02033293806016445,-0.22760380804538727,-0.17261582612991333,-0.06891962885856628,0.025289401412010193
0,272,-0.09422099590301514,-0.27765563130378723,-0.05943167954683304,0.018346363678574562,-0.20914307236671448,-0.18547186255455017,-0.07087915390729904,0.025388602167367935
0,273,-0.09420927613973618,-0.30713951587677,-0.049968890845775604,0.030728140845894814,-0.21865211427211761,-0.17975547909736633,-0.07568173855543137,0.015794169157743454
0,274,-0.09417261183261871,-0.3176644444465637,-0.04908079653978348,0.03029286302626133,-0.2011716216802597,-0.1874208301305771,-0.0773153081536293,0.020838432013988495
0,275,-0.10206835716962814,-0.3201359212398529,-0.05008284002542496,0.028582675382494926,-0.2148798406124115,-0.17986467480659485,-0.08009327203035355,0.02276163548231125
0,276,-0.10005456954240799,-0.2873956561088562,-0.054784052073955536,0.019277213141322136,-0.19815033674240112,-0.18906140327453613,-0.08016397804021835,0.02371779829263687
0,277,-0.09692229330539703,-0.309967041015625,-0.04983866214752197,0.02805696241557598,-0.21331986784934998,-0.18183855712413788,-0.08175694942474365,0.02416328713297844
0,278,-0.09551020711660385,-0.3185793161392212,-0.05005201697349548,0.028318388387560844,-0.21997137367725372,-0.17673693597316742,-0.07771676778793335,0.024471890181303024
0,279,-0.09481951594352722,-0.28982752561569214,-0.05508461594581604,0.01932796649634838,-0.22390630841255188,-0.17496250569820404,-0.07375896722078323,0.024714335799217224
0,280,-0.09445397555828094,-0.2805383503437042,-0.05853668600320816,0.01747157610952854,-0.20658943057060242,-0.1877383589744568,-0.07389716058969498,0.02491828054189682
0,281,-0.09433959424495697,-0.30927586555480957,-0.049882493913173676,0.029780296608805656,-0.1939709484577179,-0.19476264715194702,-0.08136773109436035,0.024889495223760605
0,282,-0.10228031128644943,-0.319474458694458,-0.04919616878032684,0.02971608377993107,-0.21206483244895935,-0.18395161628723145,-0.08383725583553314,0.02488783746957779
0,283,-0.10024577379226685,-0.3218890428543091,-0.05020027607679367,0.02825540490448475,-0.19633916020393372,-0.18987691402435303,-0.08300234377384186,0.015544574707746506
0,284,-0.09696607291698456,-0.32221347093582153,-0.05146259069442749,0.02706211246550083,-0.21266664564609528,-0.1817055642604828,-0.08351243287324905,0.020641792565584183
0,285,-0.0954456627368927,-0.3221273422241211,-0.05350048467516899,0.02633780427277088,-0.19730323553085327,-0.18866319954395294,-0.08228744566440582,0.022694651037454605
0,286,-0.09468934684991837,-0.3220323920249939,-0.05460266023874283,0.02596534602344036,-0.21317844092845917,-0.1810573935508728,-0.08294273912906647,0.02361934632062912
0,287,-0.09428588300943375,-0.32198113203048706,-0.05528680980205536,0.0258015263825655,-0.22026121616363525,-0.17561593651771545,-0.07828233391046524,0.0241546593606472
0,288,-0.09404866397380829,-0.3219531774520874,-0.055705562233924866,0.0260616522282362,-0.20405060052871704,-0.18638113141059875,-0.07582542300224304,0.024513665586709976
0,289,-0.09389173984527588,-0.2892744839191437,-0.057628318667411804,0.019212590530514717,-0.1930016577243805,-0.19258494675159454,-0.08146277815103531,0.02462860569357872
0,290,-0.09400071203708649,-0.27935734391212463,-0.05974192917346954,0.01775972731411457,-0.18635374307632446,-0.1939551681280136,-0.08730939775705338,0.024714503437280655
0,291,-0.09410470724105835,-0.27641385793685913,-0.061518680304288864,0.01813984476029873,-0.18210065364837646,-0.1935943365097046,-0.09159675985574722,0.02478039264678955
0,292,-0.09417087584733963,-0.3075249195098877,-0.05112595483660698,0.031127026304602623,-0.17932379245758057,-0.1927466094493866,-0.09439028799533844,0.02482965961098671
0,293,-0.09418394416570663,-0.2865177392959595,-0.05705441161990166,0.020689399912953377,-0.2046547681093216,-0.1810189038515091,-0.09185782074928284,0.02491721138358116
0,294,-0.09421121329069138,-0.3102065324783325,-0.04966341704130173,0.03017238713800907,-0.19132262468338013,-0.1858997493982315,-0.08774624764919281,0.02502172440290451
0,295,-0.09420463442802429,-0.2863277792930603,-0.05579366534948349,0.02002275176346302,-0.21022580564022064,-0.17843692004680634,-0.08599866181612015,0.02497754618525505
0,296,-0.09422154724597931,-0.2774129807949066,-0.059209514409303665,0.017918424680829048,-0.1964585781097412,-0.18530413508415222,-0.08345872163772583,0.02500840276479721
0,297,-0.09423521161079407,-0.3068999648094177,-0.04964669048786163,0.030357638373970985,-0.2131132036447525,-0.17835330963134766,-0.08343681693077087,0.024975743144750595
0,298,-0.09421791881322861,-0.31744587421417236,-0.04943455755710602,0.030004458501935005,-0.22068966925144196,-0.17484426498413086,-0.07892052829265594,0.025011342018842697
0,299,-0.09417755901813507,-0.2871953547000885,-0.05487963557243347,0.01966092921793461,-0.2251402586698532,-0.1740189492702484,-0.07474617660045624,0.02508305013179779
