episode,step,reward,action
0,0,-1.0,[1 0 1 0 1 0 0 0]
0,1,-1.0,[1 1 0 0 1 0 1 1]
0,2,-1.0,[1 0 0 0 0 0 0 1]
0,3,-1.0,[1 0 0 1 1 0 1 0]
0,4,-1.0,[0 1 1 1 1 1 0 0]
0,5,-1.0,[1 1 0 0 0 0 1 1]
0,6,-1.0,[0 1 1 0 1 1 1 1]
0,7,-1.0,[0 1 0 1 1 1 1 0]
0,8,-1.0,[0 0 0 0 0 1 1 1]
0,9,-1.0,[1 1 1 0 1 1 0 1]
0,10,-1.0,[1 1 0 0 0 0 1 0]
0,11,-1.0,[0 0 1 1 0 1 1 1]
0,12,-1.0,[1 1 1 0 1 0 1 0]
0,13,-1.0,[0 0 1 0 1 1 0 0]
0,14,-1.0,[1 0 0 0 0 1 1 1]
0,15,-1.0,[1 0 0 1 0 0 1 0]
0,16,-1.0,[0 0 0 1 0 0 1 1]
0,17,-1.0,[0 0 1 1 0 0 1 0]
0,18,-1.0,[1 0 0 0 1 1 0 0]
0,19,-1.0,[1 1 1 0 1 0 0 0]
0,20,-1.0,[0 1 0 1 1 1 1 1]
0,21,-1.0,[0 0 1 1 0 1 1 1]
0,22,-1.0,[1 1 0 1 1 1 1 1]
0,23,-1.0,[0 1 0 0 1 1 1 0]
0,24,-1.0,[1 0 1 0 0 0 1 1]
0,25,-1.0,[0 0 0 1 1 0 0 0]
0,26,-1.0,[1 0 1 0 0 1 0 0]
0,27,-1.0,[1 0 0 1 0 1 0 0]
0,28,-1.0,[0 0 0 0 1 1 1 1]
0,29,-1.0,[0 1 1 1 0 1 0 0]
0,30,-1.0,[1 1 0 1 1 0 1 1]
0,31,-1.0,[0 0 0 1 1 0 0 1]
0,32,-1.0,[1 0 1 1 1 1 1 0]
0,33,-1.0,[1 1 1 1 0 1 0 1]
0,34,-1.0,[0 0 1 1 1 1 1 1]
0,35,-1.0,[0 1 1 0 0 1 0 0]
0,36,-1.0,[1 1 1 1 0 0 0 0]
0,37,-1.0,[1 0 0 0 0 0 1 1]
0,38,-1.0,[1 0 0 0 1 0 1 1]
0,39,-1.0,[0 1 0 0 1 1 0 0]
0,40,-1.0,[0 0 1 1 0 1 1 1]
0,41,-1.0,[0 0 1 1 1 0 0 0]
0,42,-1.0,[1 1 0 0 0 1 1 0]
0,43,-1.0,[1 0 0 1 1 0 0 0]
0,44,-1.0,[0 1 1 1 1 1 0 1]
0,45,-1.0,[0 1 0 1 0 1 0 1]
0,46,-1.0,[1 0 0 1 0 1 0 0]
0,47,-1.0,[1 1 0 1 0 0 0 1]
0,48,-1.0,[1 1 0 1 1 0 0 0]
0,49,-1.0,[1 0 0 0 1 0 1 1]
0,50,-1.0,[1 0 1 0 1 1 0 0]
0,51,-1.0,[1 1 0 1 0 0 0 0]
0,52,-1.0,[1 1 1 0 0 0 0 0]
0,53,-1.0,[1 0 1 0 0 0 0 0]
0,54,-1.0,[0 0 1 0 1 1 0 1]
0,55,-1.0,[1 0 1 0 1 1 1 1]
0,56,-1.0,[0 1 0 0 1 0 1 1]
0,57,-1.0,[1 0 1 1 0 1 1 0]
0,58,-1.0,[1 1 0 0 0 1 0 1]
0,59,-1.0,[0 0 1 0 1 1 1 0]
0,60,-1.0,[0 1 1 1 0 1 0 0]
0,61,-1.0,[1 1 1 0 0 1 1 0]
0,62,-1.0,[0 1 0 1 0 1 0 0]
0,63,-1.0,[1 1 1 1 0 1 1 1]
0,64,-1.0,[1 1 1 0 1 1 1 1]
0,65,-1.0,[1 0 0 0 1 0 0 1]
0,66,-1.0,[0 0 1 1 1 0 1 1]
0,67,-1.0,[1 1 0 1 1 1 0 0]
0,68,-1.0,[0 0 0 0 0 0 1 1]
0,69,-1.0,[1 0 0 1 1 0 0 1]
0,70,-1.0,[0 1 0 0 0 0 1 0]
0,71,-1.0,[1 0 1 0 1 1 1 0]
0,72,-1.0,[1 0 0 0 1 0 1 0]
0,73,-1.0,[0 0 1 1 0 0 0 1]
0,74,-1.0,[1 1 0 1 1 1 1 1]
0,75,-1.0,[1 0 0 1 0 1 0 0]
0,76,-1.0,[0 1 0 1 0 1 0 0]
0,77,-1.0,[0 1 1 1 0 1 0 0]
0,78,-1.0,[1 0 0 1 1 1 0 1]
0,79,-1.0,[0 0 0 0 0 0 0 1]
0,80,-1.0,[1 0 1 0 0 1 1 1]
0,81,-1.0,[0 1 1 1 1 1 1 0]
0,82,-1.0,[0 0 0 0 0 0 1 1]
0,83,-1.0,[1 1 1 0 0 1 1 0]
0,84,-1.0,[0 0 1 1 1 1 0 0]
0,85,-1.0,[1 1 1 1 1 1 1 0]
0,86,-1.0,[1 1 1 1 0 1 0 1]
0,87,-1.0,[0 0 1 0 0 0 0 1]
0,88,-1.0,[0 1 1 0 0 0 0 0]
0,89,-1.0,[1 0 1 0 1 0 1 1]
0,90,-1.0,[0 0 1 0 1 1 1 1]
0,91,-1.0,[1 1 0 0 1 1 0 1]
0,92,-1.0,[1 0 1 0 1 1 0 1]
0,93,-1.0,[0 1 0 0 0 1 1 1]
0,94,-1.0,[0 0 0 0 0 0 0 1]
0,95,-1.0,[0 0 1 0 1 0 0 0]
0,96,-1.0,[1 1 0 0 0 0 0 0]
0,97,-1.0,[0 1 0 1 0 1 0 0]
0,98,-1.0,[1 1 0 1 1 0 0 0]
0,99,-1.0,[0 0 1 0 1 0 0 1]
0,100,-1.0,[1 1 1 0 0 0 0 1]
0,101,-1.0,[0 1 1 1 0 0 1 1]
0,102,-1.0,[1 1 0 0 0 1 1 1]
0,103,-1.0,[0 1 1 1 0 1 1 1]
0,104,-1.0,[0 0 0 1 1 0 0 1]
0,105,0.0,[0 0 0 0 0 0 0 0]
0,106,-1.0,[0 0 1 1 1 0 0 1]
0,107,-1.0,[1 1 1 0 0 0 0 1]
0,108,-1.0,[1 0 1 1 0 0 0 0]
0,109,-1.0,[1 1 0 0 0 1 0 1]
0,110,-1.0,[0 1 0 1 1 1 0 1]
0,111,-1.0,[1 1 1 1 0 0 1 0]
0,112,-1.0,[0 0 0 1 1 0 0 0]
0,113,-1.0,[0 1 1 0 1 1 0 0]
0,114,-1.0,[1 1 1 1 0 1 0 1]
0,115,-1.0,[1 0 0 0 0 1 0 0]
0,116,-1.0,[1 1 1 0 1 0 1 0]
0,117,-1.0,[0 1 0 1 0 0 1 1]
0,118,-1.0,[0 1 0 0 1 0 1 0]
0,119,-1.0,[0 0 0 1 0 0 1 1]
0,120,-1.0,[1 1 0 0 0 0 1 1]
0,121,-1.0,[0 0 0 1 1 0 0 1]
0,122,-1.0,[1 0 1 1 0 1 0 1]
0,123,-1.0,[0 1 1 1 0 1 0 1]
0,124,-1.0,[1 1 1 1 0 0 0 1]
0,125,-1.0,[1 1 0 1 1 0 0 1]
0,126,-1.0,[0 1 1 0 0 0 1 0]
0,127,-1.0,[1 0 0 0 0 0 0 0]
0,128,-1.0,[0 1 1 0 1 0 1 0]
0,129,-1.0,[1 1 1 1 0 0 0 0]
0,130,-1.0,[1 1 0 0 0 0 1 1]
0,131,-1.0,[0 1 1 1 0 1 0 1]
0,132,-1.0,[1 0 1 0 0 0 0 0]
0,133,-1.0,[1 0 1 0 1 1 1 1]
0,134,-1.0,[1 0 1 1 1 0 0 1]
0,135,-1.0,[0 0 1 1 0 0 1 0]
0,136,-1.0,[0 0 1 1 0 1 1 1]
0,137,-1.0,[0 1 0 1 1 1 1 0]
0,138,-1.0,[1 0 1 1 0 0 0 0]
0,139,-1.0,[0 1 0 0 1 0 1 1]
0,140,-1.0,[1 0 0 1 0 0 1 0]
0,141,-1.0,[1 1 1 0 0 1 1 1]
0,142,-1.0,[1 0 0 1 1 1 1 1]
0,143,-1.0,[1 1 1 1 0 1 1 1]
0,144,-1.0,[0 0 1 0 1 0 0 1]
0,145,-1.0,[1 0 1 1 0 1 1 0]
0,146,-1.0,[1 1 1 0 0 1 0 1]
0,147,-1.0,[0 1 0 0 1 0 0 1]
0,148,-1.0,[0 1 1 0 0 1 0 0]
0,149,-1.0,[1 1 1 1 1 0 0 1]
0,150,-1.0,[0 1 0 0 0 0 1 1]
0,151,-1.0,[0 0 0 1 0 1 1 1]
0,152,-1.0,[0 0 1 0 0 0 1 0]
0,153,-1.0,[0 0 0 1 0 0 1 1]
0,154,-1.0,[1 1 0 0 1 1 1 0]
0,155,-1.0,[1 1 1 1 0 1 1 0]
0,156,-1.0,[1 0 1 0 0 0 1 0]
0,157,-1.0,[0 1 1 1 0 1 0 0]
0,158,-1.0,[1 0 0 1 0 1 1 0]
0,159,-1.0,[0 0 0 1 0 0 1 1]
0,160,-1.0,[0 1 0 1 0 1 1 0]
0,161,-1.0,[1 0 0 1 0 1 1 0]
0,162,-1.0,[0 0 0 1 0 1 1 0]
0,163,-1.0,[1 0 1 0 1 0 0 0]
0,164,-1.0,[0 0 0 1 1 1 1 1]
0,165,-1.0,[0 1 1 1 0 0 1 1]
0,166,-1.0,[0 0 0 1 0 1 0 0]
0,167,-1.0,[1 0 1 1 1 1 0 1]
0,168,-1.0,[0 0 0 1 0 1 0 0]
0,169,-1.0,[1 0 0 1 1 1 1 1]
0,170,-1.0,[1 1 1 0 1 0 1 0]
0,171,-1.0,[1 1 1 0 1 1 0 0]
0,172,-1.0,[0 0 1 1 1 1 1 0]
0,173,-1.0,[1 1 0 0 1 0 1 1]
0,174,-1.0,[0 0 0 1 0 0 1 1]
0,175,-1.0,[0 0 0 1 1 0 0 0]
0,176,-1.0,[0 1 0 1 1 0 0 1]
0,177,-1.0,[1 1 1 1 1 1 0 1]
0,178,-1.0,[1 1 1 1 0 1 1 1]
0,179,-1.0,[0 1 0 0 0 0 0 1]
0,180,-1.0,[1 1 0 1 0 0 1 1]
0,181,-1.0,[1 1 1 0 0 1 0 0]
0,182,-1.0,[1 1 1 0 1 0 1 1]
0,183,-1.0,[0 0 1 1 0 1 1 0]
0,184,-1.0,[0 1 1 0 1 1 0 1]
0,185,-1.0,[0 1 0 1 0 1 0 0]
0,186,-1.0,[0 1 1 1 1 1 0 1]
0,187,-1.0,[0 1 0 1 1 1 1 0]
0,188,-1.0,[1 1 1 0 1 1 1 0]
0,189,-1.0,[1 1 1 0 1 0 0 1]
0,190,-1.0,[0 0 0 1 1 1 1 0]
0,191,-1.0,[1 1 1 1 0 0 1 0]
0,192,-1.0,[0 1 1 0 1 0 1 0]
0,193,-1.0,[0 1 0 0 1 0 1 0]
0,194,-1.0,[1 1 1 0 1 0 0 0]
0,195,-1.0,[0 1 1 1 1 1 0 1]
0,196,-1.0,[1 1 0 1 0 1 0 1]
0,197,-1.0,[0 0 0 1 1 1 1 1]
0,198,-1.0,[1 1 0 0 0 0 1 1]
0,199,-1.0,[1 0 0 0 1 0 1 0]
0,200,-1.0,[0 1 0 1 1 1 0 1]
0,201,-1.0,[1 1 1 0 0 0 0 0]
0,202,-1.0,[0 0 1 1 0 1 1 0]
0,203,-1.0,[1 0 1 1 1 1 0 0]
0,204,-1.0,[0 1 0 0 0 0 1 1]
0,205,-1.0,[0 1 1 0 1 1 1 0]
0,206,-1.0,[0 1 0 0 0 0 1 0]
0,207,-1.0,[1 1 0 0 1 0 0 1]
0,208,-1.0,[0 1 1 1 0 0 1 1]
0,209,-1.0,[0 0 0 0 1 1 1 1]
0,210,-1.0,[0 1 0 1 0 1 1 1]
0,211,-1.0,[0 1 1 1 1 0 1 0]
0,212,-1.0,[0 1 1 1 0 1 0 0]
0,213,-1.0,[1 1 1 1 0 0 0 1]
0,214,-1.0,[1 0 1 0 0 0 0 0]
0,215,-1.0,[1 0 1 1 0 0 1 1]
0,216,-1.0,[1 0 1 0 0 1 0 1]
0,217,-1.0,[0 0 1 1 1 1 0 0]
0,218,-1.0,[1 1 0 1 0 0 0 1]
0,219,-1.0,[0 0 1 1 0 1 1 1]
0,220,-1.0,[1 1 1 1 0 1 1 1]
0,221,-1.0,[0 1 0 1 1 1 0 0]
0,222,-1.0,[1 0 0 1 0 0 1 0]
0,223,-1.0,[1 1 0 0 0 1 1 0]
0,224,-1.0,[0 0 1 0 0 0 0 1]
0,225,-1.0,[0 0 1 1 1 0 1 0]
0,226,-1.0,[0 0 0 0 1 0 0 0]
0,227,-1.0,[0 1 0 0 1 1 0 0]
0,228,-1.0,[0 1 0 1 0 0 1 0]
0,229,-1.0,[0 1 0 1 0 1 1 1]
0,230,-1.0,[0 0 1 1 0 0 0 0]
0,231,-1.0,[1 1 1 1 0 0 0 0]
0,232,-1.0,[1 0 1 1 1 0 0 1]
0,233,-1.0,[1 0 1 0 0 0 1 0]
0,234,-1.0,[0 0 0 0 1 0 0 1]
0,235,-1.0,[0 1 0 1 0 1 1 1]
0,236,0.0,[0 0 0 0 0 0 0 0]
0,237,-1.0,[0 0 1 0 0 1 0 1]
0,238,-1.0,[1 1 1 0 0 1 0 1]
0,239,-1.0,[0 1 1 1 1 1 1 0]
0,240,-1.0,[0 1 0 0 0 1 1 1]
0,241,-1.0,[0 0 0 0 1 1 1 0]
0,242,-1.0,[1 1 0 1 0 1 0 0]
0,243,-1.0,[1 1 1 1 0 0 0 0]
0,244,-1.0,[0 1 1 0 0 1 0 1]
0,245,-1.0,[0 1 0 1 0 1 1 1]
0,246,-1.0,[1 1 0 1 1 1 0 0]
0,247,-1.0,[0 1 1 0 0 1 0 0]
0,248,-1.0,[0 1 0 0 1 1 1 1]
0,249,-1.0,[1 0 0 1 0 0 1 0]
0,250,-1.0,[0 1 1 1 1 0 1 0]
0,251,-1.0,[1 1 1 1 1 0 0 1]
0,252,-1.0,[1 0 1 0 0 1 0 0]
0,253,-1.0,[1 1 1 1 1 1 1 0]
0,254,-1.0,[1 0 0 0 0 0 0 1]
0,255,-1.0,[1 0 1 1 0 1 0 0]
0,256,-1.0,[1 1 1 0 1 1 0 0]
0,257,-1.0,[0 1 0 0 1 0 1 0]
0,258,-1.0,[1 0 0 1 0 1 0 0]
0,259,-1.0,[0 1 0 0 0 1 0 0]
0,260,-1.0,[0 0 0 1 1 0 0 0]
0,261,-1.0,[0 1 1 0 0 0 1 0]
0,262,-1.0,[1 1 1 1 1 0 0 1]
0,263,-1.0,[0 0 0 0 1 1 0 0]
0,264,-1.0,[1 1 1 0 0 0 1 1]
0,265,-1.0,[1 0 1 0 1 1 0 0]
0,266,-1.0,[0 0 1 1 1 1 1 1]
0,267,-1.0,[0 1 0 1 1 0 1 0]
0,268,-1.0,[0 1 1 1 0 0 1 0]
0,269,-1.0,[1 1 1 1 0 0 1 1]
0,270,-1.0,[0 0 1 1 0 1 1 1]
0,271,-1.0,[0 0 1 1 0 1 1 1]
0,272,-1.0,[1 0 0 0 1 1 1 1]
0,273,-1.0,[1 1 1 1 0 1 0 0]
0,274,-1.0,[1 0 0 1 1 1 0 1]
0,275,-1.0,[0 1 0 0 0 0 0 1]
0,276,-1.0,[0 1 1 1 0 0 1 1]
0,277,-1.0,[1 1 1 0 0 1 0 1]
0,278,-1.0,[1 0 1 0 0 0 0 1]
0,279,-1.0,[0 1 1 0 0 0 0 0]
0,280,-1.0,[0 1 1 1 0 1 1 1]
0,281,-1.0,[1 1 1 1 0 0 1 1]
0,282,-1.0,[0 1 1 0 0 1 1 0]
0,283,-1.0,[1 1 0 1 1 0 1 0]
0,284,-1.0,[1 0 1 1 1 0 0 1]
0,285,-1.0,[1 1 0 1 0 1 1 1]
0,286,-1.0,[0 0 1 0 0 0 0 1]
0,287,-1.0,[0 0 0 0 1 0 0 1]
0,288,-1.0,[1 1 0 0 0 0 1 1]
0,289,-1.0,[1 0 0 1 0 1 1 1]
0,290,-1.0,[1 0 1 0 1 0 0 1]
0,291,-1.0,[0 1 0 1 0 1 0 1]
0,292,-1.0,[0 0 0 0 1 1 1 0]
0,293,-1.0,[0 0 1 0 0 0 1 0]
0,294,-1.0,[1 0 0 1 1 1 0 1]
0,295,-1.0,[0 0 1 0 0 1 0 1]
0,296,-1.0,[0 1 0 0 1 1 0 0]
0,297,-1.0,[0 1 1 1 1 1 1 0]
0,298,-1.0,[0 0 1 0 0 0 0 1]
0,299,158.9999999999997,[0 1 0 0 1 0 1 1]
1,0,-1.0,[0 1 0 1 1 1 0 0]
1,1,-1.0,[1 0 1 0 1 1 0 0]
1,2,-1.0,[0 0 0 0 0 1 1 0]
1,3,-1.0,[1 0 0 0 1 1 0 1]
1,4,-1.0,[1 0 1 0 1 1 1 0]
1,5,-1.0,[0 1 1 0 0 0 1 1]
1,6,-1.0,[0 1 1 1 1 0 0 0]
1,7,-1.0,[0 1 1 0 1 1 1 0]
1,8,-1.0,[0 1 1 1 0 1 0 0]
1,9,-1.0,[1 1 1 1 1 0 0 0]
1,10,-1.0,[0 1 1 0 1 1 1 0]
1,11,-1.0,[1 1 0 0 1 0 1 1]
1,12,-1.0,[0 0 1 1 0 1 1 1]
1,13,-1.0,[0 1 1 0 0 1 1 1]
1,14,-1.0,[0 0 0 1 1 0 0 1]
1,15,-1.0,[0 1 1 1 1 1 1 0]
1,16,-1.0,[0 0 0 1 1 1 0 0]
1,17,-1.0,[0 1 0 1 1 1 0 1]
1,18,-1.0,[1 0 1 0 0 0 1 1]
1,19,-1.0,[1 0 1 0 1 0 1 1]
1,20,-1.0,[0 0 0 0 1 1 0 1]
1,21,-1.0,[0 0 1 0 0 0 1 1]
1,22,-1.0,[0 0 0 1 0 0 0 1]
1,23,-1.0,[0 0 0 1 1 0 1 0]
1,24,-1.0,[1 1 0 1 1 0 1 0]
1,25,-1.0,[1 1 0 1 1 0 1 0]
1,26,-1.0,[1 0 1 1 0 1 0 0]
1,27,-1.0,[0 1 1 0 1 1 0 0]
1,28,-1.0,[0 1 1 0 0 1 0 0]
1,29,-1.0,[1 1 0 1 1 0 0 1]
1,30,-1.0,[0 0 1 0 1 0 0 0]
1,31,-1.0,[0 0 0 1 0 1 1 1]
1,32,-1.0,[0 1 1 1 1 0 1 0]
1,33,-1.0,[1 1 0 0 0 1 0 0]
1,34,-1.0,[1 1 0 0 0 1 1 1]
1,35,-1.0,[0 1 0 1 0 0 1 1]
1,36,-1.0,[1 1 0 1 1 0 0 1]
1,37,-1.0,[0 1 0 0 0 1 1 1]
1,38,-1.0,[1 1 1 0 0 0 1 1]
1,39,-1.0,[1 1 0 0 0 1 1 1]
1,40,-1.0,[1 1 1 0 1 0 1 0]
1,41,-1.0,[0 1 1 1 1 1 0 0]
1,42,-1.0,[0 0 1 0 0 0 1 0]
1,43,-1.0,[0 1 0 1 0 1 1 0]
1,44,-1.0,[0 0 1 1 1 1 1 0]
1,45,-1.0,[1 0 1 1 0 0 1 1]
1,46,-1.0,[1 0 0 1 1 1 0 1]
1,47,-1.0,[1 0 0 1 0 1 1 0]
1,48,-1.0,[0 1 0 1 0 1 1 0]
1,49,-1.0,[1 0 1 1 1 0 1 0]
1,50,-1.0,[0 0 1 1 0 0 0 1]
1,51,-1.0,[1 1 0 0 0 0 1 1]
1,52,-1.0,[0 1 0 1 1 0 1 1]
1,53,-1.0,[0 1 1 1 1 1 0 0]
1,54,-1.0,[1 0 1 0 1 1 1 1]
1,55,-1.0,[0 1 0 0 1 1 1 1]
1,56,-1.0,[1 1 0 0 0 0 1 1]
1,57,-1.0,[1 1 1 1 1 0 0 1]
1,58,-1.0,[1 1 1 1 0 0 1 0]
1,59,-1.0,[0 1 1 0 1 1 0 1]
1,60,-1.0,[1 1 0 0 0 0 1 0]
1,61,-1.0,[1 0 1 0 0 0 1 1]
1,62,-1.0,[1 1 1 0 0 1 0 0]
1,63,-1.0,[1 1 0 1 1 0 0 1]
1,64,-1.0,[1 0 0 0 0 0 1 0]
1,65,-1.0,[1 0 1 1 0 0 0 1]
1,66,-1.0,[0 0 1 1 1 1 0 0]
1,67,-1.0,[1 0 0 0 0 0 1 0]
1,68,-1.0,[1 1 1 0 1 1 1 0]
1,69,-1.0,[0 0 0 0 0 0 1 0]
1,70,-1.0,[1 0 0 1 0 0 0 0]
1,71,-1.0,[1 1 0 1 1 0 0 0]
1,72,-1.0,[0 0 0 1 1 0 1 0]
1,73,-1.0,[0 0 0 1 0 1 1 0]
1,74,-1.0,[1 1 0 1 1 1 1 1]
1,75,-1.0,[1 0 1 0 1 1 1 0]
1,76,-1.0,[1 0 1 1 0 1 0 0]
1,77,-1.0,[1 1 1 1 0 0 0 0]
1,78,-1.0,[0 0 0 1 1 1 1 1]
1,79,-1.0,[0 0 1 1 1 0 1 1]
1,80,-1.0,[0 1 0 0 1 1 1 1]
1,81,-1.0,[1 0 0 0 1 0 0 1]
1,82,-1.0,[0 0 1 1 0 1 1 1]
1,83,-1.0,[1 0 0 0 1 0 0 1]
1,84,-1.0,[1 0 0 1 0 1 0 1]
1,85,-1.0,[0 0 1 0 0 0 1 0]
1,86,-1.0,[1 0 0 1 1 0 0 1]
1,87,-1.0,[0 0 0 0 1 1 1 1]
1,88,-1.0,[1 0 1 1 0 0 0 0]
1,89,-1.0,[0 1 0 0 0 1 1 0]
1,90,-1.0,[1 1 0 1 1 1 1 1]
1,91,-1.0,[0 1 0 0 1 1 0 0]
1,92,-1.0,[1 0 1 0 0 0 1 0]
1,93,-1.0,[1 1 1 1 0 0 0 1]
1,94,-1.0,[0 1 1 0 1 1 1 1]
1,95,-1.0,[0 0 1 1 1 0 1 1]
1,96,-1.0,[1 1 1 1 1 0 1 1]
1,97,-1.0,[1 1 1 0 1 1 0 1]
1,98,-1.0,[1 0 0 0 1 1 1 0]
1,99,-1.0,[1 1 1 0 1 0 1 0]
1,100,0.0,[0 0 0 0 0 0 0 0]
1,101,-1.0,[1 0 0 0 0 1 1 0]
1,102,-1.0,[0 1 0 1 1 0 1 0]
1,103,-1.0,[0 0 1 0 1 0 1 0]
1,104,-1.0,[0 1 1 0 0 1 1 0]
1,105,-1.0,[1 1 1 1 0 1 1 1]
1,106,-1.0,[0 1 1 0 0 1 1 1]
1,107,-1.0,[1 0 1 0 1 1 1 1]
1,108,-1.0,[1 0 0 0 0 0 1 0]
1,109,-1.0,[0 1 1 0 0 0 1 1]
1,110,-1.0,[1 1 0 1 1 1 0 1]
1,111,-1.0,[0 0 1 1 0 0 0 1]
1,112,-1.0,[1 0 0 1 0 0 1 0]
1,113,-1.0,[1 0 0 1 0 0 1 1]
1,114,-1.0,[0 0 1 1 0 0 1 1]
1,115,-1.0,[1 1 1 1 1 0 0 1]
1,116,-1.0,[1 1 0 0 1 1 1 0]
1,117,-1.0,[1 1 0 0 1 0 0 1]
1,118,-1.0,[1 1 0 1 0 0 0 1]
1,119,-1.0,[1 1 1 0 1 1 0 0]
1,120,-1.0,[0 0 0 1 1 0 1 0]
1,121,-1.0,[1 1 1 0 0 1 1 0]
1,122,-1.0,[1 0 0 0 1 0 0 1]
1,123,-1.0,[1 1 1 0 0 0 1 1]
1,124,-1.0,[0 1 0 1 0 1 1 0]
1,125,-1.0,[0 1 0 1 0 1 1 0]
1,126,-1.0,[1 1 0 1 0 0 0 0]
1,127,-1.0,[0 0 0 0 1 1 0 1]
1,128,-1.0,[1 1 0 0 0 0 1 0]
1,129,-1.0,[0 1 1 1 1 0 1 0]
1,130,-1.0,[0 1 1 1 1 1 0 1]
1,131,-1.0,[1 0 1 0 1 0 1 0]
1,132,-1.0,[0 0 0 0 1 0 1 0]
1,133,-1.0,[1 0 1 1 0 1 0 0]
1,134,-1.0,[1 1 1 0 0 1 0 1]
1,135,-1.0,[0 1 0 0 1 0 1 1]
1,136,-1.0,[0 1 0 1 1 1 1 1]
1,137,-1.0,[0 1 1 1 1 0 0 1]
1,138,-1.0,[0 0 0 1 0 0 0 1]
1,139,-1.0,[1 1 1 1 1 1 0 0]
1,140,-1.0,[1 1 0 1 1 0 1 0]
1,141,-1.0,[1 0 0 1 0 0 1 0]
1,142,-1.0,[0 0 1 1 0 0 1 1]
1,143,-1.0,[1 0 0 1 0 0 1 0]
1,144,-1.0,[0 0 1 0 1 1 1 0]
1,145,-1.0,[0 0 0 0 1 1 1 0]
1,146,-1.0,[1 0 1 0 1 0 1 0]
1,147,-1.0,[1 0 0 0 0 0 1 1]
1,148,-1.0,[1 0 1 0 0 1 1 0]
1,149,-1.0,[0 0 1 1 1 1 1 1]
1,150,-1.0,[0 1 1 1 0 1 0 0]
1,151,-1.0,[1 0 1 1 1 0 1 0]
1,152,-1.0,[1 1 0 1 0 1 1 1]
1,153,-1.0,[1 0 1 1 0 1 1 1]
1,154,-1.0,[1 1 0 1 0 0 0 0]
1,155,-1.0,[0 1 1 0 0 0 1 1]
1,156,-1.0,[0 0 1 1 0 1 1 0]
1,157,-1.0,[0 0 1 0 0 1 1 1]
1,158,-1.0,[1 0 1 1 0 0 1 1]
1,159,-1.0,[0 1 0 1 1 0 1 0]
1,160,-1.0,[1 1 1 1 1 0 0 1]
1,161,-1.0,[1 1 1 0 1 1 0 0]
1,162,-1.0,[0 1 0 0 0 0 0 1]
1,163,-1.0,[1 0 1 0 0 1 1 1]
1,164,-1.0,[1 0 1 1 0 1 0 0]
1,165,-1.0,[0 1 0 1 1 1 0 1]
1,166,-1.0,[0 0 1 0 0 0 1 0]
1,167,-1.0,[1 1 1 1 0 1 1 1]
1,168,-1.0,[1 1 1 1 0 0 0 1]
1,169,-1.0,[0 0 0 1 1 0 0 0]
1,170,-1.0,[1 1 1 1 0 1 1 0]
1,171,-1.0,[1 1 1 1 1 1 1 1]
1,172,-1.0,[0 0 1 1 0 1 1 1]
1,173,-1.0,[1 1 1 1 1 1 0 0]
1,174,-1.0,[1 0 1 1 1 0 1 0]
1,175,-1.0,[1 0 0 0 1 0 0 1]
1,176,-1.0,[0 0 0 1 0 1 0 0]
1,177,-1.0,[1 1 0 1 1 1 0 0]
1,178,-1.0,[0 1 1 1 1 1 1 1]
1,179,-1.0,[0 1 0 1 0 1 1 1]
1,180,-1.0,[0 0 1 0 1 1 1 1]
1,181,-1.0,[1 0 1 0 0 1 1 1]
1,182,-1.0,[1 0 0 1 0 0 1 0]
1,183,-1.0,[0 1 0 0 1 0 1 0]
1,184,-1.0,[1 1 0 0 1 0 1 0]
1,185,-1.0,[0 0 0 1 0 0 1 1]
1,186,-1.0,[0 0 0 0 1 1 0 0]
1,187,-1.0,[0 0 1 1 0 1 1 1]
1,188,-1.0,[1 1 1 1 0 1 1 1]
1,189,-1.0,[1 1 1 1 1 1 1 1]
1,190,-1.0,[0 1 1 1 0 1 1 1]
1,191,-1.0,[1 1 0 1 0 0 0 0]
1,192,-1.0,[0 0 0 0 1 1 0 1]
1,193,-1.0,[1 1 0 1 1 1 1 1]
1,194,-1.0,[1 0 1 1 0 0 0 1]
1,195,-1.0,[0 1 1 0 1 0 1 0]
1,196,-1.0,[0 1 0 0 0 1 1 1]
1,197,-1.0,[1 0 0 0 0 0 1 1]
1,198,-1.0,[1 0 0 1 0 1 0 1]
1,199,-1.0,[1 1 1 0 0 0 0 0]
1,200,-1.0,[1 0 0 1 0 0 1 0]
1,201,-1.0,[0 1 0 0 0 1 0 1]
1,202,-1.0,[1 0 1 1 0 1 1 0]
1,203,-1.0,[0 1 1 1 1 0 0 1]
1,204,-1.0,[0 1 1 1 0 1 0 0]
1,205,-1.0,[0 0 0 0 0 1 1 0]
1,206,-1.0,[1 0 1 0 0 0 1 1]
1,207,-1.0,[0 1 1 1 0 1 1 1]
1,208,-1.0,[0 1 0 1 1 1 0 0]
1,209,-1.0,[1 0 0 0 0 1 1 1]
1,210,-1.0,[0 1 0 0 0 0 0 1]
1,211,-1.0,[0 0 1 0 1 1 1 0]
1,212,-1.0,[0 1 0 1 1 0 1 0]
1,213,-1.0,[0 1 1 1 0 0 1 0]
1,214,-1.0,[1 1 1 0 1 0 1 0]
1,215,-1.0,[1 1 1 1 0 1 0 0]
1,216,-1.0,[0 0 1 0 1 1 0 0]
1,217,-1.0,[0 1 0 0 0 1 1 0]
1,218,-1.0,[0 0 1 1 1 0 0 0]
1,219,-1.0,[1 0 0 1 0 0 1 0]
1,220,-1.0,[0 0 1 1 0 1 1 1]
1,221,-1.0,[1 0 1 1 1 1 0 0]
1,222,-1.0,[1 0 0 0 0 0 1 0]
1,223,-1.0,[0 0 0 0 1 1 1 1]
1,224,-1.0,[1 0 0 1 1 0 0 1]
1,225,-1.0,[0 0 0 0 1 0 0 0]
1,226,-1.0,[0 1 0 0 1 0 1 0]
1,227,-1.0,[0 1 0 0 0 0 1 1]
1,228,-1.0,[1 0 1 1 0 0 1 1]
1,229,-1.0,[1 0 1 0 1 0 0 0]
1,230,-1.0,[1 0 0 0 1 1 0 0]
1,231,-1.0,[1 0 1 1 1 1 0 0]
1,232,-1.0,[1 0 1 1 0 1 0 0]
1,233,-1.0,[1 0 1 0 0 0 0 1]
1,234,-1.0,[1 1 0 1 1 1 0 0]
1,235,-1.0,[0 0 0 1 0 1 1 0]
1,236,-1.0,[0 1 0 0 1 1 1 0]
1,237,-1.0,[1 1 1 0 1 0 1 0]
1,238,-1.0,[0 0 0 0 0 0 1 0]
1,239,-1.0,[0 0 1 0 0 1 1 1]
1,240,-1.0,[0 1 0 0 1 0 0 0]
1,241,-1.0,[1 1 1 0 0 1 1 0]
1,242,-1.0,[0 1 0 1 1 1 0 1]
1,243,-1.0,[0 0 1 0 1 0 0 1]
1,244,-1.0,[1 1 0 1 0 0 1 0]
1,245,-1.0,[0 1 0 0 1 0 1 1]
1,246,-1.0,[0 0 0 1 0 0 0 1]
1,247,-1.0,[0 0 1 1 1 0 0 0]
1,248,-1.0,[0 0 0 0 0 0 1 0]
1,249,-1.0,[0 0 0 0 1 0 1 0]
1,250,-1.0,[0 1 1 0 1 1 1 1]
1,251,-1.0,[1 0 1 1 1 1 1 1]
1,252,-1.0,[1 1 1 1 0 0 0 1]
1,253,-1.0,[1 1 0 0 0 0 0 0]
1,254,-1.0,[0 0 0 1 1 0 1 0]
1,255,-1.0,[1 0 0 1 0 0 1 1]
1,256,-1.0,[0 1 0 1 0 0 1 0]
1,257,-1.0,[0 1 1 1 0 0 1 1]
1,258,-1.0,[0 0 0 0 0 0 1 0]
1,259,-1.0,[1 1 0 0 1 0 1 0]
1,260,-1.0,[0 1 1 0 1 1 0 0]
1,261,-1.0,[0 0 0 0 0 1 1 0]
1,262,0.0,[0 0 0 0 0 0 0 0]
1,263,-1.0,[1 1 1 0 1 0 1 0]
1,264,-1.0,[1 0 0 0 0 0 1 0]
1,265,-1.0,[0 1 1 1 0 1 0 0]
1,266,-1.0,[0 1 1 1 0 1 1 1]
1,267,-1.0,[0 1 0 0 0 1 0 0]
1,268,-1.0,[0 0 0 1 1 0 0 0]
1,269,-1.0,[0 0 1 1 1 1 1 0]
1,270,-1.0,[0 1 0 1 1 1 1 1]
1,271,-1.0,[0 1 1 1 1 0 1 0]
1,272,-1.0,[0 1 1 1 0 1 0 0]
1,273,-1.0,[1 1 0 1 1 0 0 0]
1,274,-1.0,[0 0 1 0 1 0 0 1]
1,275,0.0,[0 0 0 0 0 0 0 0]
1,276,-1.0,[0 0 1 1 0 1 1 1]
1,277,-1.0,[0 0 0 1 1 0 0 1]
1,278,-1.0,[1 1 0 1 1 1 0 1]
1,279,-1.0,[0 0 1 0 1 0 0 0]
1,280,-1.0,[0 1 0 1 0 1 0 0]
1,281,-1.0,[0 0 1 1 0 0 1 0]
1,282,-1.0,[0 1 1 0 0 1 1 1]
1,283,-1.0,[0 0 1 1 0 0 1 1]
1,284,-1.0,[1 0 0 1 0 1 0 0]
1,285,-1.0,[0 1 1 1 0 1 0 0]
1,286,-1.0,[1 0 1 0 1 1 1 1]
1,287,-1.0,[1 0 0 1 1 1 1 0]
1,288,-1.0,[1 1 0 0 0 0 1 0]
1,289,-1.0,[1 1 0 1 0 0 1 0]
1,290,-1.0,[0 1 1 1 1 1 0 1]
1,291,-1.0,[0 0 1 0 1 1 1 1]
1,292,-1.0,[0 0 1 0 0 1 1 1]
1,293,-1.0,[1 1 1 1 0 0 0 0]
1,294,-1.0,[0 1 1 0 0 1 1 0]
1,295,-1.0,[1 0 0 0 1 0 0 1]
1,296,-1.0,[1 0 0 0 1 1 1 1]
1,297,-1.0,[0 0 1 1 1 0 1 0]
1,298,-1.0,[1 0 1 1 0 0 1 0]
1,299,160.9999999999997,[0 1 0 1 1 1 1 1]
2,0,-1.0,[1 1 1 0 0 1 0 0]
2,1,-1.0,[0 0 1 1 1 1 1 0]
2,2,-1.0,[0 0 0 1 0 0 0 1]
2,3,-1.0,[0 1 1 1 0 1 0 0]
2,4,-1.0,[1 0 0 0 1 0 1 1]
2,5,-1.0,[0 1 1 1 0 0 0 1]
2,6,-1.0,[1 0 1 0 0 0 0 1]
2,7,-1.0,[1 1 1 1 1 1 1 1]
2,8,-1.0,[1 0 0 1 1 0 1 1]
2,9,-1.0,[0 1 1 0 0 1 0 0]
2,10,-1.0,[1 1 1 0 0 1 1 0]
2,11,-1.0,[0 0 0 1 1 0 0 0]
2,12,-1.0,[1 0 0 0 0 1 1 0]
2,13,-1.0,[0 0 0 1 0 1 0 0]
2,14,-1.0,[1 0 0 0 1 0 1 0]
2,15,-1.0,[1 0 1 1 0 1 1 0]
2,16,-1.0,[0 1 0 0 1 1 1 1]
2,17,-1.0,[1 0 1 0 0 0 0 0]
2,18,-1.0,[1 0 1 0 1 1 1 1]
2,19,-1.0,[1 1 1 1 0 0 0 0]
2,20,-1.0,[1 1 0 1 0 1 0 0]
2,21,-1.0,[0 1 1 0 0 0 1 1]
2,22,-1.0,[1 1 0 1 0 1 1 1]
2,23,-1.0,[0 0 1 0 1 0 1 0]
2,24,-1.0,[0 1 0 0 1 1 0 1]
2,25,-1.0,[1 1 1 1 1 0 0 1]
2,26,-1.0,[0 1 0 1 0 0 1 1]
2,27,-1.0,[1 0 1 0 0 0 1 1]
2,28,-1.0,[1 0 1 0 1 0 0 0]
2,29,-1.0,[0 0 1 1 0 1 1 1]
2,30,-1.0,[1 1 0 0 1 1 1 1]
2,31,-1.0,[1 1 1 0 0 1 0 1]
2,32,-1.0,[1 0 1 0 1 0 0 1]
2,33,-1.0,[1 0 0 1 0 1 0 0]
2,34,-1.0,[1 0 1 1 1 0 0 0]
2,35,-1.0,[1 0 0 0 0 0 1 0]
2,36,-1.0,[1 0 1 0 1 0 0 1]
2,37,-1.0,[0 1 1 1 0 0 0 0]
2,38,-1.0,[1 1 0 0 0 0 1 0]
2,39,-1.0,[1 0 1 0 0 0 0 1]
2,40,-1.0,[1 1 0 0 1 0 1 0]
2,41,-1.0,[0 1 1 1 0 1 0 0]
2,42,-1.0,[0 1 0 0 0 1 1 1]
2,43,-1.0,[1 0 0 0 1 0 0 1]
2,44,-1.0,[1 0 0 0 1 1 1 1]
2,45,-1.0,[0 1 0 0 1 1 0 1]
2,46,-1.0,[1 0 1 1 0 1 1 0]
2,47,-1.0,[1 1 1 0 1 0 0 1]
2,48,-1.0,[1 0 1 0 1 1 1 0]
2,49,-1.0,[0 1 1 1 0 1 1 1]
2,50,-1.0,[0 0 0 1 0 1 1 0]
2,51,-1.0,[0 1 1 0 0 0 0 0]
2,52,-1.0,[0 1 1 1 0 1 0 0]
2,53,-1.0,[0 0 1 1 1 1 1 0]
2,54,-1.0,[0 0 0 1 1 0 0 0]
2,55,-1.0,[0 1 1 1 1 0 1 0]
2,56,-1.0,[0 0 1 0 1 0 0 0]
2,57,-1.0,[1 0 1 0 0 1 0 0]
2,58,-1.0,[1 0 1 0 1 1 0 1]
2,59,-1.0,[0 0 1 1 0 0 1 1]
2,60,-1.0,[0 1 0 1 0 1 0 1]
2,61,-1.0,[0 0 1 0 1 0 0 0]
2,62,-1.0,[1 0 1 0 0 0 1 1]
2,63,-1.0,[0 1 0 1 0 1 0 0]
2,64,-1.0,[1 1 1 0 1 0 0 1]
2,65,-1.0,[0 0 1 0 1 0 1 0]
2,66,-1.0,[1 1 0 1 1 1 1 1]
2,67,-1.0,[0 1 1 1 1 1 1 0]
2,68,-1.0,[0 1 1 0 0 0 1 1]
2,69,-1.0,[0 0 1 0 0 0 1 0]
2,70,-1.0,[0 1 1 0 1 1 0 0]
2,71,-1.0,[1 0 0 1 0 0 1 0]
2,72,-1.0,[1 0 1 1 0 1 1 1]
2,73,-1.0,[0 1 0 1 1 1 1 1]
2,74,-1.0,[0 0 1 0 0 1 1 0]
2,75,-1.0,[0 0 1 0 0 0 0 1]
2,76,-1.0,[1 1 1 1 0 1 0 1]
2,77,-1.0,[0 1 1 1 1 1 0 0]
2,78,-1.0,[0 0 0 0 1 1 0 1]
2,79,-1.0,[0 0 0 1 1 1 1 1]
2,80,-1.0,[0 0 1 0 1 0 0 0]
2,81,-1.0,[1 0 1 0 0 1 1 0]
2,82,-1.0,[0 0 1 1 1 1 1 0]
2,83,-1.0,[1 0 1 0 1 0 0 1]
2,84,-1.0,[0 0 1 0 0 1 0 1]
2,85,-1.0,[0 0 0 1 1 0 1 0]
2,86,-1.0,[1 0 0 1 1 1 0 1]
2,87,-1.0,[0 0 0 0 0 0 1 0]
2,88,-1.0,[1 0 0 1 0 1 1 1]
2,89,-1.0,[0 1 1 0 0 1 0 0]
2,90,-1.0,[1 1 1 0 1 1 0 0]
2,91,-1.0,[1 1 1 0 0 0 1 1]
2,92,-1.0,[1 1 0 1 1 0 1 1]
2,93,-1.0,[0 0 1 1 1 1 0 0]
2,94,-1.0,[0 0 1 1 0 1 1 1]
2,95,-1.0,[0 1 1 0 0 0 1 0]
2,96,-1.0,[0 1 0 1 1 1 1 1]
2,97,-1.0,[1 1 0 1 1 1 0 0]
2,98,-1.0,[0 1 1 0 0 1 1 1]
2,99,-1.0,[1 1 0 1 0 1 0 1]
2,100,-1.0,[1 1 0 1 1 0 1 0]
2,101,-1.0,[0 0 0 1 0 0 0 1]
2,102,-1.0,[0 1 0 0 1 0 1 0]
2,103,-1.0,[1 0 1 0 1 0 0 0]
2,104,-1.0,[1 0 1 0 1 1 1 0]
2,105,-1.0,[1 1 1 1 1 0 1 1]
2,106,-1.0,[0 0 1 0 1 0 0 0]
2,107,-1.0,[0 0 1 1 1 0 0 0]
2,108,-1.0,[1 1 1 1 0 1 0 0]
2,109,-1.0,[0 0 1 0 0 0 0 0]
2,110,-1.0,[0 1 1 0 0 1 1 1]
2,111,-1.0,[0 1 1 0 0 0 1 1]
2,112,0.0,[0 0 0 0 0 0 0 0]
2,113,-1.0,[0 1 0 1 1 1 0 1]
2,114,-1.0,[1 1 0 1 0 0 1 0]
2,115,-1.0,[0 1 0 0 0 1 0 1]
2,116,-1.0,[1 0 1 0 0 0 1 0]
2,117,-1.0,[0 0 0 1 0 0 0 1]
2,118,-1.0,[1 1 0 1 1 0 0 1]
2,119,-1.0,[0 0 1 1 1 1 0 0]
2,120,-1.0,[1 1 0 0 0 0 0 0]
2,121,-1.0,[1 1 1 1 1 0 1 1]
2,122,0.0,[0 0 0 0 0 0 0 0]
2,123,-1.0,[0 1 1 1 1 1 0 0]
2,124,-1.0,[1 1 1 1 0 1 0 1]
2,125,-1.0,[1 1 0 0 0 1 1 1]
2,126,-1.0,[0 1 0 1 0 1 1 0]
2,127,-1.0,[1 0 1 0 1 1 1 1]
2,128,-1.0,[0 1 0 0 0 1 1 1]
2,129,-1.0,[1 1 0 1 0 1 1 0]
2,130,-1.0,[1 1 0 0 0 1 0 1]
2,131,-1.0,[1 1 1 0 0 0 1 0]
2,132,-1.0,[0 0 1 1 0 1 1 1]
2,133,-1.0,[1 1 0 1 1 1 0 1]
2,134,-1.0,[0 0 1 0 1 0 1 1]
2,135,-1.0,[0 1 1 1 0 0 0 1]
2,136,-1.0,[0 1 1 1 0 1 1 1]
2,137,-1.0,[1 0 0 1 0 1 0 1]
2,138,-1.0,[0 0 0 0 0 1 0 1]
2,139,-1.0,[1 0 0 1 0 0 1 1]
2,140,-1.0,[0 1 0 0 1 0 0 0]
2,141,-1.0,[0 1 1 1 0 1 1 1]
2,142,-1.0,[0 1 1 0 0 1 1 1]
2,143,-1.0,[1 0 1 1 0 1 1 0]
2,144,-1.0,[1 1 1 0 0 1 1 1]
2,145,-1.0,[0 1 1 0 0 0 1 1]
2,146,-1.0,[1 0 1 0 1 0 0 1]
2,147,-1.0,[0 1 1 0 0 1 1 1]
2,148,-1.0,[0 1 1 0 0 0 1 1]
2,149,-1.0,[0 1 1 0 1 0 1 0]
2,150,-1.0,[0 0 1 1 1 1 1 0]
2,151,-1.0,[1 0 1 1 0 0 0 1]
2,152,-1.0,[1 1 1 0 0 1 0 1]
2,153,-1.0,[1 1 0 1 0 0 0 0]
2,154,-1.0,[0 0 0 1 0 0 0 0]
2,155,-1.0,[0 0 0 0 1 0 1 1]
2,156,-1.0,[1 1 1 1 0 0 1 1]
2,157,-1.0,[1 0 0 1 1 0 0 0]
2,158,-1.0,[1 0 0 1 0 0 1 0]
2,159,-1.0,[0 0 0 1 1 0 1 1]
2,160,-1.0,[1 0 1 0 1 1 1 1]
2,161,-1.0,[0 1 1 0 1 1 0 1]
2,162,-1.0,[1 1 0 0 0 1 1 1]
2,163,-1.0,[1 1 1 1 1 0 0 0]
2,164,-1.0,[0 1 1 0 0 1 1 1]
2,165,-1.0,[1 1 0 1 1 0 1 1]
2,166,-1.0,[1 0 1 0 1 1 1 0]
2,167,-1.0,[1 0 0 0 0 1 1 0]
2,168,-1.0,[1 1 1 1 1 0 1 0]
2,169,-1.0,[0 0 0 1 0 1 1 0]
2,170,-1.0,[0 1 0 1 1 1 0 0]
2,171,-1.0,[0 1 0 1 1 0 1 0]
2,172,-1.0,[0 1 0 0 0 0 0 0]
2,173,-1.0,[0 0 0 1 0 1 0 1]
2,174,-1.0,[1 0 1 1 1 0 0 1]
2,175,-1.0,[1 0 0 0 1 0 1 0]
2,176,-1.0,[1 0 1 1 0 0 1 1]
2,177,-1.0,[1 1 0 0 0 1 0 1]
2,178,-1.0,[1 0 1 0 0 1 0 0]
2,179,-1.0,[1 1 1 1 0 0 0 0]
2,180,-1.0,[1 1 1 1 1 0 1 1]
2,181,-1.0,[0 1 0 1 0 1 1 0]
2,182,-1.0,[1 0 1 0 1 0 1 0]
2,183,-1.0,[0 1 1 0 0 1 1 1]
2,184,-1.0,[0 0 0 1 0 1 0 0]
2,185,-1.0,[1 0 1 0 0 1 1 0]
2,186,-1.0,[0 0 1 1 0 1 0 0]
2,187,-1.0,[1 1 0 0 1 0 0 0]
2,188,-1.0,[0 0 1 0 1 0 0 0]
2,189,-1.0,[0 1 1 0 1 1 1 1]
2,190,-1.0,[0 1 1 0 1 1 1 0]
2,191,-1.0,[0 0 1 1 0 0 0 0]
2,192,-1.0,[1 0 1 0 1 1 1 1]
2,193,-1.0,[0 1 0 1 0 1 1 0]
2,194,-1.0,[0 0 1 0 1 0 0 1]
2,195,-1.0,[1 1 0 0 0 0 0 0]
2,196,-1.0,[0 1 0 0 1 0 0 0]
2,197,-1.0,[1 1 1 0 0 0 1 1]
2,198,-1.0,[1 0 1 1 0 1 1 1]
2,199,-1.0,[1 1 0 1 1 1 1 1]
2,200,-1.0,[1 1 1 1 0 0 1 1]
2,201,-1.0,[0 0 0 1 0 1 1 0]
2,202,-1.0,[0 1 0 0 0 1 0 0]
2,203,-1.0,[0 1 0 0 0 1 1 1]
2,204,-1.0,[0 1 1 1 0 0 1 1]
2,205,-1.0,[1 1 0 1 1 1 1 1]
2,206,-1.0,[0 1 1 0 0 1 1 1]
2,207,-1.0,[0 1 1 0 1 1 1 1]
2,208,-1.0,[1 1 0 1 0 0 1 0]
2,209,-1.0,[0 1 0 0 1 1 0 0]
2,210,-1.0,[0 0 1 0 1 1 1 1]
2,211,-1.0,[0 1 0 1 0 1 1 0]
2,212,-1.0,[1 1 1 0 0 1 1 0]
2,213,-1.0,[1 1 1 1 1 1 1 1]
2,214,-1.0,[1 1 0 1 1 1 1 0]
2,215,-1.0,[1 1 1 1 1 0 0 1]
2,216,-1.0,[1 0 1 1 0 1 0 0]
2,217,-1.0,[0 0 1 0 1 0 0 0]
2,218,-1.0,[1 0 0 0 0 1 1 0]
2,219,-1.0,[1 1 1 1 0 0 0 1]
2,220,-1.0,[0 1 1 1 0 1 0 0]
2,221,-1.0,[1 1 1 1 1 0 0 0]
2,222,-1.0,[0 0 0 0 0 1 0 1]
2,223,-1.0,[1 0 0 1 0 0 1 0]
2,224,-1.0,[0 0 1 1 0 0 1 1]
2,225,-1.0,[0 1 0 1 0 1 1 1]
2,226,-1.0,[1 1 0 0 0 0 0 1]
2,227,-1.0,[1 1 0 0 0 1 0 1]
2,228,-1.0,[1 1 0 1 1 0 1 0]
2,229,-1.0,[0 0 1 1 0 0 0 1]
2,230,-1.0,[0 1 0 1 1 1 0 1]
2,231,-1.0,[0 1 1 1 0 0 1 0]
2,232,-1.0,[1 1 1 0 0 1 1 1]
2,233,-1.0,[0 0 0 0 1 0 1 1]
2,234,-1.0,[1 0 1 0 0 0 1 1]
2,235,-1.0,[0 1 1 1 0 0 1 1]
2,236,-1.0,[1 1 1 0 1 1 0 1]
2,237,-1.0,[1 1 0 1 0 0 0 0]
2,238,-1.0,[0 1 1 1 0 0 1 1]
2,239,-1.0,[1 0 1 0 1 0 1 0]
2,240,-1.0,[0 1 1 0 1 0 0 1]
2,241,-1.0,[0 1 1 1 0 1 0 0]
2,242,-1.0,[1 0 0 1 1 0 0 1]
2,243,-1.0,[0 1 0 0 0 0 0 1]
2,244,-1.0,[1 0 0 1 0 0 0 0]
2,245,-1.0,[1 1 1 1 1 0 1 0]
2,246,-1.0,[0 0 0 0 0 0 1 1]
2,247,-1.0,[1 1 1 1 0 0 0 0]
2,248,-1.0,[1 1 0 0 1 1 0 1]
2,249,-1.0,[1 0 0 0 1 1 0 0]
2,250,-1.0,[1 0 0 1 0 0 1 0]
2,251,-1.0,[0 1 0 0 1 0 1 1]
2,252,-1.0,[1 0 1 0 0 0 0 1]
2,253,-1.0,[1 0 0 1 0 1 0 0]
2,254,-1.0,[0 0 0 0 0 1 1 1]
2,255,-1.0,[0 0 0 0 1 1 1 0]
2,256,-1.0,[1 1 1 1 1 0 1 1]
2,257,-1.0,[0 1 1 1 1 1 0 1]
2,258,-1.0,[0 1 1 0 1 0 1 0]
2,259,-1.0,[0 0 1 0 1 1 1 0]
2,260,-1.0,[1 0 1 1 1 0 1 0]
2,261,-1.0,[0 1 0 1 1 1 0 1]
2,262,-1.0,[1 0 1 1 1 1 1 1]
2,263,-1.0,[0 1 1 1 0 0 1 0]
2,264,-1.0,[0 0 0 0 1 1 1 0]
2,265,-1.0,[1 0 0 0 1 0 1 0]
2,266,-1.0,[1 1 1 1 1 0 0 1]
2,267,-1.0,[0 1 0 1 1 1 0 1]
2,268,-1.0,[1 0 1 0 1 0 1 1]
2,269,-1.0,[0 1 1 0 0 1 0 0]
2,270,-1.0,[1 1 0 1 1 1 1 1]
2,271,-1.0,[1 0 1 0 0 1 1 0]
2,272,-1.0,[0 0 1 1 1 1 1 1]
2,273,-1.0,[1 0 0 0 0 0 0 1]
2,274,-1.0,[1 1 1 1 0 0 0 0]
2,275,-1.0,[0 0 1 1 0 0 0 1]
2,276,-1.0,[0 0 0 1 0 1 1 1]
2,277,-1.0,[0 0 1 1 1 1 1 0]
2,278,-1.0,[0 0 0 0 0 1 0 1]
2,279,-1.0,[0 1 1 1 1 0 1 0]
2,280,-1.0,[0 0 0 1 0 0 1 1]
2,281,-1.0,[1 1 1 1 0 1 1 1]
2,282,-1.0,[0 1 1 0 1 0 0 1]
2,283,-1.0,[0 1 1 1 1 1 1 0]
2,284,-1.0,[0 0 0 1 0 0 0 1]
2,285,-1.0,[1 0 1 1 1 1 1 1]
2,286,-1.0,[1 1 0 1 1 0 0 1]
2,287,-1.0,[0 1 0 0 0 0 0 0]
2,288,-1.0,[0 1 1 0 0 1 1 1]
2,289,-1.0,[1 0 1 1 1 0 0 0]
2,290,-1.0,[1 0 1 0 1 0 1 1]
2,291,-1.0,[1 0 1 1 1 1 0 1]
2,292,-1.0,[0 1 1 1 0 1 1 1]
2,293,-1.0,[1 1 1 0 0 1 0 0]
2,294,-1.0,[1 0 1 1 0 1 0 1]
2,295,-1.0,[1 0 0 1 0 1 0 1]
2,296,-1.0,[1 1 0 0 1 0 1 1]
2,297,-1.0,[0 1 0 0 1 0 1 0]
2,298,-1.0,[1 1 1 1 0 1 0 0]
2,299,163.99999999999972,[0 0 1 0 0 1 0 0]
3,0,-1.0,[1 0 0 0 1 1 0 1]
3,1,-1.0,[0 0 0 1 0 1 1 1]
3,2,-1.0,[1 1 0 1 1 0 0 0]
3,3,-1.0,[0 1 1 1 0 1 0 0]
3,4,-1.0,[1 0 1 0 1 0 0 1]
3,5,-1.0,[0 0 1 1 1 0 0 0]
3,6,-1.0,[0 0 1 1 1 1 0 1]
3,7,-1.0,[1 0 0 0 0 1 0 0]
3,8,-1.0,[0 1 1 1 0 1 0 1]
3,9,-1.0,[0 0 0 0 1 1 1 1]
3,10,-1.0,[1 0 1 0 1 1 1 1]
3,11,-1.0,[0 0 0 1 0 1 1 1]
3,12,-1.0,[0 1 1 1 0 1 0 0]
3,13,-1.0,[0 1 0 0 1 0 0 1]
3,14,-1.0,[0 0 1 1 0 1 1 1]
3,15,-1.0,[1 1 1 1 1 0 1 1]
3,16,-1.0,[1 0 0 1 0 0 1 0]
3,17,-1.0,[1 0 1 0 0 0 1 0]
3,18,-1.0,[0 1 0 1 0 1 1 0]
3,19,-1.0,[1 0 1 0 1 1 1 1]
3,20,-1.0,[1 0 0 0 0 1 1 0]
3,21,-1.0,[1 1 0 1 1 0 1 1]
3,22,-1.0,[1 0 0 0 0 1 1 0]
3,23,-1.0,[1 1 0 1 1 0 0 0]
3,24,-1.0,[0 1 0 0 1 0 1 1]
3,25,-1.0,[1 0 1 1 1 1 0 0]
3,26,-1.0,[1 1 0 1 0 1 0 0]
3,27,-1.0,[1 0 1 0 0 1 0 0]
3,28,-1.0,[1 0 1 0 1 0 0 0]
3,29,-1.0,[0 0 0 0 0 1 0 1]
3,30,-1.0,[1 0 0 0 0 1 1 1]
3,31,-1.0,[0 0 1 0 1 0 1 0]
3,32,-1.0,[0 1 0 0 0 1 1 1]
3,33,-1.0,[1 1 1 1 0 0 0 1]
3,34,-1.0,[0 1 0 0 0 0 0 1]
3,35,-1.0,[0 0 0 1 0 1 0 0]
3,36,-1.0,[0 1 1 1 0 1 1 1]
3,37,-1.0,[1 0 1 0 1 0 0 1]
3,38,-1.0,[1 0 0 0 0 1 1 0]
3,39,-1.0,[1 1 0 1 0 0 1 1]
3,40,-1.0,[1 1 0 0 0 1 1 1]
3,41,-1.0,[0 1 1 1 0 1 0 1]
3,42,-1.0,[1 0 1 1 0 1 1 0]
3,43,-1.0,[0 0 0 0 1 1 1 1]
3,44,-1.0,[1 0 1 0 0 1 0 0]
3,45,-1.0,[0 0 1 1 0 1 1 1]
3,46,-1.0,[1 1 1 1 1 0 0 0]
3,47,-1.0,[0 1 0 0 0 1 1 0]
3,48,-1.0,[0 0 0 0 0 0 1 0]
3,49,-1.0,[0 0 1 0 0 1 0 1]
3,50,-1.0,[0 0 0 1 1 0 1 1]
3,51,-1.0,[0 1 0 1 0 0 0 0]
3,52,-1.0,[1 1 0 0 0 1 0 0]
3,53,-1.0,[0 1 0 0 0 0 0 0]
3,54,-1.0,[0 0 1 0 1 0 0 0]
3,55,-1.0,[1 0 0 0 1 1 0 1]
3,56,-1.0,[1 1 0 0 1 1 0 0]
3,57,-1.0,[1 0 0 1 1 0 1 1]
3,58,-1.0,[1 0 1 1 0 1 1 1]
3,59,-1.0,[0 0 0 0 0 1 1 1]
3,60,-1.0,[0 0 1 1 0 1 1 1]
3,61,-1.0,[0 1 1 0 0 1 1 1]
3,62,-1.0,[1 0 0 0 1 1 1 1]
3,63,-1.0,[0 1 0 1 1 1 1 0]
3,64,-1.0,[0 1 1 0 1 0 0 1]
3,65,-1.0,[0 0 1 1 1 0 0 0]
3,66,-1.0,[1 1 1 0 0 1 1 0]
3,67,-1.0,[1 0 1 1 0 1 0 0]
3,68,-1.0,[1 0 0 0 1 0 1 1]
3,69,-1.0,[1 0 0 0 1 0 1 1]
3,70,-1.0,[1 1 0 1 1 0 1 1]
3,71,-1.0,[1 0 1 0 0 0 0 0]
3,72,-1.0,[1 0 1 1 1 1 1 1]
3,73,-1.0,[1 1 0 1 1 0 0 0]
3,74,-1.0,[1 0 1 0 1 1 0 0]
3,75,-1.0,[0 0 0 1 1 0 0 0]
3,76,-1.0,[0 0 0 0 0 0 0 1]
3,77,-1.0,[1 0 1 1 0 0 1 1]
3,78,-1.0,[1 1 1 0 1 1 0 1]
3,79,-1.0,[1 1 1 0 1 1 1 0]
3,80,-1.0,[0 0 0 1 0 1 1 1]
3,81,-1.0,[1 1 1 0 1 1 0 1]
3,82,-1.0,[1 0 1 1 1 0 1 1]
3,83,-1.0,[0 0 0 1 0 0 1 1]
3,84,-1.0,[1 1 1 0 0 1 1 1]
3,85,-1.0,[0 1 1 0 1 0 0 1]
3,86,-1.0,[0 0 0 0 0 1 1 0]
3,87,-1.0,[0 1 1 0 1 0 1 0]
3,88,-1.0,[0 1 0 1 1 1 0 1]
3,89,-1.0,[0 1 0 0 1 0 0 1]
3,90,-1.0,[1 1 0 1 0 0 1 1]
3,91,-1.0,[0 1 0 0 0 0 0 0]
3,92,-1.0,[0 0 0 1 0 0 0 1]
3,93,-1.0,[1 1 0 0 1 0 0 0]
3,94,-1.0,[0 1 0 0 0 1 0 0]
3,95,-1.0,[1 1 1 0 1 0 0 0]
3,96,-1.0,[1 0 0 1 1 1 0 1]
3,97,-1.0,[1 1 1 1 1 0 0 1]
3,98,-1.0,[0 0 0 1 1 0 0 0]
3,99,-1.0,[1 0 1 0 1 1 1 1]
3,100,-1.0,[0 1 1 0 1 1 1 0]
3,101,-1.0,[0 0 1 1 1 1 0 0]
3,102,-1.0,[0 1 1 1 0 1 0 0]
3,103,-1.0,[0 1 1 1 1 0 1 0]
3,104,-1.0,[0 1 1 1 0 1 1 0]
3,105,-1.0,[0 0 0 1 0 0 1 1]
3,106,-1.0,[1 1 0 0 1 0 1 0]
3,107,-1.0,[1 0 1 0 1 0 0 0]
3,108,-1.0,[0 0 1 0 1 1 0 1]
3,109,-1.0,[0 1 0 0 0 1 0 0]
3,110,-1.0,[1 1 0 1 1 0 0 1]
3,111,-1.0,[0 0 0 0 1 0 1 0]
3,112,-1.0,[1 0 0 1 1 0 0 0]
3,113,-1.0,[0 1 0 1 0 1 1 0]
3,114,-1.0,[1 1 1 0 0 0 0 1]
3,115,-1.0,[1 1 1 0 0 0 0 1]
3,116,-1.0,[0 0 1 1 0 1 1 1]
3,117,-1.0,[0 0 1 0 0 0 0 0]
3,118,-1.0,[1 1 1 1 1 1 1 0]
3,119,-1.0,[0 0 1 1 1 1 1 0]
3,120,-1.0,[0 1 1 0 0 0 1 0]
3,121,-1.0,[1 0 1 1 1 1 1 1]
3,122,-1.0,[1 1 1 0 1 0 0 0]
3,123,-1.0,[0 0 0 1 1 1 1 1]
3,124,-1.0,[0 0 0 1 1 0 0 0]
3,125,-1.0,[1 0 1 1 0 1 0 1]
3,126,-1.0,[0 0 1 0 0 1 1 1]
3,127,-1.0,[1 1 0 0 0 1 0 1]
3,128,-1.0,[0 0 0 0 1 0 0 0]
3,129,-1.0,[1 0 0 1 0 1 0 1]
3,130,-1.0,[0 1 0 0 0 1 1 0]
3,131,-1.0,[1 1 0 0 1 1 0 0]
3,132,-1.0,[0 1 1 0 0 1 0 0]
3,133,-1.0,[0 1 1 0 1 0 0 1]
3,134,-1.0,[0 0 1 0 0 1 0 1]
3,135,-1.0,[0 1 1 0 0 0 1 1]
3,136,-1.0,[1 0 1 0 1 0 0 0]
3,137,-1.0,[0 1 1 1 1 1 1 0]
3,138,-1.0,[0 0 0 0 0 0 0 1]
3,139,-1.0,[0 1 0 0 1 1 1 1]
3,140,-1.0,[0 0 1 0 1 0 0 0]
3,141,-1.0,[1 1 1 1 1 1 0 0]
3,142,-1.0,[1 0 1 1 0 1 0 0]
3,143,-1.0,[1 1 0 1 1 1 1 0]
3,144,-1.0,[1 0 0 1 0 1 0 0]
3,145,-1.0,[1 1 0 1 0 0 1 1]
3,146,-1.0,[0 1 1 0 1 0 0 1]
3,147,-1.0,[0 0 1 0 1 1 0 1]
3,148,-1.0,[1 0 1 1 1 1 0 0]
3,149,-1.0,[1 0 0 0 0 0 1 1]
3,150,-1.0,[1 0 0 0 1 0 1 0]
3,151,-1.0,[0 1 0 0 0 1 0 0]
3,152,-1.0,[1 1 1 1 0 1 1 1]
3,153,-1.0,[0 0 1 0 0 0 0 1]
3,154,-1.0,[1 1 0 1 0 0 1 1]
3,155,-1.0,[0 1 0 0 1 1 1 1]
3,156,-1.0,[0 1 1 0 0 0 1 1]
3,157,-1.0,[0 0 0 0 0 0 1 1]
3,158,-1.0,[0 1 0 1 0 1 0 0]
3,159,-1.0,[1 1 0 0 1 0 0 1]
3,160,-1.0,[1 0 0 0 0 0 0 1]
3,161,-1.0,[1 1 0 1 0 0 1 0]
3,162,-1.0,[1 1 0 1 1 0 0 0]
3,163,-1.0,[1 1 0 1 1 1 1 1]
3,164,-1.0,[0 1 0 0 1 0 0 1]
3,165,-1.0,[0 0 0 0 1 1 0 0]
3,166,-1.0,[1 0 0 0 0 1 0 0]
3,167,-1.0,[1 1 0 0 0 1 0 0]
3,168,-1.0,[1 1 0 1 0 0 1 1]
3,169,-1.0,[0 0 1 0 0 0 1 1]
3,170,-1.0,[0 1 1 0 1 1 0 0]
3,171,-1.0,[1 0 0 0 1 0 1 1]
3,172,-1.0,[0 1 1 1 1 0 0 1]
3,173,-1.0,[1 0 0 0 1 0 1 0]
3,174,-1.0,[0 1 1 0 0 0 0 0]
3,175,-1.0,[1 1 1 0 1 1 1 0]
3,176,-1.0,[1 0 1 1 1 0 0 0]
3,177,0.0,[0 0 0 0 0 0 0 0]
3,178,-1.0,[0 1 1 0 0 1 1 0]
3,179,-1.0,[1 0 0 0 0 0 1 1]
3,180,-1.0,[1 1 0 1 0 0 1 1]
3,181,-1.0,[0 1 0 1 0 1 1 0]
3,182,-1.0,[0 1 0 1 0 0 1 1]
3,183,-1.0,[1 0 1 1 0 0 0 1]
3,184,-1.0,[0 1 0 0 1 1 1 0]
3,185,-1.0,[0 1 0 1 1 1 0 1]
3,186,-1.0,[1 0 0 1 0 0 1 1]
3,187,-1.0,[1 0 1 1 0 1 1 1]
3,188,-1.0,[0 0 0 0 0 0 1 1]
3,189,-1.0,[0 1 0 0 0 0 0 1]
3,190,-1.0,[1 1 0 1 1 0 1 1]
3,191,-1.0,[1 1 0 0 1 1 0 0]
3,192,-1.0,[1 1 0 0 1 1 1 0]
3,193,-1.0,[0 1 0 1 0 1 0 0]
3,194,-1.0,[0 1 0 1 1 1 0 1]
3,195,-1.0,[0 0 0 1 1 0 0 0]
3,196,-1.0,[0 0 1 1 1 1 1 1]
3,197,-1.0,[0 1 0 1 1 1 0 1]
3,198,-1.0,[1 1 1 0 0 1 1 0]
3,199,-1.0,[1 1 1 0 1 0 1 0]
3,200,-1.0,[0 0 0 0 0 0 0 1]
3,201,-1.0,[0 1 1 1 0 0 1 1]
3,202,-1.0,[1 1 0 1 1 0 0 0]
3,203,-1.0,[1 1 1 0 0 1 1 0]
3,204,-1.0,[0 1 1 1 0 0 1 1]
3,205,-1.0,[0 1 1 0 0 1 1 1]
3,206,-1.0,[1 0 0 1 0 0 1 0]
3,207,-1.0,[1 1 0 0 1 1 0 0]
3,208,-1.0,[0 0 1 1 0 1 1 1]
3,209,-1.0,[1 0 1 1 1 1 1 1]
3,210,-1.0,[1 1 0 0 0 0 0 0]
3,211,-1.0,[1 0 1 0 0 0 0 1]
3,212,-1.0,[0 1 0 0 0 1 0 0]
3,213,-1.0,[1 0 1 0 0 0 0 0]
3,214,-1.0,[0 0 0 0 1 1 1 1]
3,215,-1.0,[1 0 1 0 0 1 1 0]
3,216,-1.0,[1 1 1 1 1 1 1 0]
3,217,-1.0,[0 0 1 1 0 0 0 1]
3,218,-1.0,[1 1 0 1 1 1 1 0]
3,219,-1.0,[0 0 1 1 0 1 1 0]
3,220,-1.0,[0 0 0 0 1 0 1 0]
3,221,-1.0,[1 0 1 1 0 1 1 1]
3,222,-1.0,[1 1 0 0 1 1 1 0]
3,223,-1.0,[0 1 0 1 0 1 1 1]
3,224,-1.0,[0 0 0 1 1 0 0 0]
3,225,-1.0,[0 1 1 1 0 0 1 1]
3,226,-1.0,[0 0 0 0 0 0 1 1]
3,227,-1.0,[1 1 0 1 0 0 0 1]
3,228,-1.0,[0 0 0 0 0 0 0 1]
3,229,-1.0,[0 0 1 1 1 1 1 0]
3,230,-1.0,[1 1 1 1 0 0 1 1]
3,231,-1.0,[1 1 0 1 1 1 0 1]
3,232,-1.0,[0 0 1 0 1 0 0 1]
3,233,-1.0,[0 0 0 1 0 0 1 1]
3,234,-1.0,[1 0 1 0 0 0 0 1]
3,235,-1.0,[1 1 1 0 1 1 1 0]
3,236,-1.0,[0 0 1 0 0 1 1 0]
3,237,-1.0,[1 0 1 0 1 1 0 1]
3,238,-1.0,[1 1 0 1 1 0 1 0]
3,239,-1.0,[1 1 1 0 0 1 0 0]
3,240,-1.0,[1 1 0 0 0 0 0 0]
3,241,-1.0,[0 1 1 1 0 0 0 0]
3,242,-1.0,[1 0 1 1 0 1 0 0]
3,243,-1.0,[0 1 0 0 1 1 0 0]
3,244,-1.0,[0 1 1 1 1 1 0 0]
3,245,-1.0,[1 1 0 1 1 1 1 0]
3,246,-1.0,[1 1 0 1 0 0 1 1]
3,247,-1.0,[0 1 0 0 0 0 0 1]
3,248,-1.0,[0 1 1 0 1 0 0 1]
3,249,-1.0,[0 1 1 1 0 1 1 1]
3,250,-1.0,[0 0 1 0 1 0 0 1]
3,251,-1.0,[1 1 0 0 0 1 1 1]
3,252,-1.0,[1 1 1 1 0 0 0 1]
3,253,-1.0,[1 1 1 0 0 1 0 1]
3,254,-1.0,[1 0 1 1 0 1 0 1]
3,255,-1.0,[1 0 1 1 1 0 0 1]
3,256,-1.0,[1 1 1 1 1 1 0 0]
3,257,-1.0,[0 0 1 1 1 1 1 1]
3,258,-1.0,[0 0 0 0 1 1 1 1]
3,259,-1.0,[0 1 1 0 0 1 1 0]
3,260,-1.0,[0 0 1 1 0 1 1 1]
3,261,-1.0,[0 1 1 0 0 1 1 1]
3,262,-1.0,[1 0 1 1 1 0 1 0]
3,263,-1.0,[0 1 1 1 0 1 1 1]
3,264,-1.0,[0 1 0 1 0 0 0 0]
3,265,-1.0,[0 1 0 1 0 1 1 1]
3,266,-1.0,[1 1 1 0 1 1 1 1]
3,267,-1.0,[0 1 0 1 1 1 1 1]
3,268,-1.0,[0 0 0 1 1 0 1 0]
3,269,-1.0,[0 1 0 1 1 0 0 1]
3,270,-1.0,[0 0 0 1 0 1 1 1]
3,271,-1.0,[1 0 0 0 1 1 1 1]
3,272,-1.0,[1 1 0 0 0 0 0 0]
3,273,-1.0,[0 1 1 0 1 0 1 0]
3,274,-1.0,[0 0 0 1 1 0 0 0]
3,275,-1.0,[0 0 1 1 1 1 1 0]
3,276,-1.0,[0 1 1 1 0 0 1 1]
3,277,-1.0,[1 1 0 1 1 0 0 0]
3,278,-1.0,[1 0 1 1 1 0 1 0]
3,279,-1.0,[0 0 0 1 1 1 0 0]
3,280,-1.0,[0 1 1 0 0 1 0 0]
3,281,-1.0,[1 1 0 0 1 0 0 0]
3,282,-1.0,[1 1 1 0 0 0 1 0]
3,283,-1.0,[1 1 0 0 1 1 0 1]
3,284,-1.0,[0 0 1 0 1 0 0 1]
3,285,-1.0,[0 0 0 1 1 1 1 0]
3,286,-1.0,[0 1 1 1 0 1 0 0]
3,287,-1.0,[1 0 0 1 0 1 1 1]
3,288,-1.0,[0 0 1 1 0 1 1 1]
3,289,-1.0,[0 0 0 0 1 1 0 0]
3,290,-1.0,[0 1 0 0 1 0 1 0]
3,291,-1.0,[0 0 0 0 1 1 0 1]
3,292,-1.0,[1 1 0 0 0 0 1 1]
3,293,-1.0,[0 1 1 0 1 0 1 1]
3,294,-1.0,[0 0 0 1 1 0 0 1]
3,295,-1.0,[1 0 1 0 1 1 1 0]
3,296,-1.0,[1 1 1 1 1 1 1 0]
3,297,-1.0,[0 1 0 0 1 1 0 1]
3,298,-1.0,[0 1 1 1 0 0 0 1]
3,299,119.99999999999993,[1 0 1 0 1 1 0 0]
4,0,-1.0,[1 0 1 0 1 0 1 1]
4,1,-1.0,[1 1 0 1 1 0 0 1]
4,2,-1.0,[0 0 1 1 1 1 0 1]
4,3,-1.0,[0 1 1 0 0 0 0 0]
4,4,-1.0,[0 1 1 0 1 0 0 1]
4,5,-1.0,[1 1 1 0 1 0 0 1]
4,6,-1.0,[0 0 0 1 0 0 1 0]
4,7,-1.0,[0 0 0 1 1 0 1 1]
4,8,-1.0,[1 1 1 1 0 0 0 1]
4,9,-1.0,[0 1 1 0 1 0 1 0]
4,10,-1.0,[1 0 1 0 0 0 0 1]
4,11,-1.0,[1 1 1 0 1 0 0 1]
4,12,-1.0,[0 0 1 1 0 0 0 1]
4,13,-1.0,[0 0 1 0 1 0 0 1]
4,14,-1.0,[0 1 1 1 0 1 0 0]
4,15,-1.0,[1 1 0 0 1 0 0 1]
4,16,-1.0,[0 0 1 1 1 1 0 1]
4,17,-1.0,[0 0 1 1 0 1 1 1]
4,18,-1.0,[0 0 0 1 1 0 0 0]
4,19,-1.0,[1 1 0 1 1 0 1 1]
4,20,-1.0,[0 0 0 1 1 1 1 0]
4,21,-1.0,[0 0 1 0 0 1 1 1]
4,22,-1.0,[0 1 0 1 1 1 1 1]
4,23,-1.0,[0 1 1 1 0 1 0 0]
4,24,-1.0,[0 0 0 1 1 0 0 1]
4,25,-1.0,[1 0 0 1 1 1 0 1]
4,26,-1.0,[0 1 1 0 1 1 0 1]
4,27,-1.0,[0 0 1 1 1 1 1 1]
4,28,-1.0,[0 1 0 0 1 0 0 1]
4,29,-1.0,[1 1 1 1 1 1 0 1]
4,30,-1.0,[0 0 0 1 0 0 0 1]
4,31,-1.0,[0 0 1 0 0 0 0 0]
4,32,-1.0,[1 1 1 0 1 1 1 0]
4,33,-1.0,[0 0 1 0 0 1 0 0]
4,34,-1.0,[1 1 1 1 0 1 1 0]
4,35,-1.0,[0 0 1 1 0 1 1 1]
4,36,-1.0,[1 1 1 0 1 0 0 1]
4,37,-1.0,[0 0 1 1 0 1 0 1]
4,38,-1.0,[1 0 1 1 0 1 0 0]
4,39,-1.0,[1 1 1 1 1 0 0 0]
4,40,-1.0,[0 0 0 1 0 0 1 1]
4,41,-1.0,[0 0 0 0 1 1 1 0]
4,42,-1.0,[0 0 1 1 0 1 1 1]
4,43,-1.0,[0 0 0 1 0 1 1 0]
4,44,-1.0,[1 0 1 0 1 1 1 1]
4,45,-1.0,[0 1 1 1 0 1 0 0]
4,46,-1.0,[0 0 0 0 1 0 0 0]
4,47,-1.0,[0 1 1 0 0 0 1 0]
4,48,-1.0,[0 0 0 0 1 1 0 0]
4,49,-1.0,[1 1 0 1 1 0 1 1]
4,50,-1.0,[0 1 1 1 0 1 0 0]
4,51,-1.0,[0 1 1 1 0 0 1 1]
4,52,-1.0,[1 1 0 0 0 0 1 1]
4,53,-1.0,[0 0 0 0 0 0 1 1]
4,54,-1.0,[1 1 0 1 1 1 1 0]
4,55,-1.0,[0 0 1 1 1 0 1 1]
4,56,-1.0,[0 1 1 1 0 1 1 0]
4,57,-1.0,[0 0 0 0 1 1 1 1]
4,58,-1.0,[0 1 1 0 0 1 1 1]
4,59,-1.0,[1 1 1 0 0 0 0 0]
4,60,-1.0,[0 0 1 0 1 1 0 1]
4,61,-1.0,[0 0 0 1 0 0 1 1]
4,62,-1.0,[0 1 1 0 0 1 1 1]
4,63,-1.0,[1 0 1 0 0 1 0 1]
4,64,-1.0,[1 0 1 0 0 0 0 0]
4,65,-1.0,[1 1 1 1 1 0 1 0]
4,66,-1.0,[0 1 0 0 1 1 1 1]
4,67,-1.0,[1 1 0 0 1 1 0 1]
4,68,-1.0,[0 1 1 0 1 0 1 0]
4,69,-1.0,[0 1 1 1 1 1 1 0]
4,70,-1.0,[1 0 0 1 0 0 1 0]
4,71,-1.0,[0 1 1 1 0 1 1 1]
4,72,-1.0,[1 1 0 1 0 1 0 0]
4,73,-1.0,[0 0 1 0 1 1 0 1]
4,74,-1.0,[1 0 0 0 1 0 1 0]
4,75,-1.0,[1 0 1 0 1 1 1 0]
4,76,-1.0,[0 0 1 1 1 1 0 1]
4,77,-1.0,[0 0 1 0 1 1 0 1]
4,78,-1.0,[0 1 1 0 0 1 0 0]
4,79,-1.0,[0 0 1 1 0 1 1 1]
4,80,-1.0,[0 0 0 0 1 1 0 1]
4,81,-1.0,[0 0 0 0 1 1 0 0]
4,82,-1.0,[0 0 0 1 0 0 1 0]
4,83,-1.0,[0 0 1 1 0 1 0 0]
4,84,-1.0,[1 0 0 0 0 0 0 1]
4,85,-1.0,[0 0 0 0 0 0 1 1]
4,86,-1.0,[0 1 1 1 0 0 1 1]
4,87,-1.0,[0 1 0 1 0 1 1 0]
4,88,-1.0,[0 0 1 0 1 0 1 1]
4,89,-1.0,[0 0 1 1 1 0 1 0]
4,90,0.0,[0 0 0 0 0 0 0 0]
4,91,-1.0,[1 1 1 1 0 1 1 0]
4,92,-1.0,[1 0 1 0 1 0 0 0]
4,93,-1.0,[0 1 1 1 0 1 0 1]
4,94,-1.0,[0 1 0 0 0 1 1 1]
4,95,-1.0,[0 0 0 1 1 0 0 1]
4,96,-1.0,[1 0 0 0 0 1 1 0]
4,97,-1.0,[1 1 0 1 0 1 0 1]
4,98,-1.0,[1 0 0 0 0 1 1 1]
4,99,-1.0,[1 0 1 0 0 0 1 1]
4,100,-1.0,[0 0 1 0 0 1 0 1]
4,101,-1.0,[1 1 0 1 1 1 0 1]
4,102,-1.0,[1 1 0 1 1 1 1 0]
4,103,-1.0,[1 1 1 0 1 0 1 0]
4,104,-1.0,[0 0 0 1 0 0 1 1]
4,105,-1.0,[0 0 0 0 1 1 1 1]
4,106,-1.0,[0 0 0 0 1 1 0 1]
4,107,-1.0,[0 0 1 0 0 0 0 0]
4,108,-1.0,[1 1 1 1 0 0 0 1]
4,109,-1.0,[1 0 1 1 0 1 0 0]
4,110,-1.0,[1 1 0 0 0 0 0 0]
4,111,-1.0,[1 1 1 0 0 0 0 0]
4,112,-1.0,[1 0 0 1 0 0 1 0]
4,113,-1.0,[0 0 1 1 1 0 0 0]
4,114,-1.0,[0 0 1 1 0 1 1 1]
4,115,-1.0,[1 0 1 0 0 0 0 1]
4,116,-1.0,[1 0 0 1 1 0 0 1]
4,117,-1.0,[0 1 1 1 0 1 0 1]
4,118,-1.0,[0 1 0 1 0 1 1 0]
4,119,-1.0,[0 1 0 0 1 1 1 1]
4,120,-1.0,[0 1 0 1 0 0 1 1]
4,121,-1.0,[1 1 1 1 1 0 1 1]
4,122,0.0,[0 0 0 0 0 0 0 0]
4,123,-1.0,[0 1 0 0 1 1 1 1]
4,124,-1.0,[1 0 0 0 1 1 1 0]
4,125,-1.0,[0 0 1 0 1 1 1 1]
4,126,-1.0,[0 0 1 0 1 1 0 0]
4,127,-1.0,[0 1 0 0 1 0 0 0]
4,128,-1.0,[1 1 0 1 1 0 1 1]
4,129,-1.0,[1 1 0 1 0 0 1 1]
4,130,-1.0,[1 0 1 0 1 0 0 0]
4,131,-1.0,[1 1 1 1 0 0 0 1]
4,132,-1.0,[1 1 1 1 0 1 1 1]
4,133,-1.0,[0 0 1 0 0 1 1 1]
4,134,-1.0,[1 0 1 1 1 0 0 0]
4,135,-1.0,[0 0 1 0 0 1 0 0]
4,136,-1.0,[0 0 0 1 1 0 0 1]
4,137,-1.0,[1 1 0 1 0 0 0 1]
4,138,-1.0,[1 1 0 0 0 0 0 0]
4,139,-1.0,[1 1 1 0 0 1 0 1]
4,140,-1.0,[1 1 0 0 1 0 1 0]
4,141,-1.0,[0 1 0 0 0 0 1 0]
4,142,-1.0,[1 1 0 0 0 1 1 0]
4,143,-1.0,[0 0 0 0 1 1 0 1]
4,144,-1.0,[1 1 1 0 1 0 0 0]
4,145,-1.0,[1 0 0 0 1 0 1 0]
4,146,-1.0,[1 1 0 0 0 0 1 1]
4,147,-1.0,[0 1 1 0 0 1 1 0]
4,148,-1.0,[0 1 0 0 0 0 1 1]
4,149,-1.0,[1 0 1 0 1 1 1 1]
4,150,-1.0,[0 1 0 0 0 1 0 1]
4,151,-1.0,[1 1 0 1 1 0 1 0]
4,152,-1.0,[0 0 0 0 1 0 0 0]
4,153,-1.0,[0 0 1 1 1 1 0 0]
4,154,-1.0,[1 1 0 1 0 1 0 1]
4,155,-1.0,[0 1 0 0 0 1 1 1]
4,156,-1.0,[1 1 1 0 0 0 0 0]
4,157,-1.0,[1 0 1 0 0 0 0 1]
4,158,-1.0,[0 0 0 1 1 0 0 0]
4,159,-1.0,[1 1 1 0 0 0 1 0]
4,160,-1.0,[1 1 0 1 0 1 0 0]
4,161,-1.0,[1 0 1 1 0 1 0 1]
4,162,-1.0,[0 1 0 1 1 0 0 1]
4,163,-1.0,[1 0 1 0 0 0 1 1]
4,164,-1.0,[1 1 0 0 1 0 0 0]
4,165,-1.0,[1 0 0 1 1 0 1 1]
4,166,-1.0,[0 0 0 0 0 0 1 0]
4,167,-1.0,[1 0 0 0 0 0 0 1]
4,168,-1.0,[0 1 1 0 1 1 0 1]
4,169,-1.0,[1 1 0 1 0 0 0 0]
4,170,-1.0,[1 1 0 1 1 1 0 0]
4,171,-1.0,[0 1 1 1 0 0 1 1]
4,172,-1.0,[1 1 1 0 1 0 0 0]
4,173,-1.0,[0 1 0 1 0 0 1 1]
4,174,-1.0,[0 1 1 1 0 0 1 1]
4,175,-1.0,[1 1 0 0 1 1 0 1]
4,176,-1.0,[0 1 1 0 0 1 1 1]
4,177,-1.0,[1 0 1 1 1 0 1 1]
4,178,-1.0,[1 1 1 1 0 1 0 1]
4,179,-1.0,[0 1 1 1 1 1 1 0]
4,180,0.0,[0 0 0 0 0 0 0 0]
4,181,-1.0,[1 0 1 1 1 0 0 1]
4,182,-1.0,[0 1 1 1 0 1 0 0]
4,183,-1.0,[0 1 0 1 1 0 0 0]
4,184,-1.0,[0 1 0 0 0 1 1 1]
4,185,-1.0,[1 1 1 0 0 1 1 0]
4,186,-1.0,[1 0 1 1 0 1 0 0]
4,187,-1.0,[0 0 1 0 1 1 1 1]
4,188,-1.0,[1 0 0 0 0 1 0 1]
4,189,-1.0,[0 1 0 0 0 0 0 0]
4,190,-1.0,[0 1 1 1 0 1 0 0]
4,191,-1.0,[0 1 1 0 1 0 1 1]
4,192,-1.0,[1 0 1 0 1 0 1 1]
4,193,-1.0,[0 1 0 1 0 0 1 0]
4,194,-1.0,[0 1 1 0 1 0 1 0]
4,195,-1.0,[1 1 1 1 0 1 1 0]
4,196,-1.0,[1 0 1 1 1 1 1 0]
4,197,-1.0,[1 0 0 1 1 1 0 0]
4,198,-1.0,[1 0 1 1 1 0 1 1]
4,199,-1.0,[0 1 1 1 0 1 0 1]
4,200,-1.0,[0 0 0 0 0 0 0 1]
4,201,-1.0,[1 1 0 1 0 0 1 1]
4,202,-1.0,[0 1 1 0 0 1 0 0]
4,203,-1.0,[1 1 0 0 1 1 1 0]
4,204,-1.0,[0 1 0 1 0 1 1 1]
4,205,-1.0,[0 1 1 0 1 0 1 0]
4,206,-1.0,[0 0 1 1 0 0 0 1]
4,207,-1.0,[1 0 0 0 0 1 0 1]
4,208,-1.0,[0 0 1 1 0 1 1 1]
4,209,-1.0,[1 0 0 1 0 0 1 0]
4,210,-1.0,[0 1 1 0 0 1 1 1]
4,211,-1.0,[0 1 1 1 0 1 0 0]
4,212,-1.0,[1 0 1 1 1 0 0 1]
4,213,-1.0,[1 0 0 0 0 1 1 0]
4,214,-1.0,[0 0 1 1 0 1 1 1]
4,215,-1.0,[1 0 1 1 0 0 1 0]
4,216,-1.0,[1 0 0 0 1 0 1 0]
4,217,-1.0,[1 1 0 1 0 0 1 1]
4,218,-1.0,[0 0 1 0 0 0 1 0]
4,219,-1.0,[1 0 0 0 0 0 1 0]
4,220,-1.0,[0 1 0 0 0 0 1 1]
4,221,-1.0,[1 0 0 0 0 0 1 1]
4,222,-1.0,[1 0 1 0 0 1 1 1]
4,223,-1.0,[1 0 0 1 1 1 1 0]
4,224,-1.0,[1 1 0 0 1 1 0 1]
4,225,-1.0,[0 1 1 0 1 0 0 0]
4,226,-1.0,[1 0 0 1 0 1 0 0]
4,227,-1.0,[0 1 0 1 1 0 1 1]
4,228,-1.0,[1 0 0 0 1 0 0 1]
4,229,-1.0,[1 1 1 0 1 0 0 1]
4,230,-1.0,[0 1 1 0 1 1 1 1]
4,231,-1.0,[0 0 1 1 0 1 0 0]
4,232,-1.0,[1 0 1 1 0 1 1 0]
4,233,-1.0,[1 0 1 0 1 1 1 1]
4,234,-1.0,[0 0 0 1 1 0 1 1]
4,235,-1.0,[0 0 1 0 1 0 0 1]
4,236,0.0,[0 0 0 0 0 0 0 0]
4,237,-1.0,[1 1 1 0 1 0 1 0]
4,238,-1.0,[1 1 1 1 0 0 0 0]
4,239,-1.0,[1 0 1 1 0 1 1 0]
4,240,-1.0,[0 1 1 1 0 1 0 0]
4,241,-1.0,[0 0 1 1 0 0 1 1]
4,242,-1.0,[0 1 1 0 0 0 0 1]
4,243,-1.0,[1 0 0 1 0 1 0 1]
4,244,-1.0,[0 1 1 0 0 1 0 0]
4,245,-1.0,[1 1 1 1 0 0 1 0]
4,246,-1.0,[0 0 1 1 1 0 1 0]
4,247,-1.0,[0 1 0 1 1 0 0 1]
4,248,-1.0,[1 1 1 0 0 1 1 0]
4,249,-1.0,[1 0 0 0 1 0 1 1]
4,250,-1.0,[1 0 1 0 0 1 1 1]
4,251,-1.0,[0 1 1 0 0 1 0 0]
4,252,-1.0,[1 0 1 0 1 0 0 1]
4,253,-1.0,[0 0 1 1 1 0 0 1]
4,254,-1.0,[0 0 1 1 0 0 1 0]
4,255,-1.0,[0 1 0 1 1 0 0 1]
4,256,-1.0,[1 0 0 0 0 1 0 1]
4,257,-1.0,[1 1 1 1 1 1 0 1]
4,258,-1.0,[0 1 0 0 1 0 1 1]
4,259,-1.0,[1 1 0 0 1 0 0 1]
4,260,-1.0,[0 1 1 1 1 0 1 0]
4,261,-1.0,[1 0 0 0 1 1 1 1]
4,262,-1.0,[1 0 1 1 1 0 0 1]
4,263,-1.0,[0 1 1 1 0 0 1 0]
4,264,-1.0,[1 1 1 1 1 0 1 1]
4,265,-1.0,[0 1 0 0 0 1 1 0]
4,266,-1.0,[1 0 1 0 1 0 1 1]
4,267,-1.0,[0 1 1 1 0 1 1 0]
4,268,-1.0,[1 0 0 0 0 0 1 1]
4,269,-1.0,[0 1 0 0 0 1 0 0]
4,270,-1.0,[0 1 0 1 0 0 0 1]
4,271,-1.0,[1 1 1 1 0 1 0 1]
4,272,-1.0,[1 1 0 0 1 0 1 1]
4,273,-1.0,[0 0 1 1 0 0 1 0]
4,274,-1.0,[0 1 0 0 1 0 0 1]
4,275,-1.0,[1 1 1 0 1 0 0 0]
4,276,-1.0,[1 0 1 1 1 1 1 1]
4,277,-1.0,[0 0 0 1 1 1 1 1]
4,278,-1.0,[1 0 1 0 0 1 0 0]
4,279,-1.0,[1 0 1 0 0 0 1 1]
4,280,-1.0,[1 0 0 1 1 1 1 1]
4,281,-1.0,[1 1 1 0 0 0 1 0]
4,282,-1.0,[0 0 0 1 1 1 0 0]
4,283,-1.0,[0 0 0 1 0 0 1 1]
4,284,-1.0,[1 1 1 0 1 0 0 0]
4,285,-1.0,[1 0 0 0 1 1 0 0]
4,286,-1.0,[0 1 1 1 0 0 0 0]
4,287,-1.0,[1 0 0 1 1 0 0 0]
4,288,-1.0,[1 0 1 0 1 1 1 1]
4,289,-1.0,[0 0 0 1 1 1 1 1]
4,290,-1.0,[1 1 0 1 0 1 0 0]
4,291,-1.0,[0 1 1 0 0 0 1 0]
4,292,-1.0,[1 0 1 0 1 1 1 0]
4,293,-1.0,[1 0 0 0 1 0 0 1]
4,294,-1.0,[1 1 0 0 0 0 1 0]
4,295,-1.0,[1 0 1 0 1 0 0 1]
4,296,-1.0,[0 1 1 0 0 0 1 1]
4,297,-1.0,[1 0 1 1 0 1 1 0]
4,298,-1.0,[0 0 1 1 0 0 0 1]
4,299,171.99999999999977,[1 0 1 1 0 1 1 0]
5,0,-1.0,[1 1 0 0 1 1 1 0]
5,1,-1.0,[0 1 1 0 1 1 1 1]
5,2,-1.0,[1 1 0 1 0 1 1 1]
5,3,0.0,[0 0 0 0 0 0 0 0]
5,4,-1.0,[0 0 1 1 1 0 0 0]
5,5,-1.0,[1 0 1 1 1 0 1 1]
5,6,-1.0,[1 0 1 1 1 0 1 0]
5,7,-1.0,[0 0 0 0 1 0 1 0]
5,8,-1.0,[1 1 1 0 0 0 1 1]
5,9,-1.0,[0 1 1 1 0 1 1 0]
5,10,-1.0,[0 1 1 1 0 0 1 1]
5,11,-1.0,[1 0 0 0 0 0 1 1]
5,12,-1.0,[1 1 1 0 1 1 0 1]
5,13,-1.0,[1 0 1 0 1 0 0 0]
5,14,-1.0,[0 0 1 1 0 1 1 1]
5,15,-1.0,[0 0 0 1 0 0 0 0]
5,16,-1.0,[1 0 0 1 1 1 0 0]
5,17,-1.0,[0 1 1 0 0 1 0 0]
5,18,-1.0,[1 0 0 1 1 1 1 0]
5,19,-1.0,[1 1 0 1 0 0 0 0]
5,20,-1.0,[1 0 0 0 0 0 1 1]
5,21,-1.0,[1 0 0 0 0 0 0 1]
5,22,-1.0,[0 1 1 0 1 0 0 1]
5,23,-1.0,[0 0 1 0 0 1 0 0]
5,24,-1.0,[1 1 1 1 1 0 0 1]
5,25,-1.0,[1 0 0 0 0 0 1 0]
5,26,-1.0,[0 0 1 0 1 0 0 0]
5,27,-1.0,[1 0 0 0 0 0 1 1]
5,28,-1.0,[1 0 1 1 0 1 1 1]
5,29,-1.0,[1 0 0 0 0 1 1 0]
5,30,-1.0,[1 0 1 0 0 0 0 1]
5,31,-1.0,[1 0 0 1 0 0 1 0]
5,32,-1.0,[1 0 1 0 0 0 0 1]
5,33,-1.0,[1 1 1 1 1 1 0 1]
5,34,-1.0,[0 0 1 1 1 1 1 0]
5,35,-1.0,[0 0 0 0 0 0 1 1]
5,36,-1.0,[1 0 1 1 1 0 1 1]
5,37,-1.0,[0 1 1 1 1 1 1 0]
5,38,-1.0,[1 1 0 1 1 1 1 0]
5,39,-1.0,[0 0 1 0 0 1 0 1]
5,40,-1.0,[0 1 1 0 1 1 1 0]
5,41,-1.0,[1 0 0 0 0 0 1 1]
5,42,-1.0,[1 0 1 1 1 1 1 1]
5,43,-1.0,[0 1 1 0 0 0 0 1]
5,44,-1.0,[0 1 0 1 1 1 0 1]
5,45,-1.0,[1 1 0 1 0 1 1 1]
5,46,-1.0,[1 0 1 1 1 1 1 1]
5,47,-1.0,[0 0 0 0 1 0 1 1]
5,48,-1.0,[0 0 1 0 1 1 1 0]
5,49,-1.0,[1 1 0 1 1 0 0 0]
5,50,-1.0,[0 1 1 0 1 1 0 1]
5,51,-1.0,[0 0 0 1 0 1 0 1]
5,52,-1.0,[0 1 0 0 1 0 0 0]
5,53,-1.0,[1 1 1 0 0 1 1 0]
5,54,-1.0,[1 1 0 0 1 0 0 1]
5,55,-1.0,[0 0 0 1 0 0 1 0]
5,56,-1.0,[1 1 1 0 0 1 1 1]
5,57,-1.0,[1 1 0 0 1 0 0 1]
5,58,-1.0,[0 1 1 1 1 0 1 0]
5,59,-1.0,[0 1 0 0 1 0 0 1]
5,60,-1.0,[0 0 1 0 1 1 1 0]
5,61,-1.0,[0 0 1 1 0 0 1 1]
5,62,-1.0,[1 0 1 0 0 0 0 1]
5,63,-1.0,[0 1 1 1 0 1 1 0]
5,64,-1.0,[1 1 0 0 0 1 0 0]
5,65,-1.0,[0 1 1 1 0 1 0 0]
5,66,-1.0,[0 1 0 1 0 1 1 0]
5,67,-1.0,[1 1 0 0 0 0 0 0]
5,68,-1.0,[1 0 1 0 1 0 0 1]
5,69,-1.0,[0 0 1 1 1 1 0 1]
5,70,-1.0,[0 1 1 0 1 0 1 0]
5,71,-1.0,[0 0 0 0 1 0 1 1]
5,72,-1.0,[0 1 1 1 1 0 1 0]
5,73,-1.0,[1 0 0 0 0 0 1 0]
5,74,-1.0,[1 1 0 0 1 0 1 0]
5,75,-1.0,[1 1 0 0 0 1 1 0]
5,76,-1.0,[1 1 0 0 0 1 0 1]
5,77,-1.0,[0 0 0 1 0 0 1 1]
5,78,-1.0,[0 1 1 1 1 1 0 0]
5,79,-1.0,[1 1 0 0 1 0 0 1]
5,80,-1.0,[1 0 1 0 0 0 0 1]
5,81,-1.0,[0 0 1 0 1 0 0 1]
5,82,-1.0,[0 0 0 1 0 0 0 0]
5,83,-1.0,[1 1 0 1 1 0 0 1]
5,84,-1.0,[1 0 1 0 0 1 0 0]
5,85,-1.0,[1 1 0 0 0 1 1 0]
5,86,-1.0,[0 1 1 0 0 1 0 1]
5,87,-1.0,[0 0 0 1 1 1 1 0]
5,88,-1.0,[1 1 1 1 0 1 1 1]
5,89,-1.0,[0 0 0 0 0 1 1 1]
5,90,-1.0,[0 0 1 1 1 0 1 1]
5,91,-1.0,[1 1 0 1 1 1 1 0]
5,92,-1.0,[0 1 1 1 0 0 1 1]
5,93,-1.0,[1 0 1 0 1 1 1 1]
5,94,-1.0,[1 0 0 0 0 1 0 0]
5,95,-1.0,[1 0 0 0 0 1 0 0]
5,96,-1.0,[1 0 1 0 1 0 0 0]
5,97,-1.0,[1 1 1 0 1 0 1 0]
5,98,-1.0,[0 1 1 1 1 1 1 0]
5,99,-1.0,[1 0 1 0 0 1 0 1]
5,100,-1.0,[0 0 0 0 0 1 0 1]
5,101,-1.0,[0 1 1 0 0 1 0 0]
5,102,-1.0,[1 0 0 1 0 1 1 0]
5,103,-1.0,[1 0 1 1 1 1 1 1]
5,104,-1.0,[0 1 1 1 0 1 0 0]
5,105,-1.0,[0 1 0 0 1 0 0 1]
5,106,-1.0,[1 0 1 1 0 1 0 0]
5,107,-1.0,[1 1 0 0 0 0 0 0]
5,108,-1.0,[0 1 0 0 1 1 0 0]
5,109,-1.0,[1 1 0 1 0 0 1 1]
5,110,-1.0,[1 0 0 0 0 0 0 1]
5,111,-1.0,[0 0 0 1 1 0 1 1]
5,112,-1.0,[1 1 0 0 0 1 0 0]
5,113,-1.0,[0 0 1 1 1 1 1 0]
5,114,-1.0,[0 0 0 1 0 1 0 0]
5,115,-1.0,[1 1 0 1 1 0 0 0]
5,116,-1.0,[0 0 1 1 1 0 1 1]
5,117,-1.0,[1 0 1 0 1 0 1 1]
5,118,-1.0,[1 0 1 0 0 0 1 1]
5,119,-1.0,[1 0 1 1 1 1 0 1]
5,120,-1.0,[0 0 0 0 1 1 0 1]
5,121,-1.0,[0 1 0 0 0 0 0 1]
5,122,-1.0,[1 1 0 1 1 1 1 1]
5,123,-1.0,[1 0 1 0 1 1 1 1]
5,124,-1.0,[0 1 1 0 0 1 1 1]
5,125,-1.0,[1 0 0 0 0 1 0 0]
5,126,-1.0,[1 0 1 0 0 1 0 0]
5,127,-1.0,[0 1 0 0 1 1 1 1]
5,128,-1.0,[0 0 0 0 0 0 0 1]
5,129,-1.0,[0 1 1 1 0 1 1 1]
5,130,-1.0,[1 0 0 1 0 1 1 1]
5,131,-1.0,[1 0 1 0 1 1 1 1]
5,132,-1.0,[0 0 1 0 1 0 0 1]
5,133,-1.0,[0 0 1 1 1 1 0 1]
5,134,-1.0,[1 0 0 1 0 0 1 0]
5,135,-1.0,[1 0 0 1 1 1 1 1]
5,136,-1.0,[0 0 0 1 0 0 1 1]
5,137,-1.0,[0 1 1 0 0 1 1 1]
5,138,-1.0,[0 1 1 0 1 0 0 1]
5,139,-1.0,[1 1 1 0 0 0 0 0]
5,140,-1.0,[1 0 1 0 0 0 0 1]
5,141,-1.0,[1 1 0 1 1 1 1 0]
5,142,-1.0,[1 1 0 1 1 0 1 1]
5,143,-1.0,[0 1 1 0 0 0 1 1]
5,144,-1.0,[1 0 0 1 1 0 1 0]
5,145,-1.0,[0 0 0 1 1 1 1 1]
5,146,-1.0,[0 0 0 1 1 0 1 1]
5,147,-1.0,[0 0 1 1 0 0 1 1]
5,148,-1.0,[0 1 0 0 0 0 1 1]
5,149,-1.0,[1 0 0 1 0 1 1 0]
5,150,-1.0,[0 1 0 1 1 1 0 0]
5,151,-1.0,[1 1 0 1 1 0 0 0]
5,152,-1.0,[1 0 1 0 1 0 0 0]
5,153,-1.0,[1 0 0 0 1 0 1 0]
5,154,-1.0,[1 0 1 0 0 0 0 0]
5,155,-1.0,[1 1 0 1 0 0 0 0]
5,156,-1.0,[1 1 0 1 0 0 1 0]
5,157,-1.0,[1 1 1 0 0 0 1 0]
5,158,-1.0,[0 0 0 0 0 0 1 1]
5,159,-1.0,[1 1 1 0 0 1 0 1]
5,160,-1.0,[0 0 0 0 0 1 1 1]
5,161,-1.0,[0 1 0 0 1 1 1 1]
5,162,-1.0,[1 1 0 0 0 0 1 1]
5,163,-1.0,[1 0 0 0 0 1 1 1]
5,164,-1.0,[0 1 1 0 1 1 1 0]
5,165,-1.0,[0 0 1 1 0 0 1 0]
5,166,-1.0,[0 0 1 1 0 0 1 1]
5,167,-1.0,[0 0 0 0 1 1 0 1]
5,168,-1.0,[0 1 1 1 0 0 1 1]
5,169,-1.0,[0 1 1 1 1 1 0 0]
5,170,-1.0,[0 0 1 1 0 1 1 1]
5,171,0.0,[0 0 0 0 0 0 0 0]
5,172,-1.0,[0 1 1 1 0 1 0 1]
5,173,-1.0,[1 1 1 0 0 1 0 0]
5,174,-1.0,[0 0 0 1 0 1 1 0]
5,175,-1.0,[0 1 1 0 0 1 1 0]
5,176,-1.0,[1 1 0 0 0 0 0 1]
5,177,-1.0,[1 0 0 0 1 0 0 1]
5,178,-1.0,[0 1 0 1 0 1 1 0]
5,179,-1.0,[1 1 1 0 0 1 1 0]
5,180,-1.0,[1 0 1 1 0 1 1 0]
5,181,-1.0,[0 1 1 1 0 0 1 1]
5,182,-1.0,[0 0 1 1 0 0 1 0]
5,183,-1.0,[1 0 1 1 1 1 0 0]
5,184,-1.0,[0 0 1 0 0 1 1 1]
5,185,-1.0,[1 0 1 0 1 0 1 0]
5,186,-1.0,[1 0 0 1 0 1 0 1]
5,187,-1.0,[1 0 0 1 0 1 1 0]
5,188,-1.0,[1 0 0 0 0 0 1 0]
5,189,-1.0,[1 1 1 0 1 1 0 1]
5,190,-1.0,[1 0 1 0 0 0 0 1]
5,191,-1.0,[1 1 0 1 1 1 0 0]
5,192,-1.0,[0 1 1 1 0 1 0 0]
5,193,-1.0,[1 0 1 0 1 0 1 0]
5,194,-1.0,[0 0 0 0 1 1 1 1]
5,195,-1.0,[1 1 1 1 0 0 0 0]
5,196,-1.0,[0 1 0 0 0 0 0 0]
5,197,-1.0,[1 1 0 1 1 0 1 0]
5,198,-1.0,[0 1 0 0 0 1 0 1]
5,199,-1.0,[0 1 1 0 1 0 0 1]
5,200,-1.0,[0 0 0 0 0 0 0 1]
5,201,-1.0,[0 0 0 0 1 1 0 1]
5,202,-1.0,[0 1 0 1 1 1 0 0]
5,203,-1.0,[1 0 0 1 0 1 0 0]
5,204,-1.0,[1 1 0 1 0 1 1 0]
5,205,-1.0,[0 1 1 1 1 0 1 0]
5,206,-1.0,[1 0 0 0 1 0 1 0]
5,207,-1.0,[1 0 0 0 1 0 1 0]
5,208,-1.0,[0 1 1 1 0 1 1 1]
5,209,-1.0,[1 0 1 1 1 1 0 0]
5,210,-1.0,[0 1 0 1 0 0 0 0]
5,211,-1.0,[0 0 1 1 0 1 1 1]
5,212,-1.0,[0 1 0 0 0 1 1 1]
5,213,-1.0,[1 0 1 1 1 1 0 1]
5,214,-1.0,[0 0 0 1 1 1 1 0]
5,215,-1.0,[1 0 0 0 0 1 0 1]
5,216,-1.0,[0 1 1 0 1 0 0 0]
5,217,-1.0,[1 1 1 0 0 1 1 0]
5,218,-1.0,[1 0 0 0 0 0 1 1]
5,219,-1.0,[0 1 1 1 0 1 1 1]
5,220,-1.0,[0 1 1 1 0 0 1 1]
5,221,-1.0,[1 1 0 1 0 1 1 1]
5,222,-1.0,[0 1 1 1 0 1 0 0]
5,223,-1.0,[1 1 1 1 0 0 0 1]
5,224,-1.0,[1 0 0 1 0 1 0 0]
5,225,-1.0,[0 1 0 0 1 0 1 0]
5,226,-1.0,[0 0 0 1 1 0 0 0]
5,227,-1.0,[0 1 0 0 1 0 1 0]
5,228,-1.0,[0 1 0 1 0 1 1 0]
5,229,-1.0,[1 1 0 0 0 0 1 0]
5,230,-1.0,[0 0 1 1 0 1 1 0]
5,231,-1.0,[1 0 0 0 0 1 0 1]
5,232,-1.0,[1 0 0 1 1 0 0 1]
5,233,-1.0,[0 1 1 1 1 1 0 1]
5,234,-1.0,[1 0 0 0 1 0 0 1]
5,235,-1.0,[1 0 0 0 1 1 1 1]
5,236,-1.0,[0 1 1 1 1 0 1 0]
5,237,-1.0,[0 1 0 1 0 1 0 0]
5,238,-1.0,[1 0 0 1 0 1 0 0]
5,239,-1.0,[0 0 0 1 0 0 0 1]
5,240,-1.0,[0 1 1 0 0 1 1 1]
5,241,-1.0,[1 0 0 1 1 0 0 0]
5,242,-1.0,[0 1 1 0 0 1 0 0]
5,243,-1.0,[1 0 0 0 0 0 1 1]
5,244,-1.0,[1 0 1 0 1 0 0 1]
5,245,-1.0,[0 1 1 0 0 1 1 1]
5,246,-1.0,[0 0 1 0 1 0 0 1]
5,247,-1.0,[1 0 1 0 0 0 0 1]
5,248,-1.0,[0 1 1 1 1 0 1 0]
5,249,-1.0,[0 0 0 0 1 0 0 1]
5,250,-1.0,[1 0 1 1 1 0 0 1]
5,251,-1.0,[0 0 1 0 0 1 0 1]
5,252,-1.0,[0 0 1 0 1 0 1 0]
5,253,-1.0,[0 1 1 1 1 1 1 0]
5,254,-1.0,[0 0 1 0 0 1 1 1]
5,255,-1.0,[0 0 1 1 1 1 1 0]
5,256,-1.0,[1 1 0 1 1 1 1 1]
5,257,-1.0,[0 0 0 1 1 1 1 0]
5,258,-1.0,[1 1 1 1 1 0 1 1]
5,259,-1.0,[0 0 0 0 1 1 0 1]
5,260,-1.0,[1 0 1 0 0 1 0 1]
5,261,-1.0,[0 1 1 1 0 1 0 1]
5,262,-1.0,[1 0 0 0 0 0 0 0]
5,263,-1.0,[0 0 0 1 1 1 0 0]
5,264,-1.0,[0 1 1 0 0 1 0 1]
5,265,-1.0,[0 1 0 0 1 1 0 0]
5,266,-1.0,[1 1 0 1 0 0 1 1]
5,267,-1.0,[1 0 1 1 1 1 1 1]
5,268,-1.0,[0 0 1 1 1 1 0 0]
5,269,-1.0,[0 1 0 0 0 0 0 1]
5,270,-1.0,[1 0 1 0 0 0 0 0]
5,271,-1.0,[0 1 0 0 0 1 0 0]
5,272,-1.0,[1 0 0 1 0 1 0 0]
5,273,-1.0,[0 0 0 0 1 1 0 1]
5,274,-1.0,[0 0 1 1 1 0 1 0]
5,275,-1.0,[0 1 1 0 1 1 1 1]
5,276,-1.0,[0 1 1 1 1 1 0 1]
5,277,-1.0,[0 0 1 1 0 1 1 1]
5,278,-1.0,[0 1 0 0 0 0 1 0]
5,279,-1.0,[0 1 1 0 0 1 1 0]
5,280,-1.0,[1 0 1 0 1 0 1 0]
5,281,-1.0,[0 1 0 0 1 0 1 1]
5,282,-1.0,[1 0 0 0 0 1 1 1]
5,283,-1.0,[0 0 0 0 0 1 1 0]
5,284,-1.0,[0 1 0 1 1 1 0 1]
5,285,-1.0,[0 1 0 0 0 1 1 0]
5,286,-1.0,[0 1 0 0 1 0 1 1]
5,287,-1.0,[0 1 0 1 0 0 1 1]
5,288,-1.0,[1 1 1 0 1 0 0 0]
5,289,-1.0,[0 1 0 0 0 0 1 0]
5,290,-1.0,[1 0 0 1 1 1 0 0]
5,291,-1.0,[0 1 0 1 1 1 1 0]
5,292,-1.0,[1 1 0 1 0 0 0 0]
5,293,-1.0,[1 1 1 0 0 1 1 0]
5,294,-1.0,[0 0 1 1 1 1 1 1]
5,295,-1.0,[0 1 1 0 0 1 1 1]
5,296,-1.0,[1 0 0 1 0 1 0 1]
5,297,-1.0,[0 0 1 0 0 0 1 0]
5,298,-1.0,[1 1 1 0 0 0 1 1]
5,299,108.00000000000006,[0 0 0 0 1 0 1 1]
6,0,-1.0,[0 0 0 1 1 0 0 0]
6,1,-1.0,[1 0 1 1 1 0 0 1]
6,2,-1.0,[1 1 0 1 0 1 0 1]
6,3,-1.0,[0 1 1 0 0 1 1 0]
6,4,-1.0,[1 1 0 0 0 1 0 1]
6,5,-1.0,[1 0 0 0 0 1 0 1]
6,6,-1.0,[0 1 0 0 1 0 0 1]
6,7,-1.0,[0 0 0 0 0 1 0 1]
6,8,-1.0,[0 0 1 1 0 1 0 0]
6,9,-1.0,[0 0 1 0 1 1 1 0]
6,10,-1.0,[1 0 1 0 0 1 0 1]
6,11,-1.0,[1 0 0 1 0 1 1 1]
6,12,-1.0,[0 0 1 1 1 1 1 0]
6,13,-1.0,[0 0 0 0 1 1 1 1]
6,14,-1.0,[1 1 1 0 0 1 1 0]
6,15,-1.0,[1 0 1 1 0 0 0 1]
6,16,-1.0,[0 0 0 0 1 0 0 0]
6,17,-1.0,[0 0 1 1 0 0 1 0]
6,18,-1.0,[0 0 0 0 0 1 1 0]
6,19,-1.0,[1 1 0 1 0 0 0 0]
6,20,-1.0,[0 1 0 1 1 1 1 1]
6,21,-1.0,[1 1 0 1 1 1 0 0]
6,22,-1.0,[0 0 0 1 1 1 1 0]
6,23,-1.0,[1 0 1 1 0 0 1 0]
6,24,-1.0,[0 1 0 0 1 1 1 1]
6,25,-1.0,[0 1 0 1 0 0 1 1]
6,26,-1.0,[1 1 1 1 0 0 1 0]
6,27,-1.0,[0 0 0 0 0 1 1 1]
6,28,-1.0,[0 0 1 0 0 1 1 1]
6,29,-1.0,[1 1 1 1 1 0 1 0]
6,30,-1.0,[1 1 0 1 0 0 1 1]
6,31,-1.0,[0 1 1 0 0 0 1 1]
6,32,-1.0,[1 0 1 0 1 0 1 1]
6,33,-1.0,[0 0 1 1 1 1 1 1]
6,34,-1.0,[1 0 1 1 1 1 0 1]
6,35,-1.0,[0 1 0 0 0 0 1 1]
6,36,-1.0,[0 0 0 1 1 0 0 0]
6,37,-1.0,[0 1 1 0 0 1 1 1]
6,38,-1.0,[1 0 1 1 0 0 0 0]
6,39,-1.0,[1 1 1 0 1 0 0 0]
6,40,-1.0,[0 1 0 0 1 0 0 0]
6,41,-1.0,[0 0 1 0 0 1 0 0]
6,42,-1.0,[0 1 1 0 1 1 1 0]
6,43,-1.0,[1 1 0 0 0 0 1 0]
6,44,-1.0,[1 1 0 1 1 0 1 0]
6,45,-1.0,[0 0 1 0 1 0 1 1]
6,46,-1.0,[1 1 1 0 0 1 1 0]
6,47,-1.0,[0 1 1 1 1 1 1 0]
6,48,-1.0,[0 0 0 1 1 1 1 1]
6,49,-1.0,[1 0 1 1 0 1 0 0]
6,50,-1.0,[0 0 1 1 1 1 1 1]
6,51,-1.0,[1 1 0 0 0 1 1 0]
6,52,-1.0,[1 0 1 1 1 1 0 1]
6,53,-1.0,[0 0 1 1 0 1 1 1]
6,54,-1.0,[1 0 0 1 1 0 1 0]
6,55,-1.0,[0 0 0 1 1 0 1 1]
6,56,-1.0,[0 0 1 1 1 0 1 0]
6,57,-1.0,[1 0 0 0 0 1 0 0]
6,58,-1.0,[0 0 0 0 1 0 1 0]
6,59,-1.0,[0 0 0 0 0 1 1 0]
6,60,-1.0,[1 0 0 0 1 0 0 1]
6,61,-1.0,[0 1 0 0 0 0 0 0]
6,62,-1.0,[0 1 0 1 1 1 1 0]
6,63,-1.0,[1 1 0 1 0 0 0 1]
6,64,-1.0,[0 1 1 1 0 1 1 1]
6,65,-1.0,[0 0 1 0 0 1 1 1]
6,66,-1.0,[1 0 1 0 0 1 1 1]
6,67,-1.0,[1 0 1 1 0 1 0 0]
6,68,-1.0,[0 0 0 1 1 1 1 0]
6,69,-1.0,[0 0 0 0 1 1 1 1]
6,70,-1.0,[1 0 1 0 0 0 1 1]
6,71,-1.0,[1 0 0 1 1 1 0 1]
6,72,-1.0,[0 1 0 0 1 1 0 0]
6,73,-1.0,[1 1 0 1 1 0 1 0]
6,74,-1.0,[1 1 0 0 1 0 0 0]
6,75,-1.0,[0 1 1 1 0 1 0 0]
6,76,-1.0,[1 1 0 1 1 1 0 0]
6,77,-1.0,[0 0 0 0 1 1 1 1]
6,78,-1.0,[0 1 1 0 1 1 1 1]
6,79,-1.0,[1 0 1 1 0 0 1 1]
6,80,-1.0,[1 1 1 1 1 1 1 0]
6,81,-1.0,[0 1 1 1 0 0 1 1]
6,82,-1.0,[0 1 0 1 0 0 1 1]
6,83,-1.0,[1 1 1 0 1 0 0 0]
6,84,-1.0,[0 1 0 1 1 1 0 1]
6,85,-1.0,[0 1 0 1 0 1 1 1]
6,86,-1.0,[0 0 0 0 1 1 1 1]
6,87,-1.0,[0 0 1 1 1 1 0 0]
6,88,-1.0,[1 1 1 0 0 1 1 0]
6,89,-1.0,[1 1 0 1 0 0 0 1]
6,90,-1.0,[1 0 1 1 0 1 1 0]
6,91,-1.0,[1 1 0 0 0 1 0 1]
6,92,-1.0,[1 1 0 1 1 0 0 0]
6,93,-1.0,[1 0 1 0 1 0 0 1]
6,94,-1.0,[1 1 0 1 0 1 1 0]
6,95,-1.0,[0 0 0 1 0 1 1 1]
6,96,-1.0,[0 1 0 0 0 1 1 1]
6,97,-1.0,[1 0 1 1 0 1 1 1]
6,98,-1.0,[1 0 1 1 1 1 0 1]
6,99,-1.0,[0 0 1 0 0 1 1 0]
6,100,-1.0,[0 0 1 0 0 0 0 0]
6,101,-1.0,[0 0 0 0 0 0 1 0]
6,102,-1.0,[1 1 0 1 1 1 0 0]
6,103,-1.0,[1 0 0 1 1 1 0 0]
6,104,-1.0,[1 1 0 0 0 0 0 1]
6,105,-1.0,[1 1 1 1 1 0 1 0]
6,106,-1.0,[1 1 0 0 1 1 0 1]
6,107,-1.0,[1 0 1 0 1 1 1 1]
6,108,-1.0,[1 1 1 0 1 0 1 1]
6,109,-1.0,[0 1 1 1 0 0 1 1]
6,110,-1.0,[0 1 0 0 1 0 0 1]
6,111,-1.0,[0 1 1 0 1 0 0 0]
6,112,-1.0,[0 0 0 1 0 0 1 1]
6,113,-1.0,[0 0 1 1 1 0 1 1]
6,114,-1.0,[0 0 1 1 0 1 1 1]
6,115,-1.0,[0 0 1 0 1 1 1 0]
6,116,-1.0,[0 0 1 1 0 1 1 1]
6,117,-1.0,[0 1 1 0 1 1 1 1]
6,118,-1.0,[1 0 0 1 1 1 0 1]
6,119,-1.0,[0 1 1 0 1 1 0 1]
6,120,-1.0,[1 0 1 1 0 1 1 1]
6,121,-1.0,[0 1 0 0 1 0 0 1]
6,122,-1.0,[0 1 1 1 0 1 1 1]
6,123,-1.0,[0 0 1 1 0 0 0 0]
6,124,-1.0,[0 1 1 1 0 1 1 1]
6,125,-1.0,[0 1 0 0 1 0 1 0]
6,126,-1.0,[1 0 1 0 0 0 0 0]
6,127,-1.0,[1 1 0 0 0 0 0 0]
6,128,-1.0,[1 0 1 0 1 0 1 0]
6,129,-1.0,[1 1 1 1 0 0 0 0]
6,130,-1.0,[1 1 1 1 0 1 0 0]
6,131,-1.0,[1 1 0 0 0 0 0 0]
6,132,-1.0,[0 0 1 0 1 1 1 0]
6,133,-1.0,[0 0 0 1 0 0 1 1]
6,134,-1.0,[0 0 1 0 1 1 1 1]
6,135,-1.0,[0 1 0 1 1 0 0 1]
6,136,-1.0,[0 1 0 1 0 1 1 0]
6,137,-1.0,[1 0 0 1 0 1 0 1]
6,138,-1.0,[0 1 1 0 1 0 1 1]
6,139,-1.0,[0 1 1 1 1 1 1 0]
6,140,-1.0,[0 0 0 1 1 1 1 1]
6,141,-1.0,[0 0 1 0 0 0 0 1]
6,142,-1.0,[1 1 0 1 1 0 1 0]
6,143,-1.0,[1 1 1 0 1 0 1 0]
6,144,-1.0,[1 1 0 0 0 1 1 1]
6,145,-1.0,[0 0 0 1 1 1 1 0]
6,146,-1.0,[0 0 0 1 1 1 1 1]
6,147,-1.0,[0 0 1 0 1 1 1 1]
6,148,-1.0,[0 0 0 0 0 1 1 1]
6,149,-1.0,[1 1 1 1 1 0 0 1]
6,150,-1.0,[1 0 0 0 0 1 1 0]
6,151,-1.0,[1 0 1 0 1 0 0 0]
6,152,-1.0,[1 1 1 1 1 0 0 1]
6,153,-1.0,[0 1 1 1 0 1 0 0]
6,154,-1.0,[0 1 1 0 1 1 0 1]
6,155,-1.0,[0 0 1 1 0 1 1 1]
6,156,-1.0,[1 0 0 1 0 0 0 1]
6,157,-1.0,[0 0 1 1 1 1 1 1]
6,158,-1.0,[0 1 0 1 0 1 1 1]
6,159,-1.0,[0 0 0 0 0 0 1 0]
6,160,-1.0,[0 0 0 0 1 0 1 1]
6,161,-1.0,[1 0 0 0 1 1 1 1]
6,162,-1.0,[1 0 0 1 1 1 1 1]
6,163,-1.0,[1 1 1 0 1 1 0 0]
6,164,-1.0,[0 1 1 1 1 1 0 0]
6,165,-1.0,[0 0 1 1 0 1 1 1]
6,166,-1.0,[1 0 0 1 0 1 1 1]
6,167,-1.0,[1 1 1 1 1 0 0 0]
6,168,-1.0,[1 0 1 1 1 1 0 0]
6,169,-1.0,[0 1 0 1 1 0 0 1]
6,170,-1.0,[0 1 0 0 1 0 1 0]
6,171,-1.0,[0 1 0 0 0 1 1 1]
6,172,-1.0,[0 1 1 0 1 0 0 1]
6,173,-1.0,[1 1 1 1 1 0 0 0]
6,174,-1.0,[0 1 1 0 0 0 1 1]
6,175,-1.0,[0 1 0 0 0 0 0 0]
6,176,-1.0,[0 1 0 1 1 0 1 0]
6,177,-1.0,[1 1 1 1 0 0 0 0]
6,178,-1.0,[0 0 0 0 1 0 0 1]
6,179,-1.0,[1 1 1 1 0 1 1 1]
6,180,-1.0,[0 0 0 0 1 1 1 1]
6,181,-1.0,[1 1 0 0 0 1 1 0]
6,182,-1.0,[0 1 0 0 0 0 0 1]
6,183,-1.0,[0 1 0 1 0 1 1 0]
6,184,-1.0,[1 1 1 1 1 0 0 0]
6,185,-1.0,[0 0 1 0 1 1 0 0]
6,186,-1.0,[0 1 1 0 0 1 1 0]
6,187,-1.0,[0 1 0 0 0 1 1 1]
6,188,-1.0,[0 0 0 0 1 0 0 0]
6,189,-1.0,[0 0 1 1 0 1 1 0]
6,190,-1.0,[1 1 0 0 0 0 1 1]
6,191,-1.0,[0 1 1 1 1 1 0 1]
6,192,-1.0,[1 1 0 1 1 1 1 1]
6,193,-1.0,[0 1 1 0 0 1 0 1]
6,194,-1.0,[0 1 0 0 0 1 0 1]
6,195,-1.0,[1 0 1 0 0 1 1 0]
6,196,-1.0,[1 1 1 0 1 0 1 0]
6,197,-1.0,[0 0 1 1 1 0 1 0]
6,198,-1.0,[1 1 1 1 1 0 0 1]
6,199,-1.0,[0 0 0 1 1 0 0 0]
6,200,-1.0,[1 0 1 1 1 0 0 1]
6,201,-1.0,[1 1 0 0 0 1 0 0]
6,202,-1.0,[0 1 0 0 1 0 0 1]
6,203,-1.0,[1 0 0 1 1 0 0 1]
6,204,-1.0,[0 0 0 1 0 0 1 0]
6,205,-1.0,[1 1 0 0 0 1 0 0]
6,206,-1.0,[1 1 1 0 1 0 0 0]
6,207,-1.0,[1 0 1 0 1 1 0 0]
6,208,-1.0,[1 1 1 1 0 1 0 0]
6,209,-1.0,[0 1 0 0 0 0 0 1]
6,210,-1.0,[1 0 1 0 0 0 0 1]
6,211,-1.0,[0 1 0 0 1 1 0 1]
6,212,-1.0,[1 1 1 0 0 0 0 0]
6,213,-1.0,[0 1 1 1 0 0 1 0]
6,214,-1.0,[1 1 1 0 0 1 1 0]
6,215,-1.0,[0 0 1 1 0 0 1 0]
6,216,-1.0,[0 1 1 0 1 1 1 1]
6,217,-1.0,[0 0 1 1 1 1 1 1]
6,218,-1.0,[1 0 1 0 0 0 1 1]
6,219,-1.0,[0 0 1 0 1 0 1 0]
6,220,-1.0,[1 0 1 0 0 1 0 1]
6,221,-1.0,[0 1 0 0 0 1 0 1]
6,222,-1.0,[1 0 0 0 0 0 0 1]
6,223,-1.0,[0 1 0 0 1 0 1 1]
6,224,-1.0,[1 1 0 1 0 0 1 1]
6,225,-1.0,[1 0 1 0 0 0 1 1]
6,226,-1.0,[0 1 1 0 1 1 0 0]
6,227,-1.0,[0 0 1 1 0 0 0 0]
6,228,-1.0,[0 1 1 0 1 1 0 0]
6,229,-1.0,[0 0 0 0 1 0 0 1]
6,230,-1.0,[0 1 1 0 0 0 1 0]
6,231,-1.0,[0 0 0 1 1 0 1 0]
6,232,-1.0,[1 1 1 0 0 0 1 0]
6,233,-1.0,[0 1 0 1 1 1 0 1]
6,234,-1.0,[1 1 1 0 0 0 0 0]
6,235,-1.0,[1 0 1 1 0 0 0 1]
6,236,-1.0,[0 0 0 0 0 0 1 1]
6,237,-1.0,[0 0 1 0 1 0 0 0]
6,238,-1.0,[0 0 1 0 1 0 0 0]
6,239,-1.0,[0 0 0 1 1 1 1 0]
6,240,-1.0,[1 0 1 0 0 0 0 0]
6,241,-1.0,[0 1 1 1 1 1 0 0]
6,242,-1.0,[0 1 1 1 1 1 1 0]
6,243,-1.0,[0 0 1 1 0 1 1 1]
6,244,-1.0,[1 1 1 1 1 1 1 0]
6,245,-1.0,[1 1 0 1 0 0 1 1]
6,246,-1.0,[0 1 0 0 0 1 0 0]
6,247,-1.0,[1 0 1 0 1 0 0 1]
6,248,-1.0,[0 1 0 1 0 0 1 0]
6,249,-1.0,[0 0 0 0 0 1 0 1]
6,250,-1.0,[0 0 0 0 1 0 0 1]
6,251,0.0,[0 0 0 0 0 0 0 0]
6,252,-1.0,[1 0 0 0 1 0 1 1]
6,253,-1.0,[0 1 1 1 0 0 1 1]
6,254,-1.0,[0 1 1 0 1 1 1 1]
6,255,-1.0,[0 1 0 1 0 1 1 0]
6,256,-1.0,[0 0 1 1 1 1 1 1]
6,257,-1.0,[0 0 0 1 1 0 1 1]
6,258,-1.0,[0 0 1 0 1 1 1 0]
6,259,-1.0,[0 0 0 1 0 1 0 0]
6,260,-1.0,[0 1 1 1 0 1 0 0]
6,261,-1.0,[0 0 1 1 1 1 1 0]
6,262,-1.0,[1 1 1 1 0 0 0 0]
6,263,-1.0,[0 1 0 0 1 1 0 1]
6,264,-1.0,[0 1 0 1 1 1 1 1]
6,265,-1.0,[0 0 1 1 0 1 1 1]
6,266,-1.0,[0 0 1 0 0 0 0 1]
6,267,-1.0,[1 1 1 0 0 0 1 1]
6,268,-1.0,[1 0 0 1 1 1 1 0]
6,269,0.0,[0 0 0 0 0 0 0 0]
6,270,-1.0,[0 1 1 1 0 0 1 0]
6,271,-1.0,[0 1 0 1 1 1 0 0]
6,272,-1.0,[0 1 0 0 1 0 0 1]
6,273,-1.0,[1 1 0 0 0 0 1 0]
6,274,-1.0,[1 0 0 1 0 1 1 1]
6,275,-1.0,[1 0 0 1 0 0 1 0]
6,276,-1.0,[0 1 0 0 1 0 1 0]
6,277,-1.0,[0 0 1 1 0 1 1 1]
6,278,-1.0,[1 0 1 1 1 0 1 1]
6,279,-1.0,[0 0 1 0 0 0 1 0]
6,280,-1.0,[1 0 0 0 0 1 1 1]
6,281,-1.0,[1 0 1 0 0 1 0 0]
6,282,-1.0,[1 1 1 1 0 0 1 0]
6,283,-1.0,[0 1 0 0 1 0 1 1]
6,284,-1.0,[0 0 0 1 0 0 1 0]
6,285,-1.0,[0 1 1 0 0 0 0 0]
6,286,-1.0,[1 1 1 0 0 1 0 1]
6,287,-1.0,[0 1 1 0 0 1 0 0]
6,288,-1.0,[0 0 0 1 0 0 0 0]
6,289,-1.0,[0 1 0 1 1 1 1 1]
6,290,-1.0,[0 1 1 1 1 1 0 1]
6,291,-1.0,[0 1 0 0 1 0 1 1]
6,292,-1.0,[0 1 0 1 0 1 1 1]
6,293,-1.0,[0 1 1 0 1 0 0 0]
6,294,-1.0,[1 1 1 0 0 1 1 0]
6,295,-1.0,[1 1 1 1 1 0 0 1]
6,296,-1.0,[1 1 0 0 0 1 1 0]
6,297,-1.0,[0 0 0 0 0 1 1 0]
6,298,-1.0,[0 0 1 1 0 0 1 1]
6,299,207.0,[0 0 1 0 0 0 0 1]
7,0,-1.0,[1 0 0 0 1 0 1 1]
7,1,-1.0,[1 1 0 1 1 1 0 1]
7,2,-1.0,[0 1 1 0 0 0 1 1]
7,3,-1.0,[1 1 1 0 1 0 1 0]
7,4,-1.0,[1 0 1 1 0 0 1 1]
7,5,-1.0,[1 1 0 0 0 0 1 0]
7,6,-1.0,[0 0 1 0 1 0 1 1]
7,7,-1.0,[1 1 1 0 1 0 0 1]
7,8,-1.0,[0 1 1 0 0 1 1 0]
7,9,-1.0,[1 0 1 0 0 1 0 1]
7,10,-1.0,[1 0 0 0 0 0 1 0]
7,11,-1.0,[0 0 1 0 0 1 0 1]
7,12,-1.0,[1 1 0 1 1 0 1 1]
7,13,-1.0,[0 1 1 1 0 0 0 0]
7,14,-1.0,[1 0 0 1 0 0 0 1]
7,15,-1.0,[0 0 0 1 0 0 0 1]
7,16,-1.0,[1 0 1 1 0 1 1 0]
7,17,-1.0,[0 1 0 0 1 1 1 0]
7,18,-1.0,[1 0 0 1 0 0 1 0]
7,19,-1.0,[0 1 1 1 1 0 1 1]
7,20,-1.0,[1 0 0 1 1 0 1 1]
7,21,-1.0,[1 0 1 1 1 0 1 0]
7,22,-1.0,[0 0 0 1 1 1 0 1]
7,23,-1.0,[0 1 1 1 0 1 0 1]
7,24,-1.0,[1 0 0 0 1 1 0 1]
7,25,-1.0,[0 1 0 0 0 0 0 1]
7,26,-1.0,[0 1 1 0 1 0 1 0]
7,27,-1.0,[0 1 1 0 0 1 0 1]
7,28,-1.0,[1 1 1 1 1 1 0 1]
7,29,-1.0,[1 0 0 0 0 1 1 0]
7,30,-1.0,[1 0 1 1 1 1 0 1]
7,31,-1.0,[1 0 1 0 0 1 1 0]
7,32,-1.0,[1 0 0 0 1 1 0 0]
7,33,-1.0,[0 1 1 1 0 1 0 0]
7,34,-1.0,[1 0 0 1 0 0 1 0]
7,35,-1.0,[0 0 1 1 0 0 0 0]
7,36,-1.0,[0 0 1 0 0 0 0 1]
7,37,-1.0,[0 0 0 0 1 0 0 1]
7,38,-1.0,[0 1 1 0 1 1 1 1]
7,39,-1.0,[1 0 0 0 1 0 1 0]
7,40,-1.0,[0 1 0 1 1 0 0 1]
7,41,-1.0,[0 0 0 0 1 1 0 1]
7,42,-1.0,[0 0 0 0 1 1 1 1]
7,43,-1.0,[1 0 0 0 1 1 0 0]
7,44,-1.0,[0 1 0 0 1 0 0 1]
7,45,-1.0,[1 0 0 0 0 0 1 1]
7,46,-1.0,[0 0 0 0 1 0 0 1]
7,47,-1.0,[0 0 1 1 0 1 1 0]
7,48,-1.0,[0 1 0 1 1 0 1 0]
7,49,-1.0,[1 0 0 0 1 0 1 0]
7,50,-1.0,[1 1 1 0 1 0 1 1]
7,51,-1.0,[1 1 0 0 0 0 1 1]
7,52,-1.0,[0 1 1 0 0 1 1 1]
7,53,-1.0,[0 0 0 1 0 1 1 1]
7,54,-1.0,[0 0 1 1 0 1 0 0]
7,55,-1.0,[1 0 1 0 0 0 0 1]
7,56,-1.0,[0 1 0 0 0 1 1 1]
7,57,-1.0,[1 1 1 1 1 0 1 0]
7,58,-1.0,[0 1 1 0 1 1 1 0]
7,59,-1.0,[1 1 0 1 1 1 1 1]
7,60,-1.0,[1 0 1 1 0 0 1 1]
7,61,-1.0,[0 0 1 0 0 0 0 0]
7,62,-1.0,[1 0 0 0 1 0 0 1]
7,63,-1.0,[0 1 0 1 1 1 1 0]
7,64,-1.0,[0 1 0 1 1 1 0 0]
7,65,-1.0,[1 1 1 0 0 0 1 1]
7,66,-1.0,[0 1 0 1 1 1 0 1]
7,67,-1.0,[1 0 1 1 0 0 0 1]
7,68,-1.0,[1 1 1 1 1 0 0 1]
7,69,-1.0,[0 1 0 1 1 0 0 0]
7,70,-1.0,[0 1 0 0 0 1 1 1]
7,71,-1.0,[0 0 1 1 0 0 1 0]
7,72,-1.0,[1 0 1 0 0 1 1 1]
7,73,-1.0,[1 1 0 1 0 1 1 1]
7,74,-1.0,[1 0 1 1 1 1 1 1]
7,75,-1.0,[0 1 1 1 0 1 0 0]
7,76,-1.0,[0 0 0 0 1 0 1 0]
7,77,-1.0,[1 0 1 0 1 1 0 0]
7,78,-1.0,[0 1 1 1 0 1 1 1]
7,79,-1.0,[1 1 1 1 1 1 0 0]
7,80,-1.0,[1 0 1 1 0 0 0 0]
7,81,-1.0,[0 0 1 1 0 1 1 1]
7,82,-1.0,[1 1 1 0 1 0 1 0]
7,83,-1.0,[0 0 0 1 0 0 1 1]
7,84,-1.0,[1 0 1 0 0 1 0 1]
7,85,-1.0,[0 0 0 1 0 1 0 0]
7,86,-1.0,[0 1 1 0 0 1 0 1]
7,87,-1.0,[0 0 1 0 0 0 1 0]
7,88,-1.0,[0 1 0 0 1 0 1 0]
7,89,-1.0,[1 0 1 0 1 0 0 0]
7,90,-1.0,[0 1 1 1 1 1 1 1]
7,91,-1.0,[0 1 0 0 1 0 1 1]
7,92,-1.0,[1 1 1 0 0 1 1 0]
7,93,-1.0,[1 0 0 0 1 1 1 0]
7,94,-1.0,[1 0 1 0 1 1 1 1]
7,95,-1.0,[0 1 1 1 0 1 1 1]
7,96,-1.0,[1 1 1 1 0 1 0 1]
7,97,-1.0,[1 1 0 0 0 1 0 0]
7,98,-1.0,[1 0 1 0 0 0 0 1]
7,99,-1.0,[1 1 0 0 0 0 0 1]
7,100,-1.0,[0 1 1 0 0 0 1 1]
7,101,-1.0,[1 1 0 1 1 1 1 1]
7,102,-1.0,[1 1 1 1 0 0 0 0]
7,103,-1.0,[0 0 1 1 1 1 1 0]
7,104,-1.0,[0 1 0 0 0 0 1 1]
7,105,-1.0,[0 0 1 1 1 0 0 0]
7,106,-1.0,[0 1 1 1 0 1 1 1]
7,107,-1.0,[1 0 0 1 1 0 0 1]
7,108,-1.0,[1 0 0 1 0 0 1 0]
7,109,-1.0,[0 0 0 0 1 1 0 0]
7,110,-1.0,[0 0 1 1 0 0 1 1]
7,111,-1.0,[0 1 0 1 0 0 0 0]
7,112,-1.0,[1 0 0 0 0 0 1 1]
7,113,-1.0,[0 1 1 1 0 0 1 1]
7,114,-1.0,[0 1 0 1 1 0 0 1]
7,115,-1.0,[0 1 1 0 1 1 1 1]
7,116,-1.0,[1 0 1 1 0 1 0 1]
7,117,-1.0,[1 0 1 1 0 1 1 0]
7,118,-1.0,[1 0 1 0 1 0 1 0]
7,119,-1.0,[1 0 1 0 0 0 1 1]
7,120,0.0,[0 0 0 0 0 0 0 0]
7,121,-1.0,[0 1 1 0 1 0 1 0]
7,122,-1.0,[1 0 0 0 0 1 1 1]
7,123,-1.0,[1 1 0 1 1 1 0 0]
7,124,-1.0,[0 1 1 1 1 1 0 1]
7,125,-1.0,[1 0 0 1 0 0 0 0]
7,126,-1.0,[0 1 1 0 0 1 0 1]
7,127,-1.0,[0 1 0 0 0 1 1 1]
7,128,-1.0,[0 0 1 0 1 1 1 1]
7,129,-1.0,[0 1 1 0 0 0 0 0]
7,130,-1.0,[0 1 1 0 1 1 0 1]
7,131,-1.0,[1 1 0 0 1 1 0 1]
7,132,-1.0,[1 0 1 1 1 1 1 0]
7,133,-1.0,[0 0 1 1 0 0 0 0]
7,134,-1.0,[1 0 1 0 1 0 1 1]
7,135,-1.0,[0 1 0 0 0 1 0 1]
7,136,-1.0,[0 1 0 0 1 0 1 0]
7,137,-1.0,[0 0 1 0 1 1 0 0]
7,138,-1.0,[1 0 1 1 0 1 1 0]
7,139,-1.0,[0 1 0 0 0 1 0 0]
7,140,-1.0,[1 0 0 1 1 0 0 1]
7,141,-1.0,[0 1 0 1 0 1 1 1]
7,142,-1.0,[0 1 0 0 1 0 0 1]
7,143,-1.0,[0 1 0 1 1 0 1 0]
7,144,-1.0,[1 1 1 0 0 0 1 0]
7,145,-1.0,[0 1 0 0 0 0 0 1]
7,146,-1.0,[0 0 1 0 0 0 1 0]
7,147,-1.0,[0 1 0 1 0 1 1 1]
7,148,-1.0,[0 0 0 0 1 0 0 0]
7,149,-1.0,[1 0 0 0 1 0 1 0]
7,150,-1.0,[0 1 0 0 1 1 0 1]
7,151,-1.0,[0 0 1 0 1 1 1 0]
7,152,-1.0,[1 0 1 1 1 1 0 0]
7,153,-1.0,[0 1 1 1 0 1 1 1]
7,154,-1.0,[0 1 0 0 0 1 1 1]
7,155,-1.0,[1 1 0 0 1 1 1 0]
7,156,-1.0,[0 1 1 1 0 0 1 1]
7,157,-1.0,[1 1 0 0 1 0 0 1]
7,158,-1.0,[1 0 1 1 1 0 0 1]
7,159,-1.0,[1 0 1 0 1 1 0 1]
7,160,-1.0,[0 0 0 0 1 0 0 1]
7,161,-1.0,[0 1 0 0 1 0 1 0]
7,162,-1.0,[0 1 1 1 1 0 1 0]
7,163,-1.0,[0 1 1 1 0 0 0 1]
7,164,-1.0,[0 0 1 1 0 1 1 1]
7,165,-1.0,[0 0 1 1 0 1 1 1]
7,166,-1.0,[1 1 0 0 0 0 1 0]
7,167,-1.0,[0 1 1 1 1 1 0 1]
7,168,-1.0,[0 0 0 0 1 1 1 0]
7,169,-1.0,[1 1 1 1 0 1 0 0]
7,170,-1.0,[0 0 1 0 1 0 0 0]
7,171,-1.0,[1 0 1 0 1 1 1 1]
7,172,-1.0,[1 0 0 1 1 1 0 0]
7,173,-1.0,[1 1 0 0 1 0 1 0]
7,174,-1.0,[0 0 0 1 0 0 1 0]
7,175,-1.0,[0 0 1 1 0 1 0 0]
7,176,-1.0,[1 0 1 0 1 0 0 1]
7,177,-1.0,[0 1 0 1 0 1 1 0]
7,178,-1.0,[0 0 1 1 0 0 0 0]
7,179,-1.0,[0 0 0 1 1 1 1 1]
7,180,-1.0,[0 1 1 1 0 0 0 1]
7,181,-1.0,[1 0 1 1 0 0 0 0]
7,182,-1.0,[1 1 0 1 1 0 1 0]
7,183,-1.0,[1 1 0 1 1 1 0 1]
7,184,-1.0,[0 0 1 0 0 0 0 1]
7,185,-1.0,[0 0 1 1 1 1 1 1]
7,186,-1.0,[0 1 0 1 0 1 0 0]
7,187,-1.0,[0 1 0 1 0 1 1 1]
7,188,-1.0,[0 1 0 0 0 0 0 1]
7,189,-1.0,[1 0 0 1 0 1 0 0]
7,190,-1.0,[0 1 1 1 0 0 0 0]
7,191,-1.0,[0 0 1 1 0 0 1 0]
7,192,-1.0,[0 0 0 1 1 0 1 1]
7,193,-1.0,[1 0 1 1 0 1 0 1]
7,194,-1.0,[0 1 1 0 1 0 0 0]
7,195,-1.0,[0 1 1 0 1 0 0 1]
7,196,0.0,[0 0 0 0 0 0 0 0]
7,197,-1.0,[0 1 0 1 1 1 0 0]
7,198,-1.0,[0 0 1 1 0 1 1 1]
7,199,-1.0,[1 0 0 1 0 0 1 0]
7,200,-1.0,[0 0 1 1 1 0 0 0]
7,201,-1.0,[1 1 0 1 1 1 0 0]
7,202,-1.0,[0 1 1 1 0 1 0 1]
7,203,-1.0,[1 0 1 1 1 0 1 0]
7,204,-1.0,[1 0 0 0 0 1 1 0]
7,205,-1.0,[0 0 1 0 1 1 0 0]
7,206,-1.0,[1 0 1 0 0 1 1 0]
7,207,-1.0,[0 0 0 1 0 1 1 1]
7,208,-1.0,[1 0 0 1 1 1 1 0]
7,209,-1.0,[0 0 1 1 0 1 1 0]
7,210,-1.0,[0 1 1 0 1 1 0 0]
7,211,-1.0,[0 0 0 0 0 0 0 1]
7,212,-1.0,[0 0 1 1 0 1 1 1]
7,213,-1.0,[0 1 1 0 1 0 0 0]
7,214,-1.0,[0 1 1 0 1 0 1 1]
7,215,-1.0,[0 0 0 1 0 0 0 0]
7,216,-1.0,[1 1 1 1 0 1 1 1]
7,217,-1.0,[0 0 1 1 1 1 1 1]
7,218,-1.0,[1 0 0 1 1 1 1 1]
7,219,-1.0,[1 0 1 1 1 1 1 1]
7,220,-1.0,[1 0 1 0 0 0 0 1]
7,221,-1.0,[0 0 0 1 0 1 0 1]
7,222,-1.0,[1 1 1 0 0 0 0 1]
7,223,-1.0,[0 0 0 1 1 0 0 0]
7,224,-1.0,[1 0 0 0 1 1 1 1]
7,225,-1.0,[0 1 0 0 0 1 0 1]
7,226,-1.0,[1 0 1 0 0 0 1 1]
7,227,-1.0,[1 1 0 1 0 0 0 0]
7,228,-1.0,[0 1 1 1 0 0 1 0]
7,229,-1.0,[1 0 1 0 1 0 1 0]
7,230,-1.0,[1 1 0 1 1 0 0 0]
7,231,-1.0,[0 0 0 0 0 0 1 1]
7,232,-1.0,[0 1 0 1 0 0 1 0]
7,233,-1.0,[0 1 0 1 1 1 1 0]
7,234,-1.0,[1 1 0 1 0 0 0 1]
7,235,-1.0,[0 1 1 0 1 1 1 0]
7,236,-1.0,[1 1 1 1 1 0 1 1]
7,237,-1.0,[1 1 0 0 0 1 1 0]
7,238,-1.0,[0 1 0 1 0 0 1 0]
7,239,-1.0,[1 0 1 1 0 1 1 0]
7,240,-1.0,[0 0 0 1 1 1 1 1]
7,241,-1.0,[1 1 1 1 0 0 1 0]
7,242,-1.0,[1 0 0 0 0 0 1 0]
7,243,-1.0,[0 1 0 0 0 0 0 1]
7,244,-1.0,[0 0 1 1 0 0 1 1]
7,245,-1.0,[1 0 1 0 1 0 0 1]
7,246,-1.0,[1 1 1 0 0 1 0 1]
7,247,-1.0,[0 1 0 0 0 1 1 0]
7,248,-1.0,[0 1 0 0 0 1 1 0]
7,249,-1.0,[1 0 0 1 1 0 0 1]
7,250,-1.0,[0 1 0 1 1 1 0 1]
7,251,-1.0,[0 1 1 0 1 1 1 0]
7,252,-1.0,[1 0 0 1 1 1 0 1]
7,253,-1.0,[0 1 1 0 0 1 1 1]
7,254,-1.0,[0 1 1 1 0 1 0 1]
7,255,-1.0,[0 1 0 0 1 0 1 0]
7,256,-1.0,[0 0 0 0 0 0 1 1]
7,257,-1.0,[0 1 0 0 0 0 1 0]
7,258,-1.0,[0 1 0 0 1 0 0 1]
7,259,-1.0,[1 0 0 1 0 1 1 0]
7,260,-1.0,[1 0 1 0 1 0 0 0]
7,261,-1.0,[0 0 0 0 1 1 1 1]
7,262,-1.0,[1 1 0 1 0 0 0 0]
7,263,-1.0,[0 1 0 0 0 1 0 1]
7,264,-1.0,[0 1 1 1 1 0 1 0]
7,265,-1.0,[1 0 1 0 1 0 0 0]
7,266,-1.0,[0 1 0 1 1 1 1 0]
7,267,-1.0,[1 1 0 0 0 0 0 1]
7,268,-1.0,[0 0 0 0 1 0 1 1]
7,269,-1.0,[0 0 0 1 1 1 0 0]
7,270,-1.0,[1 0 1 1 1 1 1 1]
7,271,-1.0,[1 0 0 0 1 0 1 0]
7,272,-1.0,[1 0 1 1 0 0 0 0]
7,273,-1.0,[0 0 0 1 0 1 1 1]
7,274,-1.0,[1 0 1 1 1 1 0 1]
7,275,-1.0,[0 1 0 1 0 1 0 0]
7,276,-1.0,[0 1 0 1 1 0 0 1]
7,277,-1.0,[1 0 0 1 1 1 1 1]
7,278,-1.0,[0 0 1 1 0 1 1 0]
7,279,-1.0,[0 0 1 0 0 1 0 0]
7,280,-1.0,[1 1 0 0 0 1 0 1]
7,281,-1.0,[0 0 0 1 0 0 1 1]
7,282,-1.0,[0 1 1 0 1 0 1 0]
7,283,-1.0,[0 1 1 1 0 0 1 1]
7,284,-1.0,[0 1 0 1 0 1 0 1]
7,285,-1.0,[1 0 1 1 0 0 1 1]
7,286,-1.0,[0 0 1 0 0 1 0 1]
7,287,-1.0,[0 0 0 0 0 1 0 1]
7,288,-1.0,[0 1 0 1 1 1 0 1]
7,289,-1.0,[0 1 1 0 1 0 0 0]
7,290,-1.0,[0 0 1 1 1 1 1 0]
7,291,-1.0,[1 0 0 0 0 1 0 1]
7,292,-1.0,[0 0 1 1 1 1 1 1]
7,293,-1.0,[1 0 0 1 0 0 1 0]
7,294,-1.0,[1 0 1 0 1 0 0 1]
7,295,-1.0,[1 0 1 0 1 0 1 1]
7,296,-1.0,[0 1 0 0 0 1 1 0]
7,297,-1.0,[1 1 0 0 1 0 1 0]
7,298,-1.0,[0 1 0 0 0 1 1 1]
7,299,211.00000000000003,[1 1 0 1 1 1 0 0]
8,0,-1.0,[0 0 1 0 0 0 0 0]
8,1,-1.0,[1 0 0 1 0 0 1 1]
8,2,-1.0,[0 1 1 0 1 1 1 0]
8,3,-1.0,[0 0 1 1 0 1 0 1]
8,4,-1.0,[0 0 1 0 1 0 1 1]
8,5,-1.0,[0 1 1 0 0 1 1 0]
8,6,-1.0,[0 0 1 1 1 0 1 0]
8,7,-1.0,[1 1 0 1 1 1 1 0]
8,8,-1.0,[0 1 1 1 0 0 1 0]
8,9,-1.0,[1 0 0 0 0 1 0 0]
8,10,-1.0,[0 1 1 1 0 0 0 1]
8,11,-1.0,[1 1 1 1 1 0 1 0]
8,12,-1.0,[1 0 1 1 0 0 0 1]
8,13,-1.0,[1 0 1 1 1 1 0 0]
8,14,-1.0,[0 1 1 0 1 0 1 0]
8,15,-1.0,[0 0 0 1 1 0 0 1]
8,16,-1.0,[1 0 0 1 0 1 1 0]
8,17,-1.0,[1 1 1 0 0 1 0 1]
8,18,-1.0,[1 1 1 0 1 1 0 0]
8,19,-1.0,[1 0 0 0 1 1 0 1]
8,20,-1.0,[0 0 0 1 0 0 0 1]
8,21,-1.0,[1 1 1 1 0 0 1 1]
8,22,-1.0,[0 0 0 1 1 0 1 1]
8,23,-1.0,[1 1 0 0 1 0 1 0]
8,24,-1.0,[1 1 0 0 0 1 0 0]
8,25,-1.0,[0 1 0 1 0 0 0 1]
8,26,-1.0,[1 0 0 0 1 0 1 0]
8,27,-1.0,[1 1 0 1 1 0 1 0]
8,28,-1.0,[0 1 0 0 0 1 1 0]
8,29,-1.0,[0 0 1 1 1 0 1 1]
8,30,-1.0,[0 0 1 1 1 1 1 0]
8,31,-1.0,[1 1 0 1 0 0 0 1]
8,32,-1.0,[1 1 0 0 0 1 0 0]
8,33,-1.0,[1 1 1 1 0 1 0 1]
8,34,-1.0,[1 0 1 0 0 0 0 1]
8,35,-1.0,[1 0 0 1 0 0 0 0]
8,36,-1.0,[0 1 1 0 1 0 1 0]
8,37,-1.0,[1 0 1 0 1 1 0 0]
8,38,-1.0,[1 0 1 0 1 1 0 0]
8,39,-1.0,[0 1 0 0 1 1 1 1]
8,40,-1.0,[0 1 1 1 0 1 0 0]
8,41,-1.0,[1 1 1 1 0 1 0 0]
8,42,-1.0,[0 0 1 1 1 0 0 1]
8,43,-1.0,[1 1 1 0 1 1 1 1]
8,44,-1.0,[0 1 1 0 0 0 0 0]
8,45,-1.0,[1 0 1 0 0 1 1 0]
8,46,-1.0,[1 1 0 0 0 0 0 0]
8,47,-1.0,[0 0 0 0 1 0 0 1]
8,48,-1.0,[1 1 1 0 0 0 1 0]
8,49,-1.0,[0 1 0 0 0 0 0 1]
8,50,-1.0,[0 0 0 1 1 0 0 1]
8,51,-1.0,[1 1 0 0 0 1 0 1]
8,52,-1.0,[0 1 1 0 1 1 1 0]
8,53,-1.0,[1 0 1 1 1 0 0 0]
8,54,-1.0,[1 1 1 0 0 1 1 1]
8,55,-1.0,[1 1 1 1 0 1 0 1]
8,56,-1.0,[1 1 1 1 0 0 1 0]
8,57,-1.0,[1 0 1 1 1 1 1 1]
8,58,-1.0,[1 0 1 0 1 1 1 1]
8,59,-1.0,[1 0 1 1 1 1 0 0]
8,60,0.0,[0 0 0 0 0 0 0 0]
8,61,-1.0,[0 0 1 1 0 1 1 0]
8,62,-1.0,[0 1 1 0 1 1 0 0]
8,63,-1.0,[1 0 1 1 0 1 1 0]
8,64,-1.0,[0 1 0 1 0 0 1 1]
8,65,-1.0,[0 1 1 1 0 0 1 0]
8,66,-1.0,[0 0 1 0 0 0 0 0]
8,67,-1.0,[1 1 1 0 1 0 0 1]
8,68,-1.0,[1 0 0 0 1 1 1 0]
8,69,-1.0,[1 1 0 0 0 1 0 0]
8,70,-1.0,[0 0 0 1 1 0 0 0]
8,71,-1.0,[1 0 1 0 1 0 0 1]
8,72,-1.0,[1 0 0 1 1 1 0 1]
8,73,-1.0,[0 0 1 0 0 0 0 0]
8,74,-1.0,[1 1 1 1 1 0 1 1]
8,75,-1.0,[1 0 0 1 0 1 0 0]
8,76,-1.0,[1 1 0 0 0 1 0 1]
8,77,-1.0,[1 0 0 0 1 1 1 0]
8,78,-1.0,[0 1 0 1 0 0 1 1]
8,79,-1.0,[0 1 0 0 0 1 1 1]
8,80,-1.0,[0 1 1 0 1 1 1 1]
8,81,-1.0,[0 0 0 0 1 1 1 1]
8,82,-1.0,[0 1 1 0 0 0 1 1]
8,83,-1.0,[1 0 0 0 0 1 1 1]
8,84,-1.0,[0 1 1 1 1 0 1 1]
8,85,-1.0,[1 0 1 1 0 0 1 1]
8,86,-1.0,[0 0 0 0 1 1 1 0]
8,87,-1.0,[0 0 1 0 1 0 0 1]
8,88,-1.0,[1 0 1 0 0 0 0 0]
8,89,-1.0,[1 0 1 1 0 0 0 0]
8,90,-1.0,[1 1 0 1 0 1 1 0]
8,91,-1.0,[0 0 0 1 0 1 0 1]
8,92,-1.0,[1 0 1 0 1 0 1 1]
8,93,-1.0,[0 0 1 1 1 1 0 0]
8,94,-1.0,[0 0 0 0 1 0 0 1]
8,95,-1.0,[1 1 0 1 0 1 0 1]
8,96,-1.0,[0 1 1 0 1 1 0 1]
8,97,-1.0,[0 0 0 1 0 1 0 0]
8,98,-1.0,[1 1 1 0 0 0 0 0]
8,99,-1.0,[0 1 0 0 0 1 1 0]
8,100,-1.0,[1 1 0 1 1 0 1 1]
8,101,-1.0,[1 1 1 0 1 0 1 0]
8,102,-1.0,[1 1 0 0 1 0 1 0]
8,103,-1.0,[1 1 1 1 0 0 0 0]
8,104,-1.0,[1 1 0 1 1 1 0 1]
8,105,-1.0,[0 1 0 1 0 1 0 0]
8,106,-1.0,[1 0 1 0 0 0 0 0]
8,107,-1.0,[0 0 1 0 1 1 1 0]
8,108,-1.0,[1 0 0 0 1 1 1 1]
8,109,-1.0,[1 0 0 0 0 0 0 1]
8,110,-1.0,[0 1 0 0 0 0 1 0]
8,111,-1.0,[0 1 0 1 0 0 0 0]
8,112,-1.0,[1 0 1 0 0 1 1 0]
8,113,-1.0,[0 0 1 1 0 1 1 1]
8,114,-1.0,[0 0 0 0 0 0 1 1]
8,115,-1.0,[0 0 1 1 1 0 0 0]
8,116,-1.0,[0 0 1 0 1 1 1 0]
8,117,-1.0,[0 1 0 1 0 1 0 1]
8,118,-1.0,[1 0 0 0 0 0 0 1]
8,119,-1.0,[0 0 1 0 1 0 0 0]
8,120,-1.0,[0 1 1 0 1 0 1 0]
8,121,-1.0,[1 0 0 0 1 0 1 0]
8,122,-1.0,[1 1 1 1 0 1 0 1]
8,123,-1.0,[1 1 1 1 0 0 1 0]
8,124,-1.0,[0 1 1 0 1 1 0 0]
8,125,-1.0,[0 0 1 0 1 1 0 0]
8,126,-1.0,[0 0 1 0 0 0 0 1]
8,127,-1.0,[0 1 0 1 1 0 1 1]
8,128,-1.0,[0 1 0 1 0 1 1 1]
8,129,-1.0,[0 0 1 1 0 0 0 1]
8,130,-1.0,[1 1 1 0 1 0 0 0]
8,131,-1.0,[1 1 0 0 1 0 0 1]
8,132,-1.0,[1 0 1 0 0 0 0 1]
8,133,-1.0,[0 0 1 0 1 1 1 1]
8,134,-1.0,[1 0 1 1 1 0 0 0]
8,135,-1.0,[1 0 0 1 0 0 1 0]
8,136,-1.0,[1 0 0 0 0 1 1 0]
8,137,-1.0,[0 0 0 1 0 0 1 0]
8,138,-1.0,[0 1 0 0 0 1 1 1]
8,139,-1.0,[0 0 1 1 0 1 1 1]
8,140,-1.0,[1 1 1 1 0 0 0 1]
8,141,-1.0,[0 0 0 1 0 1 1 1]
8,142,-1.0,[0 1 0 0 1 0 0 1]
8,143,-1.0,[1 0 1 1 1 1 1 1]
8,144,-1.0,[1 1 0 0 0 1 0 1]
8,145,-1.0,[0 1 1 0 1 1 1 1]
8,146,-1.0,[0 0 1 1 0 1 1 1]
8,147,-1.0,[1 0 1 1 0 0 0 0]
8,148,-1.0,[0 1 0 0 0 1 1 1]
8,149,-1.0,[1 1 1 1 0 0 0 1]
8,150,-1.0,[1 0 0 0 1 0 0 1]
8,151,-1.0,[0 1 1 0 1 0 1 1]
8,152,-1.0,[1 1 0 1 1 0 0 1]
8,153,-1.0,[0 0 0 0 1 0 1 1]
8,154,-1.0,[0 0 1 0 1 0 0 1]
8,155,-1.0,[1 1 1 0 0 1 0 0]
8,156,-1.0,[0 0 0 1 0 1 1 0]
8,157,-1.0,[0 1 1 1 1 1 0 1]
8,158,-1.0,[0 0 1 0 0 0 0 1]
8,159,-1.0,[0 1 1 0 0 0 0 0]
8,160,-1.0,[1 0 1 0 1 0 0 0]
8,161,-1.0,[1 1 1 0 1 1 1 0]
8,162,-1.0,[0 1 0 1 0 1 0 0]
8,163,-1.0,[0 0 1 1 1 1 1 0]
8,164,-1.0,[0 1 1 0 0 1 1 0]
8,165,-1.0,[0 1 1 0 1 1 0 1]
8,166,-1.0,[1 0 1 1 0 0 0 0]
8,167,-1.0,[0 0 0 1 0 0 0 1]
8,168,-1.0,[1 0 1 1 0 1 1 0]
8,169,-1.0,[1 1 1 0 1 0 1 0]
8,170,-1.0,[1 0 1 0 1 1 0 1]
8,171,-1.0,[0 0 1 1 1 0 1 0]
8,172,-1.0,[0 1 0 0 1 1 0 1]
8,173,-1.0,[0 1 1 0 1 0 1 0]
8,174,-1.0,[1 1 1 0 1 0 1 0]
8,175,-1.0,[1 1 1 1 0 0 0 0]
8,176,-1.0,[0 1 0 0 0 0 1 1]
8,177,-1.0,[0 0 0 0 1 1 0 1]
8,178,-1.0,[0 1 0 1 1 0 0 0]
8,179,-1.0,[0 1 0 0 1 0 0 1]
8,180,-1.0,[1 0 1 1 0 0 0 0]
8,181,-1.0,[0 0 1 1 0 1 1 1]
8,182,-1.0,[0 0 0 0 1 1 0 0]
8,183,-1.0,[1 0 1 0 1 1 1 0]
8,184,-1.0,[0 0 1 1 0 0 0 1]
8,185,-1.0,[1 0 0 1 0 1 0 1]
8,186,-1.0,[1 1 0 1 1 0 1 1]
8,187,-1.0,[1 1 1 0 1 1 0 1]
8,188,-1.0,[0 1 1 0 0 0 0 0]
8,189,-1.0,[1 0 0 1 1 1 0 0]
8,190,-1.0,[1 0 1 0 0 0 1 1]
8,191,-1.0,[1 1 1 1 0 0 0 1]
8,192,-1.0,[1 0 0 1 1 1 0 0]
8,193,-1.0,[0 0 1 1 0 1 1 1]
8,194,-1.0,[0 1 0 0 1 1 0 1]
8,195,-1.0,[0 0 1 1 0 0 1 0]
8,196,-1.0,[0 1 1 1 0 1 0 0]
8,197,-1.0,[0 0 1 0 0 1 1 1]
8,198,-1.0,[0 0 1 1 0 1 1 1]
8,199,-1.0,[1 0 0 1 1 0 0 1]
8,200,-1.0,[0 1 1 0 0 1 1 1]
8,201,-1.0,[0 1 1 0 0 1 1 0]
8,202,-1.0,[0 0 1 1 0 1 1 0]
8,203,-1.0,[1 0 1 1 0 0 0 1]
8,204,-1.0,[1 0 1 0 0 1 0 0]
8,205,-1.0,[0 1 0 0 0 0 0 1]
8,206,-1.0,[0 1 1 0 0 0 0 0]
8,207,-1.0,[0 1 0 0 1 0 1 1]
8,208,-1.0,[1 1 1 0 1 0 1 1]
8,209,-1.0,[0 0 1 1 0 1 1 1]
8,210,-1.0,[0 0 0 0 0 0 1 0]
8,211,-1.0,[1 0 0 1 0 0 0 1]
8,212,-1.0,[1 1 0 1 1 0 1 0]
8,213,-1.0,[1 0 1 1 1 0 1 0]
8,214,-1.0,[1 0 0 1 0 1 0 1]
8,215,-1.0,[0 0 0 1 1 0 1 1]
8,216,-1.0,[0 0 1 1 1 1 1 1]
8,217,-1.0,[1 1 0 0 0 0 1 1]
8,218,-1.0,[1 1 1 1 0 0 0 1]
8,219,-1.0,[0 0 0 1 1 0 0 0]
8,220,-1.0,[1 1 1 0 0 1 1 0]
8,221,-1.0,[0 1 0 0 1 0 1 0]
8,222,-1.0,[0 1 0 0 1 1 0 0]
8,223,-1.0,[0 1 0 0 1 1 1 0]
8,224,0.0,[0 0 0 0 0 0 0 0]
8,225,-1.0,[1 0 0 1 1 1 1 1]
8,226,-1.0,[1 1 0 1 1 0 1 0]
8,227,-1.0,[1 1 0 0 1 0 0 1]
8,228,-1.0,[0 1 0 0 0 1 1 1]
8,229,-1.0,[0 0 0 1 0 0 1 0]
8,230,-1.0,[0 0 0 1 0 0 1 1]
8,231,-1.0,[0 1 0 0 0 1 0 1]
8,232,-1.0,[1 0 0 0 1 1 0 0]
8,233,-1.0,[0 1 1 1 0 1 1 1]
8,234,-1.0,[0 0 0 1 0 0 1 0]
8,235,-1.0,[0 1 1 0 1 1 1 1]
8,236,-1.0,[1 1 1 1 0 0 1 0]
8,237,-1.0,[0 1 0 1 1 1 0 1]
8,238,-1.0,[1 1 0 1 1 1 1 1]
8,239,-1.0,[0 1 0 1 1 0 0 1]
8,240,-1.0,[1 0 0 0 0 0 1 1]
8,241,-1.0,[1 0 1 0 1 1 0 1]
8,242,-1.0,[0 1 1 0 0 1 0 0]
8,243,-1.0,[0 1 1 0 1 0 1 1]
8,244,-1.0,[1 1 1 1 0 1 1 1]
8,245,-1.0,[1 0 1 1 1 0 1 1]
8,246,-1.0,[1 1 1 1 0 0 1 0]
8,247,-1.0,[0 1 0 0 0 1 1 0]
8,248,-1.0,[0 1 1 0 0 1 1 1]
8,249,-1.0,[1 1 0 1 1 1 0 1]
8,250,-1.0,[1 1 0 0 0 0 1 1]
8,251,-1.0,[0 1 1 1 1 0 1 0]
8,252,-1.0,[1 1 0 0 1 1 1 1]
8,253,-1.0,[1 1 1 1 0 0 1 0]
8,254,-1.0,[0 1 0 0 1 0 1 1]
8,255,-1.0,[0 0 1 0 0 1 0 0]
8,256,-1.0,[0 0 0 1 1 1 1 1]
8,257,-1.0,[1 0 1 0 0 1 0 1]
8,258,-1.0,[0 1 1 0 1 1 0 0]
8,259,-1.0,[0 1 1 0 1 0 0 0]
8,260,-1.0,[1 1 1 0 1 1 1 1]
8,261,-1.0,[1 1 1 1 1 1 1 0]
8,262,-1.0,[1 0 1 0 0 1 1 1]
8,263,-1.0,[1 1 0 1 0 1 1 1]
8,264,-1.0,[1 0 1 0 1 0 0 1]
8,265,-1.0,[1 0 1 0 0 1 0 0]
8,266,-1.0,[0 1 0 0 1 0 0 1]
8,267,-1.0,[1 0 1 1 1 0 0 1]
8,268,-1.0,[1 1 0 0 1 1 1 0]
8,269,-1.0,[1 1 0 1 0 0 0 0]
8,270,-1.0,[0 0 1 0 0 0 0 1]
8,271,-1.0,[1 1 0 0 1 1 1 0]
8,272,-1.0,[0 1 0 0 0 0 0 1]
8,273,-1.0,[0 1 1 1 0 0 1 0]
8,274,-1.0,[1 0 1 0 1 0 0 0]
8,275,-1.0,[1 1 1 0 0 1 0 0]
8,276,-1.0,[1 1 0 0 0 1 1 0]
8,277,-1.0,[0 0 0 1 1 0 0 0]
8,278,-1.0,[0 0 1 0 0 1 1 0]
8,279,-1.0,[0 0 0 1 0 0 0 1]
8,280,-1.0,[0 1 0 0 1 0 0 1]
8,281,-1.0,[1 0 1 1 0 0 0 0]
8,282,-1.0,[1 0 0 0 0 0 1 1]
8,283,-1.0,[1 1 0 1 0 0 0 0]
8,284,-1.0,[1 1 1 0 1 0 0 0]
8,285,-1.0,[1 1 1 0 0 1 0 0]
8,286,-1.0,[0 0 1 0 0 0 0 1]
8,287,-1.0,[1 1 1 0 0 0 1 1]
8,288,-1.0,[1 0 0 0 1 1 1 0]
8,289,-1.0,[0 1 0 0 0 1 0 0]
8,290,-1.0,[1 1 1 0 1 1 1 1]
8,291,-1.0,[0 1 0 1 0 0 1 0]
8,292,-1.0,[1 1 1 1 0 1 1 1]
8,293,-1.0,[1 0 0 1 0 1 0 1]
8,294,-1.0,[0 0 0 1 0 1 1 0]
8,295,-1.0,[1 0 1 0 1 0 1 1]
8,296,-1.0,[0 1 1 1 1 0 1 0]
8,297,-1.0,[0 1 0 0 0 0 0 1]
8,298,-1.0,[0 0 1 0 0 0 0 1]
8,299,169.99999999999974,[1 1 0 0 0 1 0 1]
9,0,-1.0,[1 1 0 0 0 1 0 1]
9,1,-1.0,[0 1 1 0 0 1 1 1]
9,2,-1.0,[1 0 0 1 0 0 0 1]
9,3,-1.0,[0 1 1 1 0 1 1 1]
9,4,-1.0,[0 0 1 1 1 0 0 0]
9,5,-1.0,[1 1 1 1 0 1 0 1]
9,6,-1.0,[1 1 1 0 0 0 1 0]
9,7,-1.0,[1 1 0 0 0 1 0 1]
9,8,-1.0,[1 0 0 1 0 1 0 1]
9,9,-1.0,[1 1 0 1 0 0 1 1]
9,10,-1.0,[0 1 0 1 1 1 1 0]
9,11,-1.0,[1 0 0 1 1 1 1 1]
9,12,-1.0,[1 0 1 1 0 1 0 1]
9,13,-1.0,[0 0 1 0 1 1 1 1]
9,14,-1.0,[0 1 1 0 0 1 0 0]
9,15,-1.0,[0 0 0 1 0 1 0 1]
9,16,-1.0,[0 0 0 1 1 0 1 1]
9,17,-1.0,[1 0 1 0 1 1 0 1]
9,18,-1.0,[1 1 0 0 0 0 1 1]
9,19,-1.0,[1 1 1 1 1 0 1 0]
9,20,-1.0,[1 0 1 1 0 1 1 1]
9,21,-1.0,[1 1 0 1 1 0 1 1]
9,22,-1.0,[1 1 0 0 1 1 1 0]
9,23,-1.0,[0 1 1 1 0 1 1 1]
9,24,-1.0,[0 1 0 0 0 1 0 0]
9,25,-1.0,[0 1 1 1 0 1 0 0]
9,26,-1.0,[0 1 0 1 0 1 0 1]
9,27,-1.0,[0 0 0 0 1 0 0 1]
9,28,-1.0,[1 0 1 1 1 1 1 1]
9,29,-1.0,[1 0 0 1 1 0 0 0]
9,30,-1.0,[0 0 0 1 0 0 1 0]
9,31,-1.0,[0 1 0 0 0 1 1 0]
9,32,-1.0,[0 1 1 0 0 0 1 0]
9,33,-1.0,[0 1 0 1 1 1 1 1]
9,34,-1.0,[0 1 1 0 0 0 1 1]
9,35,-1.0,[1 0 0 1 1 1 1 0]
9,36,-1.0,[1 1 1 0 0 0 0 0]
9,37,-1.0,[1 0 1 0 1 1 1 1]
9,38,-1.0,[1 1 0 0 0 1 0 0]
9,39,-1.0,[1 0 0 1 0 0 1 0]
9,40,-1.0,[0 1 0 0 1 0 1 0]
9,41,-1.0,[1 0 0 0 0 1 1 0]
9,42,-1.0,[1 0 1 0 1 1 0 1]
9,43,-1.0,[0 0 0 1 1 1 1 1]
9,44,-1.0,[0 1 0 0 0 1 1 1]
9,45,-1.0,[0 1 0 0 1 0 0 1]
9,46,-1.0,[0 1 1 1 1 1 0 1]
9,47,-1.0,[0 0 0 0 0 0 1 1]
9,48,-1.0,[1 0 1 1 1 0 0 0]
9,49,-1.0,[1 1 0 0 0 0 1 0]
9,50,-1.0,[1 1 1 0 0 0 1 1]
9,51,-1.0,[1 0 0 1 0 1 0 1]
9,52,-1.0,[1 0 1 1 1 0 1 0]
9,53,-1.0,[0 1 1 0 0 0 1 0]
9,54,-1.0,[1 0 0 0 0 1 1 0]
9,55,-1.0,[1 1 0 1 1 1 0 0]
9,56,-1.0,[0 1 0 1 0 1 0 0]
9,57,-1.0,[1 0 0 1 1 0 1 1]
9,58,-1.0,[0 1 0 0 1 0 1 0]
9,59,-1.0,[0 1 1 1 0 1 0 0]
9,60,-1.0,[0 0 1 1 0 0 1 0]
9,61,-1.0,[1 1 1 1 1 1 0 1]
9,62,-1.0,[0 0 0 0 1 1 0 1]
9,63,-1.0,[0 0 0 1 1 0 0 1]
9,64,-1.0,[0 0 1 0 0 0 0 1]
9,65,-1.0,[1 0 1 0 1 0 1 0]
9,66,-1.0,[0 0 1 1 1 0 1 0]
9,67,-1.0,[0 0 0 1 1 0 1 1]
9,68,-1.0,[0 1 1 0 1 1 1 1]
9,69,-1.0,[0 1 0 0 0 1 1 1]
9,70,-1.0,[0 0 0 0 1 0 0 1]
9,71,-1.0,[1 1 0 0 0 1 0 0]
9,72,-1.0,[1 0 1 1 0 1 1 1]
9,73,-1.0,[1 1 0 1 1 0 0 0]
9,74,-1.0,[0 1 1 1 0 1 1 1]
9,75,-1.0,[1 1 0 0 0 1 0 1]
9,76,-1.0,[1 1 1 1 0 1 1 0]
9,77,-1.0,[0 0 0 0 0 0 0 1]
9,78,-1.0,[0 0 0 0 1 1 1 0]
9,79,-1.0,[1 1 1 0 0 0 0 0]
9,80,-1.0,[0 1 1 1 0 1 1 1]
9,81,-1.0,[1 1 1 0 0 1 0 0]
9,82,-1.0,[0 1 0 1 1 0 0 1]
9,83,-1.0,[0 0 1 1 0 1 1 1]
9,84,-1.0,[1 1 0 1 1 1 1 0]
9,85,-1.0,[1 0 1 0 0 1 0 0]
9,86,-1.0,[1 0 1 0 1 1 1 1]
9,87,-1.0,[1 0 0 1 0 0 0 0]
9,88,-1.0,[0 0 0 0 0 0 1 0]
9,89,-1.0,[1 0 0 0 1 1 0 1]
9,90,-1.0,[0 0 0 0 1 0 0 1]
9,91,-1.0,[0 0 1 1 1 0 1 0]
9,92,-1.0,[1 0 0 0 0 0 1 0]
9,93,-1.0,[0 1 0 1 1 1 0 0]
9,94,-1.0,[1 1 0 0 0 1 1 0]
9,95,-1.0,[1 0 0 0 1 1 1 1]
9,96,-1.0,[1 0 0 1 0 1 1 1]
9,97,-1.0,[0 1 1 0 0 0 1 0]
9,98,-1.0,[1 1 0 1 1 1 0 0]
9,99,-1.0,[1 0 1 1 0 0 1 1]
9,100,-1.0,[1 1 1 1 0 0 0 1]
9,101,-1.0,[1 1 0 0 0 0 1 0]
9,102,-1.0,[0 1 0 1 1 0 0 1]
9,103,-1.0,[0 1 0 1 0 1 0 1]
9,104,-1.0,[1 0 1 1 0 1 0 1]
9,105,-1.0,[1 1 1 1 1 0 1 0]
9,106,-1.0,[0 1 1 0 1 0 1 0]
9,107,-1.0,[0 1 1 0 1 1 1 1]
9,108,-1.0,[1 1 1 0 0 0 1 1]
9,109,-1.0,[0 1 0 0 1 0 0 0]
9,110,-1.0,[1 1 1 0 0 0 1 1]
9,111,-1.0,[1 1 1 1 1 0 0 1]
9,112,-1.0,[0 0 0 1 1 0 0 1]
9,113,-1.0,[0 0 0 0 1 0 0 0]
9,114,-1.0,[1 0 1 1 1 1 0 1]
9,115,-1.0,[0 1 1 1 0 1 0 0]
9,116,-1.0,[1 0 1 1 1 0 0 1]
9,117,-1.0,[0 1 0 1 0 1 0 0]
9,118,-1.0,[0 0 1 1 1 1 1 0]
9,119,-1.0,[1 1 0 1 1 0 1 0]
9,120,-1.0,[0 1 0 0 1 1 1 1]
9,121,-1.0,[1 0 1 0 1 0 0 0]
9,122,-1.0,[1 1 0 0 1 1 0 0]
9,123,-1.0,[0 1 0 1 0 1 0 0]
9,124,-1.0,[0 1 1 0 0 1 1 0]
9,125,-1.0,[0 0 1 1 1 1 0 0]
9,126,-1.0,[0 1 1 0 1 1 1 1]
9,127,-1.0,[1 1 0 1 0 1 1 1]
9,128,-1.0,[1 1 1 0 1 0 0 1]
9,129,-1.0,[1 0 0 0 0 0 1 1]
9,130,-1.0,[0 0 0 1 0 1 0 0]
9,131,-1.0,[0 1 0 0 1 1 0 1]
9,132,-1.0,[0 0 0 1 1 1 0 0]
9,133,-1.0,[1 1 1 0 1 0 1 0]
9,134,-1.0,[0 1 1 1 0 1 1 0]
9,135,-1.0,[1 0 0 1 1 1 0 1]
9,136,-1.0,[1 1 1 0 1 1 0 0]
9,137,-1.0,[0 1 1 0 1 1 0 1]
9,138,-1.0,[1 1 0 0 1 1 0 1]
9,139,-1.0,[1 1 0 0 0 0 0 0]
9,140,-1.0,[1 0 1 0 0 0 0 1]
9,141,-1.0,[0 1 0 1 0 1 1 1]
9,142,0.0,[0 0 0 0 0 0 0 0]
9,143,-1.0,[1 0 1 1 1 1 0 0]
9,144,-1.0,[1 0 0 1 1 0 1 1]
9,145,-1.0,[1 1 0 0 1 0 1 0]
9,146,-1.0,[1 0 1 0 1 1 1 1]
9,147,-1.0,[0 0 0 0 1 1 1 0]
9,148,-1.0,[1 1 0 1 1 0 0 1]
9,149,-1.0,[0 1 1 0 1 0 1 0]
9,150,-1.0,[0 0 0 0 1 1 0 1]
9,151,-1.0,[0 0 1 1 1 1 0 0]
9,152,-1.0,[1 0 0 0 0 0 0 0]
9,153,-1.0,[1 1 1 0 1 0 1 1]
9,154,-1.0,[1 0 0 0 1 0 1 1]
9,155,-1.0,[1 1 1 0 0 0 1 1]
9,156,-1.0,[0 1 0 1 0 1 1 1]
9,157,-1.0,[0 0 0 0 1 0 1 1]
9,158,-1.0,[0 0 1 1 0 1 1 0]
9,159,-1.0,[0 1 1 1 0 1 0 0]
9,160,-1.0,[0 0 1 1 0 0 0 0]
9,161,-1.0,[0 1 1 1 1 1 0 1]
9,162,-1.0,[0 1 1 1 1 1 0 1]
9,163,-1.0,[1 1 0 0 1 1 0 1]
9,164,-1.0,[1 1 0 1 0 1 0 0]
9,165,-1.0,[1 1 1 0 0 1 1 0]
9,166,-1.0,[0 1 1 0 0 1 1 0]
9,167,-1.0,[1 0 1 1 0 0 1 1]
9,168,-1.0,[1 1 0 1 1 1 0 1]
9,169,-1.0,[0 0 0 0 1 0 0 1]
9,170,-1.0,[0 0 1 1 0 0 0 0]
9,171,-1.0,[0 1 0 0 0 0 1 0]
9,172,-1.0,[0 0 0 1 0 0 1 1]
9,173,-1.0,[1 0 0 0 0 0 1 1]
9,174,-1.0,[1 1 1 0 0 0 1 1]
9,175,-1.0,[0 1 1 0 0 1 0 1]
9,176,-1.0,[0 0 1 1 0 0 0 1]
9,177,-1.0,[1 1 1 1 0 0 1 0]
9,178,-1.0,[0 0 1 1 1 0 1 1]
9,179,-1.0,[1 0 0 0 1 1 1 1]
9,180,-1.0,[1 0 0 0 1 0 0 1]
9,181,-1.0,[1 0 0 1 1 0 1 1]
9,182,-1.0,[0 0 0 0 1 0 0 1]
9,183,-1.0,[1 0 1 1 0 0 1 0]
9,184,-1.0,[1 0 1 0 1 0 0 0]
9,185,-1.0,[0 1 0 1 1 0 1 0]
9,186,-1.0,[0 0 0 1 1 0 0 1]
9,187,-1.0,[0 0 0 0 0 0 1 0]
9,188,-1.0,[0 0 0 0 0 0 0 1]
9,189,-1.0,[1 0 1 0 1 0 0 1]
9,190,-1.0,[0 1 1 0 0 0 1 0]
9,191,-1.0,[0 1 0 0 1 0 1 0]
9,192,-1.0,[1 0 0 0 0 1 1 1]
9,193,-1.0,[0 0 0 1 0 1 1 1]
9,194,-1.0,[0 1 1 1 1 1 1 0]
9,195,-1.0,[1 1 0 1 0 1 0 0]
9,196,-1.0,[1 0 1 0 1 1 1 1]
9,197,-1.0,[0 0 1 1 1 0 0 0]
9,198,-1.0,[0 0 1 1 0 0 1 1]
9,199,-1.0,[0 1 1 1 1 1 0 0]
9,200,-1.0,[0 0 0 0 1 1 1 1]
9,201,-1.0,[0 0 1 0 1 0 0 1]
9,202,-1.0,[0 1 0 0 1 0 1 1]
9,203,-1.0,[0 0 1 0 1 1 0 1]
9,204,-1.0,[1 1 0 1 0 0 1 0]
9,205,-1.0,[0 0 1 0 0 1 1 1]
9,206,-1.0,[1 1 0 1 1 1 0 0]
9,207,-1.0,[1 1 0 0 1 0 1 0]
9,208,-1.0,[0 0 1 1 0 0 1 1]
9,209,-1.0,[1 0 1 0 0 1 0 0]
9,210,-1.0,[0 0 1 1 1 1 0 0]
9,211,-1.0,[0 0 1 1 0 1 1 1]
9,212,-1.0,[1 0 0 1 1 0 1 1]
9,213,-1.0,[0 0 0 0 1 1 1 1]
9,214,-1.0,[0 1 1 0 0 1 1 1]
9,215,-1.0,[1 0 1 1 0 1 1 0]
9,216,-1.0,[1 0 1 0 0 1 0 1]
9,217,-1.0,[1 1 1 0 1 1 1 0]
9,218,-1.0,[1 1 1 0 1 1 1 0]
9,219,-1.0,[1 1 0 1 1 0 0 0]
9,220,-1.0,[0 0 1 0 0 0 1 0]
9,221,-1.0,[1 0 0 0 0 0 0 1]
9,222,-1.0,[0 0 1 0 1 0 0 0]
9,223,-1.0,[1 0 1 1 0 0 1 1]
9,224,-1.0,[0 0 0 1 0 1 1 0]
9,225,-1.0,[1 1 1 1 0 0 0 1]
9,226,-1.0,[0 0 1 0 0 1 0 1]
9,227,-1.0,[1 1 0 0 0 1 0 0]
9,228,-1.0,[1 0 0 0 0 0 0 1]
9,229,-1.0,[1 0 0 0 0 0 1 1]
9,230,-1.0,[1 1 0 0 0 0 1 1]
9,231,-1.0,[0 0 1 0 0 0 1 0]
9,232,-1.0,[1 1 1 1 1 0 1 1]
9,233,-1.0,[0 1 1 0 1 1 0 1]
9,234,-1.0,[0 0 1 0 0 0 0 1]
9,235,-1.0,[0 0 1 1 0 1 1 1]
9,236,-1.0,[1 1 0 1 1 1 1 0]
9,237,-1.0,[0 0 1 1 0 1 1 0]
9,238,-1.0,[0 1 1 1 0 1 0 0]
9,239,-1.0,[1 1 0 0 1 0 1 1]
9,240,-1.0,[1 1 1 0 0 0 1 1]
9,241,-1.0,[0 1 0 0 0 1 1 0]
9,242,-1.0,[1 0 0 1 0 0 1 0]
9,243,-1.0,[0 1 0 0 0 0 0 1]
9,244,-1.0,[0 1 1 0 0 1 0 1]
9,245,-1.0,[1 0 1 1 1 1 0 1]
9,246,-1.0,[0 0 1 0 0 1 1 1]
9,247,-1.0,[0 1 1 0 1 1 0 1]
9,248,-1.0,[0 0 0 0 1 0 0 1]
9,249,-1.0,[1 1 1 1 1 0 1 0]
9,250,-1.0,[1 0 0 1 1 1 0 0]
9,251,-1.0,[1 1 1 0 0 1 1 0]
9,252,-1.0,[1 1 0 0 0 1 1 1]
9,253,-1.0,[0 1 0 0 0 0 1 1]
9,254,-1.0,[0 0 0 0 1 1 0 1]
9,255,-1.0,[1 0 0 1 0 1 0 0]
9,256,-1.0,[0 1 0 0 0 0 1 1]
9,257,-1.0,[1 0 0 0 0 1 1 0]
9,258,-1.0,[0 0 0 0 1 1 1 1]
9,259,-1.0,[0 0 1 1 0 1 1 1]
9,260,-1.0,[1 1 1 1 1 0 1 1]
9,261,-1.0,[0 1 0 1 1 1 0 0]
9,262,-1.0,[0 0 1 1 0 0 0 0]
9,263,-1.0,[1 1 1 0 1 1 0 0]
9,264,-1.0,[1 0 1 1 1 0 1 0]
9,265,-1.0,[1 0 0 1 0 0 1 0]
9,266,-1.0,[0 1 0 1 0 1 1 0]
9,267,-1.0,[0 0 1 0 0 1 0 0]
9,268,-1.0,[0 1 1 0 0 1 0 0]
9,269,-1.0,[1 0 0 1 1 1 0 0]
9,270,-1.0,[1 0 1 0 0 1 1 1]
9,271,-1.0,[1 1 1 0 1 1 1 0]
9,272,-1.0,[1 0 0 1 1 0 0 1]
9,273,-1.0,[0 1 1 0 1 1 0 0]
9,274,-1.0,[1 1 0 0 1 0 1 0]
9,275,-1.0,[1 1 1 0 1 0 1 0]
9,276,-1.0,[0 0 1 0 1 1 1 0]
9,277,-1.0,[0 0 0 1 1 0 0 0]
9,278,-1.0,[1 1 1 0 0 1 1 0]
9,279,-1.0,[0 1 1 1 0 1 0 0]
9,280,-1.0,[1 1 1 0 0 1 0 1]
9,281,-1.0,[1 0 1 0 1 1 1 0]
9,282,-1.0,[0 1 1 0 1 0 0 0]
9,283,-1.0,[1 0 0 1 1 1 1 1]
9,284,-1.0,[0 0 0 1 1 1 1 1]
9,285,-1.0,[0 1 1 1 0 1 1 0]
9,286,-1.0,[1 1 0 1 0 0 1 1]
9,287,-1.0,[1 1 0 1 1 0 0 1]
9,288,-1.0,[0 0 1 0 0 0 0 0]
9,289,-1.0,[1 0 1 0 1 0 0 1]
9,290,-1.0,[1 0 0 0 1 0 0 1]
9,291,-1.0,[0 1 1 1 0 1 1 1]
9,292,-1.0,[1 1 0 1 1 1 0 1]
9,293,-1.0,[0 1 0 0 0 1 0 1]
9,294,-1.0,[1 0 0 1 0 1 1 1]
9,295,-1.0,[1 1 0 0 0 1 0 1]
9,296,-1.0,[0 0 1 0 0 0 0 1]
9,297,-1.0,[0 1 0 0 1 1 1 1]
9,298,-1.0,[0 1 1 1 0 0 1 0]
9,299,79.00000000000036,[0 1 1 0 1 1 1 0]
